{"type":"FeatureCollection","name":"ne_10m_lakes","crs":{"type":"name","properties":{"name":"urn:ogc:def:crs:OGC:1.3:CRS84"}},"features":[{"type":"Feature","properties":{"name":"Lake Erie","name_en":"Erie","scalerank":0,"min_zoom":1},"geometry":{"type":"Polygon","coordinates":[[[-83.076765,42.30436],[-83.078825,42.303477],[-83.090011,42.285226],[-83.098253,42.262855],[-83.102374,42.243427],[-83.112971,42.138044],[-83.12401,42.090063],[-83.123568,42.072107],[-83.10679,42.055622],[-83.051449,42.045025],[-83.02319,42.030307],[-83.010827,42.027069],[-82.989486,42.023537],[-82.983746,42.020593],[-82.959019,42.003225],[-82.918838,41.988802],[-82.874242,41.984386],[-82.829352,41.989685],[-82.712489,42.035311],[-82.667598,42.044142],[-82.622708,42.03796],[-82.582233,42.016766],[-82.548675,41.98733],[-82.523066,41.952006],[-82.506581,41.913739],[-82.499075,41.913739],[-82.502166,41.922864],[-82.506581,41.928163],[-82.499075,41.955244],[-82.486712,42.035017],[-82.468755,42.051501],[-82.457717,42.065631],[-82.386922,42.125975],[-82.369996,42.136572],[-82.123025,42.235773],[-82.08461,42.254907],[-82.061208,42.261383],[-81.92374,42.263738],[-81.925948,42.268153],[-81.929186,42.279633],[-81.931247,42.284343],[-81.855595,42.32526],[-81.859127,42.301416],[-81.871932,42.287581],[-81.886945,42.275218],[-81.8971,42.256379],[-81.873993,42.250491],[-81.856625,42.259028],[-81.845734,42.277573],[-81.837492,42.322905],[-81.818799,42.359406],[-81.814531,42.377068],[-81.79319,42.404738],[-81.656899,42.482745],[-81.635263,42.502173],[-81.567413,42.550448],[-81.550487,42.565461],[-81.540184,42.571643],[-81.505302,42.582534],[-81.478956,42.60049],[-81.458056,42.609027],[-81.417287,42.620213],[-81.35915,42.649355],[-81.229041,42.669666],[-80.932469,42.666722],[-80.778958,42.636403],[-80.755556,42.634342],[-80.703601,42.611676],[-80.577466,42.590776],[-80.553622,42.58224],[-80.511234,42.572231],[-80.358312,42.579296],[-80.331378,42.576352],[-80.251605,42.558102],[-80.152551,42.551331],[-80.124881,42.544267],[-80.109721,42.542501],[-80.088233,42.553098],[-80.073662,42.556924],[-80.058355,42.558691],[-80.046139,42.558102],[-80.095592,42.571348],[-80.300028,42.582534],[-80.328581,42.58901],[-80.341092,42.60314],[-80.443383,42.599607],[-80.453833,42.618152],[-80.443972,42.637286],[-80.403938,42.671726],[-80.387012,42.67938],[-80.379212,42.684973],[-80.370381,42.688211],[-80.358018,42.671138],[-80.347862,42.6679],[-80.334763,42.679674],[-80.318426,42.720591],[-80.303413,42.729422],[-80.287959,42.735603],[-80.231735,42.777697],[-80.187728,42.792416],[-79.874819,42.832449],[-79.834638,42.832449],[-79.796076,42.845401],[-79.775029,42.848639],[-79.734849,42.863357],[-79.717334,42.867184],[-79.695698,42.862474],[-79.64286,42.845107],[-79.625051,42.849228],[-79.606212,42.858648],[-79.57913,42.861591],[-79.495531,42.85747],[-79.484492,42.859531],[-79.476103,42.864829],[-79.469038,42.871894],[-79.460354,42.878076],[-79.446961,42.880725],[-79.368512,42.873071],[-79.202933,42.880136],[-79.156129,42.873366],[-79.113004,42.853643],[-79.094901,42.850111],[-79.087248,42.863357],[-79.07665,42.870422],[-78.965381,42.88985],[-78.943451,42.898975],[-78.925789,42.911339],[-78.915339,42.931944],[-78.926966,42.945779],[-78.970532,42.961969],[-79.019838,42.98964],[-79.04221,43.009951],[-79.042504,43.027613],[-79.031907,43.055283],[-79.053543,43.073828],[-79.075473,43.08884],[-79.066201,43.106208],[-79.026167,43.086485],[-78.914897,43.076477],[-78.887963,43.051456],[-78.893114,43.029379],[-78.927997,43.002003],[-78.936386,42.979631],[-78.932118,42.9708],[-78.913426,42.957848],[-78.90901,42.952255],[-78.901651,42.908101],[-78.896205,42.897209],[-78.875011,42.867184],[-78.869418,42.854526],[-78.867505,42.845696],[-78.867505,42.822441],[-78.87089,42.798303],[-78.880604,42.780641],[-78.895911,42.767689],[-78.915928,42.757386],[-78.993934,42.731188],[-79.031318,42.714115],[-79.059283,42.688505],[-79.08033,42.65171],[-79.096373,42.634342],[-79.117714,42.626983],[-79.12213,42.622862],[-79.138761,42.59578],[-79.150683,42.581062],[-79.156129,42.576941],[-79.169228,42.571643],[-79.235166,42.556924],[-79.255918,42.535436],[-79.308315,42.509826],[-79.358063,42.494519],[-79.368365,42.489809],[-79.37543,42.483333],[-79.383967,42.473914],[-79.394122,42.465671],[-79.423853,42.454486],[-79.470804,42.407093],[-79.526733,42.383838],[-79.542776,42.370003],[-79.560144,42.358229],[-79.628436,42.338801],[-79.703499,42.294352],[-79.731463,42.284343],[-79.751775,42.27198],[-79.889095,42.229591],[-79.932956,42.205454],[-79.974167,42.195445],[-80.019204,42.167186],[-80.061887,42.155412],[-80.111046,42.131568],[-80.135478,42.125975],[-80.135478,42.133629],[-80.129297,42.138044],[-80.116639,42.151291],[-80.111635,42.15394],[-80.087203,42.154529],[-80.076753,42.158061],[-80.067333,42.167186],[-80.089557,42.174251],[-80.10825,42.166009],[-80.12444,42.153351],[-80.149608,42.141282],[-80.16256,42.118322],[-80.173157,42.113023],[-80.181988,42.110963],[-80.210688,42.092418],[-80.375827,42.023537],[-80.439262,42.013823],[-80.454275,42.007052],[-80.47017,41.997044],[-80.780577,41.919037],[-80.812369,41.90167],[-80.85093,41.897549],[-80.869328,41.893428],[-80.87757,41.888423],[-80.890081,41.876649],[-80.895968,41.872822],[-80.931733,41.867229],[-80.957196,41.85516],[-81.026224,41.845446],[-81.348406,41.729467],[-81.672206,41.522234],[-81.709002,41.513404],[-81.743001,41.497508],[-81.766697,41.495447],[-81.799077,41.508105],[-81.807761,41.509577],[-81.819094,41.505456],[-81.839111,41.492209],[-81.852063,41.489266],[-81.877525,41.490149],[-81.99792,41.511932],[-82.04075,41.511049],[-82.173214,41.48279],[-82.250926,41.450115],[-82.294345,41.44099],[-82.363079,41.438929],[-82.37971,41.431276],[-82.39384,41.420973],[-82.438436,41.39919],[-82.458158,41.393597],[-82.504815,41.395658],[-82.546468,41.411554],[-82.616379,41.454531],[-82.625799,41.458946],[-82.643608,41.465128],[-82.650673,41.46866],[-82.659945,41.477785],[-82.666863,41.486322],[-82.674074,41.492504],[-82.684672,41.495447],[-82.67172,41.473959],[-82.629773,41.445994],[-82.60902,41.427744],[-82.657149,41.454236],[-82.683936,41.464539],[-82.708957,41.46866],[-82.720878,41.467777],[-82.73648,41.463067],[-82.746194,41.46189],[-82.759587,41.462773],[-82.767388,41.465717],[-82.787699,41.476019],[-82.829057,41.470721],[-82.87851,41.446877],[-82.925609,41.432453],[-82.959019,41.454531],[-82.968439,41.447466],[-82.979477,41.443639],[-82.98875,41.445994],[-82.992576,41.458063],[-83.00229,41.460124],[-83.061458,41.46189],[-83.045268,41.468366],[-83.009061,41.469543],[-82.992576,41.476019],[-82.979183,41.46866],[-82.971971,41.472781],[-82.96682,41.481907],[-82.959019,41.489266],[-82.949894,41.492504],[-82.939738,41.49427],[-82.914423,41.495447],[-82.867472,41.50369],[-82.845394,41.504573],[-82.821845,41.495447],[-82.800062,41.508694],[-82.766358,41.51517],[-82.69836,41.51723],[-82.704688,41.533715],[-82.71087,41.543134],[-82.721026,41.548139],[-82.758999,41.551671],[-82.769448,41.550788],[-82.785638,41.543723],[-82.793439,41.548139],[-82.799768,41.554615],[-82.804478,41.558147],[-82.815811,41.574926],[-82.828174,41.586406],[-82.845836,41.591704],[-82.84407,41.586111],[-82.846425,41.573454],[-82.850987,41.559619],[-82.855991,41.550788],[-82.868944,41.541957],[-82.884545,41.536364],[-82.918102,41.530771],[-82.937825,41.53136],[-82.972707,41.541368],[-82.989486,41.543723],[-83.018922,41.553731],[-83.069994,41.601713],[-83.095604,41.619669],[-83.122244,41.619669],[-83.156096,41.626145],[-83.218501,41.646162],[-83.244847,41.660291],[-83.291503,41.697675],[-83.314758,41.708861],[-83.326091,41.70945],[-83.349493,41.703268],[-83.366272,41.701502],[-83.381726,41.702974],[-83.459144,41.721519],[-83.464589,41.729172],[-83.466208,41.746246],[-83.462382,41.759492],[-83.453109,41.76744],[-83.441776,41.769206],[-83.432062,41.763613],[-83.424556,41.763613],[-83.423967,41.790106],[-83.420729,41.810417],[-83.412634,41.82749],[-83.370834,41.877532],[-83.354056,41.889601],[-83.335805,41.887246],[-83.326385,41.914916],[-83.309607,41.935227],[-83.287088,41.94347],[-83.260153,41.934344],[-83.253972,41.946708],[-83.252794,41.95966],[-83.25721,41.972317],[-83.266924,41.98262],[-83.237046,41.985269],[-83.221297,41.994689],[-83.199367,42.03796],[-83.194363,42.030601],[-83.1898,42.025303],[-83.178173,42.016766],[-83.182147,42.023831],[-83.183472,42.029718],[-83.185091,42.044142],[-83.188034,42.050912],[-83.197307,42.061215],[-83.199367,42.065336],[-83.196865,42.079466],[-83.191125,42.088002],[-83.187887,42.095361],[-83.191861,42.105664],[-83.187445,42.11008],[-83.178173,42.125975],[-83.146087,42.232829],[-83.125482,42.268448],[-83.081622,42.30907],[-83.076765,42.30436]],[[-78.981718,42.979043],[-78.964351,42.976393],[-78.91269,43.037032],[-78.908569,43.049396],[-78.917399,43.058521],[-78.943304,43.065291],[-78.958905,43.070884],[-78.975536,43.069707],[-78.993051,43.066174],[-79.011449,43.065291],[-79.00983,43.050867],[-79.023076,43.017015],[-79.022046,43.010539],[-79.01189,43.004358],[-78.998055,42.991111],[-78.981718,42.979043]],[[-83.14491,42.107725],[-83.141819,42.137161],[-83.143438,42.194856],[-83.150944,42.188675],[-83.16684,42.132451],[-83.169784,42.102426],[-83.157715,42.092418],[-83.14491,42.107725]],[[-82.638309,41.747423],[-82.622708,41.749778],[-82.628742,41.759786],[-82.644344,41.824546],[-82.644344,41.838087],[-82.67746,41.808062],[-82.684377,41.795404],[-82.685849,41.744479],[-82.683494,41.733588],[-82.67481,41.729467],[-82.6623,41.732999],[-82.638309,41.747423]]]}},{"type":"Feature","properties":{"name":"Lake Ontario","name_en":"Ontario","scalerank":0,"min_zoom":1},"geometry":{"type":"Polygon","coordinates":[[[-76.087236,43.970461],[-76.120057,43.96634],[-76.133451,43.956626],[-76.140515,43.941613],[-76.141693,43.92925],[-76.145814,43.916887],[-76.161268,43.901285],[-76.204834,43.874498],[-76.215873,43.860369],[-76.243249,43.874498],[-76.238244,43.880974],[-76.228972,43.901285],[-76.278425,43.883918],[-76.291671,43.874498],[-76.303152,43.858603],[-76.297264,43.851538],[-76.282399,43.846534],[-76.266798,43.835936],[-76.261058,43.831227],[-76.248253,43.823868],[-76.243249,43.819158],[-76.240158,43.811799],[-76.240011,43.804145],[-76.238686,43.796492],[-76.225292,43.777064],[-76.216461,43.749688],[-76.209691,43.737325],[-76.218964,43.717896],[-76.220435,43.69523],[-76.216609,43.671093],[-76.209691,43.648132],[-76.201154,43.661967],[-76.191735,43.671387],[-76.180843,43.674331],[-76.168186,43.668443],[-76.210427,43.623406],[-76.215431,43.601328],[-76.188055,43.58661],[-76.207336,43.573364],[-76.246339,43.538334],[-76.266798,43.53127],[-76.33406,43.520967],[-76.359964,43.524499],[-76.401469,43.536274],[-76.419278,43.533919],[-76.471234,43.495357],[-76.490367,43.484171],[-76.594867,43.447376],[-76.633134,43.427065],[-76.667869,43.401455],[-76.712759,43.338755],[-76.736897,43.351119],[-76.751027,43.353768],[-76.757208,43.342582],[-76.762507,43.338461],[-76.826973,43.316678],[-76.930147,43.300783],[-76.935299,43.297839],[-76.941333,43.289008],[-76.941775,43.281649],[-76.940597,43.275467],[-76.942216,43.270463],[-76.945896,43.264281],[-76.945601,43.261338],[-76.947073,43.259277],[-76.956346,43.256922],[-76.966501,43.256039],[-76.975774,43.2581],[-76.983722,43.263104],[-76.990492,43.270463],[-76.98799,43.27429],[-76.983133,43.284298],[-77.366689,43.297839],[-77.412463,43.290774],[-77.538009,43.256922],[-77.583194,43.257217],[-77.624699,43.271346],[-77.69623,43.319033],[-77.701087,43.320799],[-77.723606,43.325215],[-77.7239,43.335812],[-77.748774,43.344643],[-78.106573,43.394096],[-78.226968,43.379966],[-78.380185,43.396156],[-78.689414,43.361422],[-78.754175,43.338167],[-78.862059,43.324332],[-78.990696,43.286947],[-79.059283,43.278116],[-79.079005,43.271346],[-79.174379,43.259572],[-79.195574,43.249858],[-79.230603,43.228958],[-79.291242,43.210413],[-79.309492,43.198933],[-79.330392,43.190102],[-79.353206,43.193928],[-79.395005,43.209824],[-79.444458,43.213651],[-79.544984,43.20953],[-79.593701,43.216006],[-79.692313,43.241321],[-79.740442,43.261926],[-79.772527,43.291657],[-79.774735,43.329336],[-79.748684,43.362305],[-79.683041,43.41529],[-79.616956,43.49418],[-79.611804,43.51508],[-79.609155,43.536568],[-79.601207,43.558645],[-79.589286,43.571009],[-79.570888,43.582195],[-79.549694,43.590142],[-79.529088,43.59338],[-79.508188,43.600151],[-79.495089,43.615458],[-79.484639,43.633708],[-79.470804,43.648132],[-79.447255,43.651959],[-79.386174,43.6446],[-79.371456,43.6446],[-79.355119,43.659612],[-79.33834,43.670504],[-79.280203,43.699057],[-79.200872,43.754103],[-79.156129,43.772648],[-79.135082,43.784423],[-79.128459,43.792076],[-79.116684,43.81121],[-79.107706,43.819158],[-79.09652,43.825045],[-79.088425,43.826517],[-79.062668,43.825634],[-79.041032,43.829755],[-78.977303,43.860369],[-78.952723,43.865667],[-78.878396,43.860369],[-78.854847,43.863312],[-78.810692,43.876853],[-78.670134,43.897164],[-78.607434,43.915415],[-78.582119,43.914532],[-78.501316,43.901285],[-78.480122,43.904523],[-78.422426,43.92925],[-78.279512,43.958686],[-78.020766,43.97782],[-78.001633,43.982235],[-77.906553,43.985768],[-77.803231,44.019031],[-77.782184,44.021386],[-77.718307,44.008434],[-77.675183,44.004313],[-77.68475,44.01491],[-77.701528,44.020208],[-77.737147,44.025507],[-77.725961,44.03787],[-77.708888,44.044641],[-77.69049,44.043169],[-77.675183,44.031689],[-77.660759,44.037576],[-77.61631,44.045524],[-77.600709,44.045229],[-77.531828,44.017854],[-77.541836,44.010494],[-77.553316,44.005785],[-77.566121,44.003724],[-77.579515,44.004313],[-77.563766,43.991066],[-77.491794,43.95221],[-77.47737,43.948678],[-77.439103,43.949561],[-77.360066,43.968106],[-77.318414,43.972227],[-77.291626,43.956626],[-77.271904,43.965162],[-77.250563,43.970167],[-77.264251,43.947795],[-77.283973,43.94544],[-77.325773,43.962513],[-77.300457,43.923363],[-77.256156,43.921008],[-77.207144,43.938081],[-77.168141,43.956626],[-77.181534,43.935726],[-77.236286,43.88068],[-77.219949,43.876264],[-77.168141,43.874498],[-77.16711,43.871849],[-77.168141,43.867139],[-77.168288,43.862429],[-77.164903,43.860369],[-77.130609,43.860369],[-77.122809,43.861841],[-77.116333,43.865079],[-77.110298,43.870671],[-77.085424,43.887156],[-76.976362,43.915415],[-76.924849,43.937198],[-76.90807,43.942202],[-76.864946,43.942791],[-76.849786,43.946912],[-76.856556,43.959569],[-76.887317,43.965751],[-76.971064,43.951622],[-77.003591,43.962513],[-77.02979,43.94073],[-77.041564,43.938081],[-77.044508,43.956626],[-77.036413,43.97105],[-77.013011,43.988123],[-77.017279,43.997248],[-76.991375,44.012849],[-76.927351,44.032866],[-76.901152,44.052],[-76.898209,44.05877],[-76.895854,44.074077],[-76.890555,44.082319],[-76.884668,44.087323],[-76.871274,44.096154],[-76.852582,44.112344],[-76.850227,44.115877],[-76.876867,44.113522],[-76.890997,44.108223],[-76.920728,44.084674],[-77.009037,44.049645],[-77.028759,44.051705],[-77.062611,44.05877],[-77.081892,44.055827],[-77.12119,44.044641],[-77.133994,44.045229],[-77.108238,44.073194],[-77.091606,44.105574],[-77.066291,44.182403],[-77.082628,44.179754],[-77.141648,44.163858],[-77.171526,44.150906],[-77.185361,44.148257],[-77.247177,44.148257],[-77.262337,44.144724],[-77.287652,44.127063],[-77.298985,44.120881],[-77.298985,44.113522],[-77.290449,44.114111],[-77.264251,44.113522],[-77.264251,44.10734],[-77.306492,44.094683],[-77.327686,44.094977],[-77.340049,44.10734],[-77.33166,44.110578],[-77.326656,44.114699],[-77.318855,44.127063],[-77.324595,44.130301],[-77.327686,44.133833],[-77.330041,44.137365],[-77.333132,44.140898],[-77.325037,44.141781],[-77.305314,44.148257],[-77.305314,44.154438],[-77.389355,44.147962],[-77.40687,44.14914],[-77.415112,44.148257],[-77.42409,44.143547],[-77.443077,44.130006],[-77.452938,44.127063],[-77.490175,44.120881],[-77.552433,44.090267],[-77.586432,44.079376],[-77.583636,44.099392],[-77.572891,44.114405],[-77.555965,44.123825],[-77.508573,44.128829],[-77.376698,44.172395],[-77.345348,44.177693],[-77.336223,44.181226],[-77.327097,44.180931],[-77.315764,44.1721],[-77.306492,44.168274],[-77.293981,44.168862],[-77.271757,44.175633],[-77.263367,44.180637],[-77.255125,44.187702],[-77.246442,44.193883],[-77.236286,44.195355],[-77.224953,44.190351],[-77.204936,44.172689],[-77.192279,44.168568],[-77.17079,44.171806],[-77.038473,44.215077],[-77.014188,44.217138],[-76.99947,44.215077],[-77.002266,44.210073],[-77.020959,44.199182],[-77.034794,44.187113],[-77.039651,44.180637],[-77.044508,44.168568],[-77.049218,44.141486],[-77.039356,44.136188],[-77.021989,44.143547],[-76.921758,44.203009],[-76.914987,44.194178],[-76.90704,44.187702],[-76.897914,44.183581],[-76.887464,44.182403],[-76.896148,44.170334],[-76.906745,44.166802],[-76.931913,44.168568],[-76.946337,44.166507],[-76.974008,44.156793],[-76.986812,44.154438],[-77.003738,44.146491],[-77.072472,44.092916],[-77.063494,44.088795],[-77.053339,44.085852],[-77.042594,44.084969],[-77.031556,44.085557],[-77.034499,44.082025],[-77.036707,44.078787],[-77.039651,44.075549],[-77.044508,44.072605],[-77.044508,44.066424],[-76.973713,44.076726],[-76.962674,44.082319],[-76.953255,44.098509],[-76.931325,44.110578],[-76.887464,44.127063],[-76.836687,44.164152],[-76.794593,44.172689],[-76.73675,44.203009],[-76.695686,44.217138],[-76.659332,44.22332],[-76.65109,44.227146],[-76.637991,44.235977],[-76.63019,44.233622],[-76.624009,44.227146],[-76.616502,44.22332],[-76.544236,44.22538],[-76.523042,44.23009],[-76.503466,44.23951],[-76.486541,44.254228],[-76.477121,44.259232],[-76.468584,44.255111],[-76.460489,44.247752],[-76.452394,44.243925],[-76.441356,44.24628],[-76.407651,44.264236],[-76.332588,44.292201],[-76.322433,44.299266],[-76.315221,44.306036],[-76.307273,44.310746],[-76.260322,44.320165],[-76.235742,44.33194],[-76.168186,44.332529],[-76.151701,44.339299],[-76.108283,44.36226],[-76.089002,44.367264],[-76.009523,44.374623],[-75.973905,44.38522],[-75.941525,44.40141],[-75.844532,44.487659],[-75.811858,44.504437],[-75.791988,44.497078],[-75.779184,44.48236],[-75.772266,44.463815],[-75.770205,44.446153],[-75.780803,44.432318],[-75.845415,44.40141],[-75.84674,44.398172],[-75.847623,44.392579],[-75.849095,44.386103],[-75.852922,44.381099],[-75.856601,44.379333],[-75.908998,44.363731],[-75.914297,44.357255],[-75.923863,44.347836],[-76.053825,44.265708],[-76.183493,44.223025],[-76.357462,44.131478],[-76.366146,44.117349],[-76.3607,44.09586],[-76.347012,44.088795],[-76.32935,44.084969],[-76.311541,44.072605],[-76.306537,44.061125],[-76.309186,44.053472],[-76.313013,44.046996],[-76.311541,44.039048],[-76.304329,44.033455],[-76.295204,44.032572],[-76.28755,44.037282],[-76.284165,44.048762],[-76.274746,44.062008],[-76.209691,44.085557],[-76.201007,44.072017],[-76.161268,44.077315],[-76.146991,44.066424],[-76.154351,44.061419],[-76.157147,44.058181],[-76.161268,44.045229],[-76.153615,44.051117],[-76.145372,44.055532],[-76.136394,44.058181],[-76.126533,44.05877],[-76.132715,44.045818],[-76.144342,44.032572],[-76.158325,44.022269],[-76.18467,44.012555],[-76.201743,44.00078],[-76.212193,43.9893],[-76.206011,43.983707],[-76.143901,43.983707],[-76.125356,43.988123],[-76.097833,44.006962],[-76.08179,44.011083],[-76.065158,44.007845],[-76.057946,43.999603],[-76.060301,43.988417],[-76.071929,43.976348],[-76.087236,43.970461]],[[-76.05147,44.340182],[-76.05147,44.332529],[-76.038371,44.329291],[-76.037488,44.319871],[-76.038665,44.308391],[-76.030865,44.299266],[-76.02174,44.300737],[-75.993039,44.319577],[-75.975377,44.324875],[-75.9533,44.337239],[-75.933283,44.35284],[-75.918712,44.370796],[-75.916063,44.373445],[-75.914444,44.376389],[-75.914297,44.381099],[-75.927837,44.38051],[-75.93814,44.376095],[-75.955213,44.360493],[-75.960659,44.376095],[-75.973022,44.36903],[-75.99613,44.340182],[-76.003047,44.346364],[-76.000398,44.348424],[-75.999221,44.348424],[-75.99819,44.349602],[-75.99613,44.353723],[-76.007757,44.353723],[-76.017618,44.351368],[-76.025566,44.347247],[-76.030865,44.340182],[-76.03322,44.340771],[-76.037488,44.34136],[-76.043522,44.34136],[-76.05147,44.340182]],[[-76.158325,44.285136],[-76.160091,44.276011],[-76.15803,44.267769],[-76.150671,44.264236],[-76.126533,44.268652],[-76.08856,44.29014],[-76.065158,44.299266],[-76.065305,44.303387],[-76.066777,44.306625],[-76.071929,44.312806],[-76.078552,44.313395],[-76.086205,44.309863],[-76.095331,44.307508],[-76.106075,44.312806],[-76.117849,44.305447],[-76.143753,44.299266],[-76.154498,44.292201],[-76.158325,44.285136]],[[-76.640493,44.175633],[-76.636813,44.198887],[-76.660068,44.200654],[-76.716145,44.182403],[-76.794298,44.162681],[-76.815198,44.1512],[-76.814609,44.132361],[-76.778403,44.122942],[-76.736456,44.120881],[-76.719383,44.124119],[-76.703193,44.124708],[-76.658891,44.163269],[-76.640493,44.175633]],[[-76.313896,44.288963],[-76.353194,44.264236],[-76.275481,44.269535],[-76.238686,44.279838],[-76.205864,44.301915],[-76.195414,44.312806],[-76.241924,44.310746],[-76.279161,44.303681],[-76.313896,44.288963]],[[-76.416187,44.222731],[-76.435027,44.22332],[-76.406032,44.215372],[-76.252815,44.216255],[-76.222054,44.219787],[-76.195414,44.230679],[-76.181285,44.240982],[-76.190705,44.244514],[-76.225881,44.243925],[-76.244279,44.242748],[-76.271508,44.238038],[-76.359964,44.237155],[-76.379686,44.233622],[-76.416187,44.222731]],[[-76.408534,44.13501],[-76.359964,44.154438],[-76.379686,44.161798],[-76.365262,44.177988],[-76.356284,44.184758],[-76.353782,44.187407],[-76.350986,44.189173],[-76.346276,44.189173],[-76.367912,44.200948],[-76.401322,44.210956],[-76.435468,44.214194],[-76.459606,44.206247],[-76.499345,44.166507],[-76.502289,44.150023],[-76.469173,44.148257],[-76.473441,44.140603],[-76.47771,44.134716],[-76.483008,44.130006],[-76.489631,44.127063],[-76.489631,44.120881],[-76.480064,44.125296],[-76.471086,44.126768],[-76.456074,44.127063],[-76.448862,44.125591],[-76.441356,44.122058],[-76.433261,44.120292],[-76.42443,44.124119],[-76.408534,44.13501]],[[-76.215873,44.031689],[-76.212782,44.042874],[-76.223968,44.043758],[-76.241335,44.038165],[-76.256201,44.031689],[-76.274451,44.019325],[-76.280338,44.008728],[-76.277395,43.976348],[-76.24163,43.996954],[-76.228236,44.009317],[-76.215873,44.031689]]]}},{"type":"Feature","properties":{"name":"Lake Saint Clair","name_en":"Saint Clair","scalerank":0,"min_zoom":1},"geometry":{"type":"Polygon","coordinates":[[[-83.081622,42.30907],[-83.061899,42.32732],[-83.042618,42.340861],[-82.979624,42.359406],[-82.947686,42.363527],[-82.937972,42.366176],[-82.923842,42.374419],[-82.905739,42.387665],[-82.889991,42.403266],[-82.883367,42.41769],[-82.881307,42.430348],[-82.872329,42.449776],[-82.869679,42.461845],[-82.871151,42.472147],[-82.880424,42.486277],[-82.883367,42.49658],[-82.881307,42.516008],[-82.873801,42.538674],[-82.863498,42.557513],[-82.852606,42.565461],[-82.808305,42.579296],[-82.795058,42.581651],[-82.785197,42.581945],[-82.778132,42.586066],[-82.773422,42.599607],[-82.797707,42.610793],[-82.814339,42.631693],[-82.814781,42.652004],[-82.791231,42.661129],[-82.766799,42.665545],[-82.747665,42.675847],[-82.728826,42.689388],[-82.705277,42.702046],[-82.692914,42.695276],[-82.650673,42.681735],[-82.631392,42.68144],[-82.631539,42.669371],[-82.639634,42.654653],[-82.644344,42.640524],[-82.638751,42.633459],[-82.629331,42.626394],[-82.625357,42.616092],[-82.636985,42.599607],[-82.616673,42.582828],[-82.60902,42.579296],[-82.637132,42.568405],[-82.644932,42.561634],[-82.644344,42.551331],[-82.635807,42.541912],[-82.602544,42.515713],[-82.592536,42.51012],[-82.521741,42.51277],[-82.48627,42.505411],[-82.465665,42.482745],[-82.446089,42.497168],[-82.435345,42.50129],[-82.420921,42.502761],[-82.415917,42.496874],[-82.417095,42.483628],[-82.422687,42.469793],[-82.43093,42.461845],[-82.418566,42.444772],[-82.410471,42.424166],[-82.407528,42.402383],[-82.41106,42.3806],[-82.438878,42.339095],[-82.478764,42.32526],[-82.575462,42.32526],[-82.587531,42.322316],[-82.611964,42.313191],[-82.626387,42.310836],[-82.773422,42.310836],[-82.847013,42.329675],[-82.947686,42.343216],[-82.972118,42.338801],[-82.995079,42.324671],[-83.007589,42.319373],[-83.01745,42.322022],[-83.030549,42.328498],[-83.043207,42.323788],[-83.054982,42.315546],[-83.076765,42.30436],[-83.081622,42.30907]]]}},{"type":"Feature","properties":{"name":"Lake Okeechobee","name_en":"Okeechobee","scalerank":1,"min_zoom":1.7},"geometry":{"type":"Polygon","coordinates":[[[-80.628391,27.011555],[-80.61853,26.977703],[-80.614703,26.937964],[-80.620443,26.897342],[-80.636044,26.866139],[-80.659005,26.839941],[-80.687411,26.814036],[-80.691826,26.80079],[-80.694181,26.748982],[-80.701393,26.746921],[-80.705956,26.743389],[-80.710666,26.74074],[-80.718319,26.7428],[-80.722882,26.74751],[-80.726709,26.755164],[-80.732007,26.769587],[-80.735687,26.752514],[-80.728328,26.724844],[-80.725237,26.69894],[-80.741721,26.687754],[-80.756292,26.689815],[-80.781313,26.699234],[-80.814135,26.703356],[-80.824437,26.708948],[-80.848134,26.728671],[-80.860497,26.735147],[-80.883457,26.743095],[-80.895968,26.748982],[-80.930997,26.778418],[-80.941006,26.795492],[-80.951014,26.821984],[-80.965585,26.847594],[-80.985307,26.858485],[-80.978684,26.879091],[-80.988398,26.88174],[-81.020042,26.872026],[-81.037704,26.876147],[-81.056838,26.885861],[-81.069201,26.897047],[-81.067288,26.906761],[-81.067288,26.913532],[-81.074058,26.922068],[-81.077885,26.945617],[-81.087746,26.955037],[-81.094664,26.950327],[-81.099079,26.954448],[-81.101287,26.964162],[-81.102023,26.975642],[-81.08598,26.979175],[-81.032994,27.003018],[-80.976477,27.043641],[-80.957932,27.050705],[-80.963966,27.062185],[-80.960287,27.065718],[-80.952044,27.066895],[-80.941153,27.071899],[-80.931439,27.072194],[-80.927171,27.074254],[-80.924521,27.079553],[-80.923197,27.09015],[-80.920106,27.095154],[-80.845043,27.172572],[-80.818403,27.190823],[-80.788525,27.196415],[-80.751877,27.187879],[-80.73392,27.162269],[-80.679169,27.113405],[-80.656944,27.078081],[-80.628391,27.011555]]]}},{"type":"Feature","properties":{"name":"Lake of the Woods","name_en":"Woods","scalerank":2,"min_zoom":2},"geometry":{"type":"Polygon","coordinates":[[[-94.3306,49.090925],[-94.320738,49.069142],[-94.410078,49.006442],[-94.435688,48.994079],[-94.446579,48.986131],[-94.451142,48.975534],[-94.458059,48.966998],[-94.474102,48.964348],[-94.505746,48.965526],[-94.532975,48.961699],[-94.562558,48.95434],[-94.591259,48.941977],[-94.615544,48.923726],[-94.64969,48.874862],[-94.671473,48.85926],[-94.697524,48.869857],[-94.735203,48.853962],[-94.7876,48.854256],[-94.838672,48.866325],[-94.871935,48.886636],[-94.878853,48.893407],[-94.902991,48.910774],[-94.930366,48.94492],[-94.945526,48.958461],[-94.965101,48.969941],[-94.98762,48.9773],[-95.0122,48.979067],[-95.017645,48.976712],[-95.020589,48.967586],[-95.026476,48.965526],[-95.057237,48.965526],[-95.067687,48.962288],[-95.076224,48.954046],[-95.08373,48.944037],[-95.107574,48.918428],[-95.122733,48.906653],[-95.141426,48.898999],[-95.188524,48.893701],[-95.229882,48.883104],[-95.252401,48.882809],[-95.273889,48.889285],[-95.294789,48.90106],[-95.313334,48.916073],[-95.327611,48.93138],[-95.327611,48.937561],[-95.32349,48.945803],[-95.327905,48.969353],[-95.327611,48.979067],[-95.319369,48.989958],[-95.308477,48.995257],[-95.250046,49.007031],[-95.236064,49.014685],[-95.231942,49.027637],[-95.270357,49.053246],[-95.280365,49.061783],[-95.291257,49.087098],[-95.290374,49.112413],[-95.279188,49.136257],[-95.259318,49.157157],[-95.227085,49.171581],[-95.163208,49.175996],[-95.135685,49.191892],[-95.124794,49.185121],[-95.123764,49.178645],[-95.127296,49.170698],[-95.129504,49.160689],[-95.126266,49.150975],[-95.118024,49.150681],[-95.107868,49.154802],[-95.098448,49.157157],[-95.079756,49.159806],[-94.971725,49.192775],[-94.94479,49.215147],[-94.933016,49.247527],[-94.930366,49.291093],[-94.933604,49.307871],[-94.942435,49.322589],[-94.955387,49.334364],[-94.971283,49.342901],[-94.992183,49.344078],[-95.042078,49.335541],[-95.057237,49.339074],[-95.06548,49.343195],[-95.076224,49.344961],[-95.085055,49.348199],[-95.088587,49.355853],[-95.083877,49.367038],[-95.073575,49.370571],[-95.047671,49.369982],[-95.023827,49.374398],[-94.963482,49.395297],[-94.956859,49.389704],[-94.94744,49.384406],[-94.936842,49.382345],[-94.927128,49.386761],[-94.920064,49.395886],[-94.915501,49.409721],[-94.910497,49.417375],[-94.926981,49.422968],[-94.932574,49.428561],[-94.930514,49.435625],[-94.914765,49.457408],[-94.907259,49.461824],[-94.882532,49.46565],[-94.873113,49.46565],[-94.863104,49.464179],[-94.854273,49.467122],[-94.848386,49.480074],[-94.847944,49.490966],[-94.85133,49.499208],[-94.858394,49.504506],[-94.868844,49.506567],[-94.856481,49.517753],[-94.843235,49.521874],[-94.81424,49.520991],[-94.808353,49.519519],[-94.804379,49.51687],[-94.799374,49.514515],[-94.790102,49.513632],[-94.783184,49.515692],[-94.769938,49.525112],[-94.762726,49.527173],[-94.737999,49.529527],[-94.710771,49.536592],[-94.686191,49.547778],[-94.66956,49.561907],[-94.672798,49.565734],[-94.677066,49.575448],[-94.658227,49.583102],[-94.6335,49.598114],[-94.616133,49.616365],[-94.619076,49.634027],[-94.638504,49.643152],[-94.663084,49.644035],[-94.724753,49.63491],[-94.749921,49.627845],[-94.759047,49.62343],[-94.766847,49.614599],[-94.770527,49.605768],[-94.776267,49.598703],[-94.811443,49.592521],[-94.834845,49.583396],[-94.855598,49.570444],[-94.868844,49.555137],[-94.859866,49.553077],[-94.855892,49.550427],[-94.853243,49.546306],[-94.848386,49.540713],[-94.914029,49.523346],[-94.94479,49.519225],[-94.954799,49.514515],[-94.962158,49.506861],[-94.965101,49.496559],[-94.969958,49.487433],[-94.981439,49.485667],[-94.995127,49.48655],[-95.006018,49.486256],[-95.016615,49.481546],[-95.036926,49.470066],[-95.047671,49.46565],[-95.083877,49.45888],[-95.112283,49.445045],[-95.136421,49.447105],[-95.154525,49.459469],[-95.15688,49.480074],[-95.145105,49.492143],[-95.103747,49.523346],[-95.094769,49.53777],[-95.100067,49.558964],[-95.113902,49.568972],[-95.15688,49.58163],[-95.182195,49.598997],[-95.178663,49.613127],[-95.115669,49.654043],[-95.097124,49.650217],[-95.080051,49.639031],[-95.060623,49.630789],[-94.986884,49.635793],[-94.958184,49.621369],[-94.948323,49.620192],[-94.944202,49.616365],[-94.950825,49.603413],[-94.958037,49.598997],[-94.992477,49.589283],[-94.989092,49.582219],[-94.984677,49.576626],[-94.978789,49.57221],[-94.971283,49.568089],[-94.965101,49.575448],[-94.957595,49.568089],[-94.941699,49.57486],[-94.902843,49.567795],[-94.882532,49.568089],[-94.866342,49.575154],[-94.851624,49.585751],[-94.815712,49.622841],[-94.809824,49.631672],[-94.814387,49.638442],[-94.834109,49.643741],[-94.852066,49.644624],[-94.868108,49.643446],[-94.884446,49.643741],[-94.902991,49.649922],[-94.822924,49.693488],[-94.656608,49.712622],[-94.5421,49.696432],[-94.516343,49.70173],[-94.513988,49.713799],[-94.52959,49.722336],[-94.561087,49.732639],[-94.564325,49.747946],[-94.556524,49.760603],[-94.533122,49.780914],[-94.543866,49.791512],[-94.554905,49.795927],[-94.563736,49.802403],[-94.567121,49.818887],[-94.572567,49.834194],[-94.596558,49.85009],[-94.602003,49.860098],[-94.606272,49.87305],[-94.616869,49.882764],[-94.629085,49.888652],[-94.63924,49.890712],[-94.644539,49.895716],[-94.694139,49.92162],[-94.706503,49.945464],[-94.699143,49.966658],[-94.677949,49.983437],[-94.649102,49.993151],[-94.623639,49.994328],[-94.597588,49.989619],[-94.573303,49.979905],[-94.529442,49.947525],[-94.520906,49.916911],[-94.530473,49.886885],[-94.561087,49.869812],[-94.561087,49.863631],[-94.55255,49.856566],[-94.542247,49.839787],[-94.533122,49.836255],[-94.520023,49.835372],[-94.508837,49.831839],[-94.501184,49.82448],[-94.49824,49.811823],[-94.497357,49.792395],[-94.493383,49.780326],[-94.45541,49.734994],[-94.444666,49.72734],[-94.431125,49.725868],[-94.406545,49.726457],[-94.386234,49.722336],[-94.369456,49.715566],[-94.353118,49.714388],[-94.334426,49.726457],[-94.31073,49.699376],[-94.298219,49.693488],[-94.272904,49.691722],[-94.295423,49.666112],[-94.322357,49.654632],[-94.351941,49.647567],[-94.38226,49.63697],[-94.357092,49.620486],[-94.275112,49.610183],[-94.251857,49.589283],[-94.392122,49.603413],[-94.415376,49.599586],[-94.415671,49.590166],[-94.401541,49.578686],[-94.365482,49.559258],[-94.352677,49.550427],[-94.328245,49.527173],[-94.323535,49.520991],[-94.320886,49.516281],[-94.31647,49.511571],[-94.306462,49.506567],[-94.299838,49.50539],[-94.276437,49.506567],[-94.255831,49.504506],[-94.218594,49.495676],[-94.200343,49.493615],[-94.195192,49.49126],[-94.173703,49.476248],[-94.164725,49.471832],[-94.12896,49.472421],[-94.111298,49.470066],[-94.095991,49.46565],[-94.067585,49.45211],[-94.095255,49.446811],[-94.158249,49.459763],[-94.177383,49.445045],[-94.149124,49.429149],[-94.100112,49.388527],[-94.073767,49.376164],[-94.036235,49.37322],[-94.016955,49.36851],[-94.015777,49.359091],[-94.024902,49.356441],[-94.044919,49.364684],[-94.053309,49.362623],[-94.057724,49.354675],[-94.05743,49.34555],[-94.052573,49.338485],[-94.0433,49.335247],[-94.024461,49.321412],[-94.025933,49.289621],[-94.037854,49.256063],[-94.049776,49.236046],[-94.07097,49.219856],[-94.103203,49.200723],[-94.135142,49.191892],[-94.155747,49.205727],[-94.140146,49.218385],[-94.10232,49.236046],[-94.087455,49.246644],[-94.079948,49.254591],[-94.075239,49.262245],[-94.074944,49.270193],[-94.080537,49.280201],[-94.08981,49.284911],[-94.114978,49.286088],[-94.125575,49.291093],[-94.14412,49.305811],[-94.16134,49.312875],[-94.179296,49.314936],[-94.200343,49.314936],[-94.220802,49.324356],[-94.218447,49.34555],[-94.209763,49.368805],[-94.210941,49.389999],[-94.206378,49.391176],[-94.196664,49.396769],[-94.214767,49.408838],[-94.222568,49.416786],[-94.231104,49.416492],[-94.287917,49.380285],[-94.308228,49.37322],[-94.328245,49.376164],[-94.31647,49.391471],[-94.278644,49.411782],[-94.265545,49.424734],[-94.258039,49.457114],[-94.249061,49.46565],[-94.224628,49.46565],[-94.26893,49.48184],[-94.318678,49.48655],[-94.509131,49.472421],[-94.573744,49.45888],[-94.595086,49.45888],[-94.607449,49.463296],[-94.614367,49.468005],[-94.62202,49.469772],[-94.636149,49.46565],[-94.66956,49.434742],[-94.681776,49.426794],[-94.739618,49.42179],[-94.759047,49.417375],[-94.763609,49.411193],[-94.773323,49.383817],[-94.780682,49.372926],[-94.803937,49.35232],[-94.808941,49.341134],[-94.802318,49.333187],[-94.792162,49.326416],[-94.783626,49.313759],[-94.776414,49.320235],[-94.766406,49.335247],[-94.747713,49.346139],[-94.736528,49.349965],[-94.731671,49.345844],[-94.72858,49.334658],[-94.721809,49.331715],[-94.714892,49.335836],[-94.711801,49.345844],[-94.702087,49.36645],[-94.679274,49.367627],[-94.632911,49.355853],[-94.568593,49.348494],[-94.561087,49.342901],[-94.580367,49.333187],[-94.607155,49.331126],[-94.622609,49.326122],[-94.608185,49.308166],[-94.590965,49.297863],[-94.553139,49.282556],[-94.52694,49.263717],[-94.519287,49.260479],[-94.51443,49.255474],[-94.512517,49.242817],[-94.507071,49.236341],[-94.494413,49.233691],[-94.468215,49.232808],[-94.443488,49.236341],[-94.425532,49.244583],[-94.388442,49.266955],[-94.346054,49.281378],[-94.322799,49.284322],[-94.306462,49.280201],[-94.309552,49.276374],[-94.313968,49.266955],[-94.295276,49.258418],[-94.28777,49.237224],[-94.281294,49.226038],[-94.265545,49.246644],[-94.260394,49.233397],[-94.261424,49.221034],[-94.26113,49.211614],[-94.251857,49.205727],[-94.255684,49.196013],[-94.261866,49.188065],[-94.269961,49.181883],[-94.279822,49.178351],[-94.279822,49.170698],[-94.247,49.178645],[-94.012392,49.184533],[-94.012392,49.178351],[-94.02711,49.175702],[-94.042859,49.170992],[-94.053603,49.163044],[-94.053309,49.150975],[-94.115272,49.119478],[-94.132051,49.105937],[-94.150154,49.095635],[-94.17282,49.092985],[-94.21462,49.095635],[-94.220949,49.098578],[-94.233018,49.111236],[-94.238316,49.115651],[-94.249355,49.120067],[-94.260835,49.123011],[-94.273051,49.123894],[-94.286592,49.123011],[-94.310141,49.117418],[-94.32589,49.107115],[-94.3306,49.090925]],[[-94.514871,49.117418],[-94.49824,49.130075],[-94.506188,49.143616],[-94.524144,49.136551],[-94.561087,49.10947],[-94.602592,49.095929],[-94.621873,49.084449],[-94.633206,49.055601],[-94.639387,49.047359],[-94.643067,49.039411],[-94.63924,49.03058],[-94.631145,49.02852],[-94.615102,49.043238],[-94.605094,49.047359],[-94.58861,49.039706],[-94.566238,49.025282],[-94.548576,49.017039],[-94.54681,49.027637],[-94.531797,49.033818],[-94.51649,49.047653],[-94.506924,49.064138],[-94.509131,49.078562],[-94.522525,49.095929],[-94.523702,49.107409],[-94.514871,49.117418]],[[-94.461297,49.150975],[-94.436865,49.178351],[-94.446137,49.183061],[-94.450553,49.189243],[-94.449964,49.196602],[-94.443783,49.205727],[-94.44864,49.205727],[-94.451436,49.207493],[-94.453791,49.209848],[-94.457323,49.212497],[-94.480725,49.218679],[-94.488673,49.219268],[-94.498681,49.217501],[-94.504127,49.213675],[-94.507807,49.209259],[-94.512517,49.205727],[-94.515607,49.202195],[-94.516343,49.197485],[-94.519434,49.193658],[-94.52959,49.191892],[-94.536802,49.193069],[-94.551961,49.197779],[-94.561087,49.198073],[-94.576394,49.193364],[-94.607302,49.17894],[-94.622462,49.178351],[-94.63144,49.184238],[-94.639535,49.193658],[-94.650868,49.202195],[-94.66956,49.205727],[-94.683984,49.201311],[-94.719896,49.182767],[-94.738588,49.178351],[-94.752865,49.182767],[-94.768613,49.19042],[-94.781565,49.191892],[-94.786864,49.178351],[-94.784215,49.171286],[-94.777739,49.162161],[-94.769791,49.154213],[-94.762726,49.150975],[-94.752276,49.148915],[-94.746094,49.14391],[-94.731229,49.115063],[-94.721809,49.086804],[-94.711801,49.074735],[-94.696494,49.083566],[-94.672062,49.102111],[-94.656608,49.10947],[-94.644686,49.110353],[-94.628938,49.10947],[-94.612453,49.111236],[-94.598471,49.119478],[-94.572272,49.143027],[-94.544161,49.158334],[-94.512958,49.165105],[-94.477782,49.163927],[-94.482491,49.154508],[-94.485288,49.150975],[-94.473072,49.145088],[-94.461297,49.150975]]]}},{"type":"Feature","properties":{"name":"Lake Nipigon","name_en":"Nipigon","scalerank":2,"min_zoom":2},"geometry":{"type":"Polygon","coordinates":[[[-88.941823,50.050258],[-88.927546,50.050846],[-88.900317,50.048491],[-88.878682,50.054379],[-88.858665,50.065859],[-88.843947,50.083226],[-88.835999,50.11855],[-88.826138,50.136801],[-88.82393,50.147398],[-88.823783,50.170947],[-88.821869,50.181838],[-88.817748,50.192435],[-88.803766,50.206565],[-88.764321,50.218928],[-88.745776,50.229525],[-88.690583,50.272797],[-88.673804,50.281333],[-88.658792,50.285455],[-88.645987,50.286338],[-88.633476,50.284866],[-88.619052,50.281333],[-88.581521,50.260728],[-88.576958,50.257196],[-88.571218,50.248659],[-88.566508,50.238356],[-88.564448,50.229525],[-88.558708,50.2204],[-88.545756,50.224816],[-88.50425,50.251308],[-88.494095,50.254546],[-88.482026,50.253958],[-88.474225,50.248365],[-88.469221,50.238651],[-88.462745,50.22982],[-88.451265,50.225993],[-88.424625,50.221872],[-88.411378,50.21098],[-88.390773,50.174185],[-88.39092,50.170947],[-88.390479,50.168298],[-88.386358,50.164471],[-88.378557,50.161822],[-88.372522,50.162999],[-88.366488,50.16506],[-88.358393,50.164471],[-88.349415,50.158584],[-88.331606,50.140922],[-88.321156,50.137389],[-88.276707,50.13268],[-88.265963,50.140039],[-88.269642,50.164471],[-88.275235,50.176834],[-88.280975,50.182427],[-88.297018,50.192435],[-88.301286,50.193613],[-88.312914,50.191847],[-88.317476,50.192435],[-88.318801,50.197145],[-88.317476,50.203916],[-88.316888,50.209803],[-88.321156,50.212452],[-88.328515,50.218634],[-88.333078,50.231292],[-88.338523,50.240417],[-88.348532,50.23659],[-88.359865,50.228937],[-88.369284,50.229231],[-88.431248,50.269559],[-88.440962,50.281333],[-88.427274,50.293108],[-88.412262,50.299878],[-88.396219,50.301056],[-88.316005,50.267793],[-88.301433,50.239239],[-88.293191,50.232763],[-88.228431,50.225993],[-88.214155,50.220694],[-88.205471,50.208037],[-88.198848,50.193319],[-88.190753,50.181838],[-88.176329,50.165943],[-88.160286,50.141805],[-88.149983,50.116195],[-88.152927,50.096178],[-88.167792,50.086464],[-88.178389,50.09294],[-88.194579,50.117373],[-88.203705,50.124437],[-88.21283,50.128264],[-88.224752,50.13003],[-88.242266,50.130325],[-88.212388,50.077928],[-88.208267,50.0585],[-88.211211,50.036717],[-88.234907,49.986381],[-88.207826,49.991385],[-88.193402,50.008164],[-88.183541,50.025825],[-88.170441,50.034362],[-88.160433,50.036422],[-88.15484,50.040249],[-88.147628,50.040838],[-88.132468,50.034362],[-88.125845,50.029063],[-88.103326,50.006397],[-88.098322,49.996683],[-88.086989,49.999333],[-88.061085,49.996683],[-88.033415,49.989913],[-88.016489,49.97961],[-88.011043,49.956061],[-88.023995,49.945758],[-88.043423,49.951057],[-88.057406,49.973429],[-88.065501,49.959888],[-88.086106,49.938694],[-88.084781,49.931334],[-88.094643,49.923681],[-88.10524,49.918088],[-88.127906,49.925447],[-88.154104,49.925153],[-88.179861,49.919854],[-88.20135,49.911318],[-88.187073,49.900721],[-88.158667,49.896894],[-88.101855,49.897777],[-88.098322,49.886885],[-88.098911,49.862159],[-88.10524,49.822714],[-88.113482,49.813294],[-88.120988,49.812411],[-88.12923,49.813],[-88.139975,49.80829],[-88.147923,49.797988],[-88.152191,49.784152],[-88.149247,49.772378],[-88.112893,49.75972],[-88.107006,49.740292],[-88.11201,49.691722],[-88.110686,49.681714],[-88.105829,49.66258],[-88.10524,49.657576],[-88.110391,49.646979],[-88.128642,49.625785],[-88.132468,49.619897],[-88.136001,49.611361],[-88.144243,49.603707],[-88.154546,49.598114],[-88.163818,49.596054],[-88.173532,49.590755],[-88.173974,49.578098],[-88.164996,49.545717],[-88.162494,49.541008],[-88.160727,49.536003],[-88.160433,49.527173],[-88.16426,49.516575],[-88.170589,49.510099],[-88.172502,49.50274],[-88.155723,49.476542],[-88.146304,49.455348],[-88.139828,49.432976],[-88.139975,49.417375],[-88.146156,49.404128],[-88.160727,49.414431],[-88.16632,49.430621],[-88.169706,49.448283],[-88.177212,49.462118],[-88.197523,49.474776],[-88.208414,49.468594],[-88.216509,49.453287],[-88.228137,49.438275],[-88.264491,49.462118],[-88.269642,49.469183],[-88.274499,49.479486],[-88.28701,49.47978],[-88.321156,49.472421],[-88.345882,49.474187],[-88.345882,49.468594],[-88.352358,49.45211],[-88.360601,49.438275],[-88.395777,49.393531],[-88.424183,49.36645],[-88.43478,49.367333],[-88.447291,49.38264],[-88.457741,49.401773],[-88.463039,49.416786],[-88.4651,49.420024],[-88.46716,49.424734],[-88.468338,49.430915],[-88.465836,49.438569],[-88.455092,49.45211],[-88.45465,49.45888],[-88.464806,49.466828],[-88.478199,49.461529],[-88.503073,49.438275],[-88.511757,49.470949],[-88.504398,49.498619],[-88.504692,49.521874],[-88.53663,49.540713],[-88.534276,49.561024],[-88.54708,49.574271],[-88.563418,49.571622],[-88.571365,49.54454],[-88.569305,49.527761],[-88.563418,49.524229],[-88.554734,49.522757],[-88.54399,49.513632],[-88.541487,49.501563],[-88.543842,49.490671],[-88.542812,49.482429],[-88.529713,49.480074],[-88.539133,49.46565],[-88.557236,49.45417],[-88.591235,49.438275],[-88.622585,49.414137],[-88.634212,49.41031],[-88.647017,49.414725],[-88.659527,49.421201],[-88.670566,49.424734],[-88.683077,49.426206],[-88.69073,49.430032],[-88.697648,49.434448],[-88.708539,49.438275],[-88.745776,49.438275],[-88.764027,49.444456],[-88.782866,49.45888],[-88.797731,49.477131],[-88.804649,49.493615],[-88.787576,49.498914],[-88.772563,49.508628],[-88.759758,49.520991],[-88.749456,49.534532],[-88.743568,49.54925],[-88.738417,49.5675],[-88.731205,49.582807],[-88.719136,49.589283],[-88.689553,49.587812],[-88.680574,49.589283],[-88.673363,49.594288],[-88.672332,49.600469],[-88.670272,49.606062],[-88.660116,49.609594],[-88.64584,49.607534],[-88.614048,49.592816],[-88.594915,49.589283],[-88.581227,49.595465],[-88.577253,49.609889],[-88.580491,49.626668],[-88.588144,49.640503],[-88.604923,49.649334],[-88.627295,49.6511],[-88.649813,49.648156],[-88.667475,49.643741],[-88.715015,49.614599],[-88.725907,49.613127],[-88.734737,49.627551],[-88.741508,49.642269],[-88.749897,49.650217],[-88.763732,49.643741],[-88.759758,49.630494],[-88.760936,49.598703],[-88.756373,49.58163],[-88.773888,49.578686],[-88.780511,49.569267],[-88.783602,49.557492],[-88.790372,49.548072],[-88.799792,49.545129],[-88.80671,49.546012],[-88.812302,49.548072],[-88.817748,49.548072],[-88.841297,49.536298],[-88.848804,49.534532],[-88.854396,49.531588],[-88.903702,49.517164],[-88.916213,49.508922],[-88.930637,49.503623],[-88.944619,49.49597],[-88.955511,49.480074],[-88.97906,49.520991],[-88.982298,49.530999],[-88.98377,49.539241],[-88.988185,49.540419],[-88.994808,49.539241],[-89.002756,49.540713],[-89.012617,49.545129],[-89.018946,49.547189],[-89.024981,49.550427],[-89.034106,49.558375],[-89.042642,49.568678],[-89.049266,49.58163],[-89.049118,49.594288],[-89.037491,49.603413],[-89.020565,49.60253],[-89.007171,49.591638],[-88.989068,49.568089],[-88.975527,49.557492],[-88.962428,49.551605],[-88.948151,49.548955],[-88.930784,49.548072],[-88.919745,49.546012],[-88.917243,49.542774],[-88.915624,49.542185],[-88.907088,49.548072],[-88.903114,49.553371],[-88.900759,49.565146],[-88.896638,49.571916],[-88.891045,49.584574],[-88.891928,49.600469],[-88.896196,49.614599],[-88.900317,49.62343],[-88.919304,49.645801],[-88.918421,49.654043],[-88.907088,49.671705],[-88.924455,49.673177],[-88.941234,49.677887],[-88.933875,49.68554],[-88.942117,49.706146],[-88.925485,49.733522],[-88.917538,49.757071],[-88.951831,49.767374],[-88.955069,49.763547],[-88.95919,49.745885],[-88.961839,49.739409],[-88.968021,49.732933],[-88.989068,49.718804],[-88.99731,49.707029],[-89.004964,49.702614],[-89.017033,49.705263],[-89.021595,49.710856],[-89.025716,49.72057],[-89.030573,49.739409],[-89.03911,49.733522],[-89.04382,49.72528],[-89.051179,49.705263],[-89.059863,49.722042],[-89.059863,49.765313],[-89.064425,49.774144],[-89.076347,49.767668],[-89.086944,49.756777],[-89.096658,49.754716],[-89.105783,49.774144],[-89.101957,49.800048],[-89.088269,49.839493],[-89.069724,49.866574],[-89.051179,49.856566],[-89.051473,49.840082],[-89.05633,49.819476],[-89.054417,49.802109],[-89.025716,49.792689],[-89.007907,49.783269],[-88.991129,49.779148],[-88.988921,49.77591],[-88.985977,49.775321],[-88.97538,49.780914],[-88.971848,49.785919],[-88.961839,49.80829],[-88.950801,49.812706],[-88.94197,49.810351],[-88.936083,49.811234],[-88.933875,49.825658],[-88.938879,49.846263],[-88.951978,49.858038],[-88.989068,49.869812],[-88.984505,49.883647],[-88.975527,49.893067],[-88.963164,49.896305],[-88.948151,49.890712],[-88.931961,49.90337],[-88.882803,49.906608],[-88.867054,49.928685],[-88.856751,49.932806],[-88.849981,49.938105],[-88.855574,49.948408],[-88.867643,49.955472],[-88.878829,49.95665],[-88.887512,49.959888],[-88.892811,49.973429],[-88.889279,49.97755],[-88.881184,49.979021],[-88.875444,49.982554],[-88.879123,49.993151],[-88.887071,49.999038],[-88.91533,50.01199],[-88.936083,50.0167],[-88.943442,50.023176],[-88.947121,50.03289],[-88.948151,50.044665],[-88.941823,50.050258]],[[-88.405933,50.033184],[-88.407405,50.021999],[-88.399457,50.007575],[-88.38621,49.996095],[-88.337935,49.966658],[-88.317476,50.007575],[-88.333078,50.010518],[-88.344852,50.019349],[-88.356774,50.030535],[-88.37267,50.041132],[-88.394453,50.039955],[-88.405933,50.033184]],[[-88.461862,50.152108],[-88.462009,50.115901],[-88.449793,50.092352],[-88.427421,50.103243],[-88.433309,50.112957],[-88.438313,50.126792],[-88.441404,50.142394],[-88.440815,50.164471],[-88.441404,50.169769],[-88.443464,50.174479],[-88.447732,50.178895],[-88.461862,50.152108]],[[-88.495714,49.631672],[-88.495714,49.619014],[-88.483056,49.611949],[-88.45833,49.609594],[-88.389743,49.619897],[-88.390331,49.630789],[-88.375172,49.666995],[-88.37267,49.68554],[-88.39931,49.699964],[-88.423742,49.681125],[-88.45465,49.63697],[-88.449057,49.647273],[-88.448616,49.654927],[-88.452001,49.661403],[-88.45833,49.668173],[-88.466866,49.671117],[-88.473489,49.665229],[-88.482026,49.649922],[-88.495714,49.631672]],[[-88.64584,49.97284],[-88.6479,49.969602],[-88.646428,49.959005],[-88.643485,49.952234],[-88.63848,49.946936],[-88.62597,49.938694],[-88.624498,49.956355],[-88.61552,49.969307],[-88.591235,49.986381],[-88.56798,49.994034],[-88.564448,49.996683],[-88.562976,50.004337],[-88.554439,50.020821],[-88.550318,50.027297],[-88.56121,50.03966],[-88.576222,50.045548],[-88.634065,50.049963],[-88.640394,50.049374],[-88.63274,50.027297],[-88.632004,50.021116],[-88.63274,50.000216],[-88.631563,49.997272],[-88.628472,49.994623],[-88.625823,49.99109],[-88.62597,49.986381],[-88.628766,49.983731],[-88.633476,49.981082],[-88.637744,49.97961],[-88.639658,49.97961],[-88.642454,49.974312],[-88.64584,49.97284]],[[-88.722816,49.890712],[-88.763732,49.869812],[-88.715751,49.853034],[-88.70589,49.851562],[-88.673657,49.851267],[-88.660116,49.849207],[-88.647017,49.844791],[-88.639805,49.841259],[-88.622585,49.825658],[-88.613459,49.819182],[-88.601979,49.813589],[-88.589763,49.809762],[-88.578136,49.80829],[-88.615373,49.866869],[-88.646428,49.897777],[-88.641424,49.901015],[-88.638333,49.904547],[-88.635978,49.907785],[-88.63274,49.911318],[-88.667475,49.909846],[-88.681605,49.913673],[-88.687345,49.924858],[-88.697648,49.919266],[-88.722816,49.890712]]]}},{"type":"Feature","properties":{"name":"Oneida Lake","name_en":"Oneida","scalerank":3,"min_zoom":3},"geometry":{"type":"Polygon","coordinates":[[[-75.777417,43.235139],[-75.75166,43.230429],[-75.731938,43.221304],[-75.73238,43.205997],[-75.748422,43.191573],[-75.764465,43.185097],[-75.88015,43.175089],[-75.932547,43.177738],[-75.960217,43.182743],[-75.994805,43.199227],[-76.068543,43.216006],[-76.111226,43.252507],[-76.120352,43.263693],[-75.975672,43.263693],[-75.88751,43.245736],[-75.79449,43.236611],[-75.777417,43.235139]]]}},{"type":"Feature","properties":{"name":"Lake Tahoe","name_en":"Tahoe","scalerank":3,"min_zoom":3},"geometry":{"type":"Polygon","coordinates":[[[-119.92556,39.243856],[-119.929829,39.22796],[-119.922322,39.22119],[-119.922322,39.169382],[-119.925413,39.15643],[-119.939543,39.136413],[-119.943369,39.124344],[-119.942928,39.111098],[-119.937335,39.092553],[-119.935274,39.041922],[-119.939543,38.998651],[-119.947049,38.975102],[-119.962503,38.958029],[-119.990615,38.946843],[-120.017255,38.940661],[-120.031531,38.939778],[-120.041834,38.94331],[-120.051401,38.950964],[-120.0645,38.957145],[-120.079071,38.960972],[-120.093642,38.960383],[-120.089521,38.974219],[-120.090846,38.987759],[-120.099824,39.015135],[-120.104387,39.058701],[-120.10733,39.069887],[-120.120135,39.079012],[-120.135589,39.081661],[-120.148983,39.08696],[-120.155017,39.104622],[-120.151338,39.119046],[-120.141771,39.134941],[-120.077452,39.20971],[-120.051695,39.230021],[-120.017991,39.241796],[-120.011662,39.239735],[-120.004156,39.23532],[-119.995913,39.232965],[-119.987524,39.237969],[-119.973689,39.258869],[-119.970745,39.262107],[-119.951464,39.263873],[-119.934538,39.256808],[-119.92556,39.243856]]]}},{"type":"Feature","properties":{"name":"Lake Winnebago","name_en":"Winnebago","scalerank":3,"min_zoom":3},"geometry":{"type":"Polygon","coordinates":[[[-88.303788,44.168568],[-88.327043,44.13295],[-88.334402,44.091445],[-88.324688,43.933371],[-88.328073,43.918653],[-88.380765,43.88068],[-88.393128,43.867139],[-88.407552,43.825339],[-88.418885,43.81121],[-88.444494,43.805617],[-88.464953,43.81121],[-88.472017,43.825339],[-88.468338,43.867139],[-88.470104,43.889805],[-88.485117,43.926012],[-88.488796,43.945734],[-88.493065,43.953977],[-88.511904,43.962219],[-88.516025,43.97311],[-88.516025,44.082319],[-88.510285,44.084674],[-88.475697,44.120881],[-88.46981,44.13766],[-88.465247,44.14443],[-88.457741,44.1512],[-88.449793,44.156499],[-88.443611,44.162681],[-88.440962,44.1721],[-88.444789,44.180343],[-88.453031,44.190645],[-88.46039,44.20448],[-88.462156,44.22332],[-88.456269,44.214783],[-88.448468,44.208601],[-88.439049,44.20448],[-88.427421,44.203009],[-88.35751,44.200359],[-88.328073,44.190351],[-88.303788,44.168568]]]}},{"type":"Feature","properties":{"name":"Lake Champlain","name_en":"Champlain","scalerank":3,"min_zoom":3},"geometry":{"type":"Polygon","coordinates":[[[-73.364956,44.208307],[-73.369224,44.206541],[-73.371874,44.203009],[-73.370255,44.199476],[-73.360393,44.192117],[-73.358333,44.189173],[-73.358333,44.161798],[-73.362601,44.1512],[-73.406903,44.084674],[-73.411318,44.05877],[-73.405284,44.034044],[-73.392479,44.011083],[-73.403371,43.994304],[-73.404842,43.977526],[-73.399838,43.945734],[-73.394393,43.925718],[-73.370402,43.900697],[-73.365103,43.88068],[-73.369224,43.859486],[-73.375406,43.843001],[-73.375553,43.8274],[-73.353476,43.79502],[-73.35171,43.777652],[-73.35745,43.761462],[-73.371874,43.75116],[-73.370255,43.782362],[-73.371874,43.791193],[-73.37938,43.800318],[-73.401457,43.81798],[-73.40602,43.828872],[-73.403959,43.840352],[-73.39454,43.858603],[-73.392479,43.870671],[-73.394834,43.882446],[-73.400574,43.892749],[-73.412937,43.908056],[-73.421916,43.926306],[-73.426037,43.944851],[-73.426184,43.997248],[-73.421327,44.01697],[-73.420297,44.028451],[-73.425006,44.037282],[-73.435604,44.03581],[-73.447084,44.028156],[-73.454443,44.017854],[-73.458417,44.060242],[-73.423976,44.161209],[-73.433396,44.195355],[-73.406903,44.207424],[-73.337727,44.264236],[-73.347441,44.277777],[-73.35377,44.289552],[-73.357303,44.303387],[-73.359363,44.332234],[-73.367311,44.366675],[-73.371874,44.374623],[-73.376584,44.38051],[-73.378791,44.384043],[-73.376878,44.4385],[-73.378791,44.44998],[-73.390271,44.449686],[-73.399544,44.433496],[-73.405137,44.411418],[-73.40602,44.39464],[-73.411907,44.407003],[-73.413085,44.420838],[-73.409847,44.434379],[-73.402929,44.446153],[-73.398661,44.459694],[-73.403665,44.473235],[-73.420297,44.497078],[-73.402782,44.508264],[-73.395717,44.524454],[-73.401752,44.539172],[-73.423682,44.545354],[-73.430747,44.553891],[-73.438106,44.573024],[-73.442521,44.59363],[-73.440755,44.606876],[-73.446937,44.606876],[-73.444876,44.615118],[-73.445465,44.623949],[-73.448703,44.633075],[-73.454443,44.641611],[-73.438694,44.651619],[-73.435604,44.665749],[-73.440755,44.692536],[-73.435456,44.712847],[-73.423387,44.721384],[-73.411466,44.719323],[-73.403665,44.70225],[-73.398072,44.69754],[-73.391449,44.696657],[-73.386298,44.703133],[-73.385856,44.713436],[-73.389977,44.720501],[-73.395864,44.725799],[-73.407492,44.739046],[-73.413968,44.741989],[-73.416617,44.745816],[-73.412937,44.757885],[-73.406609,44.766716],[-73.399838,44.768188],[-73.392921,44.767599],[-73.386298,44.771426],[-73.373493,44.790265],[-73.373198,44.802334],[-73.381882,44.812342],[-73.396159,44.823528],[-73.400427,44.835008],[-73.400133,44.852965],[-73.396012,44.871509],[-73.38409,44.898002],[-73.382471,44.934503],[-73.378791,44.949516],[-73.375406,44.950988],[-73.36996,44.950988],[-73.363926,44.953637],[-73.358333,44.96394],[-73.357303,44.973065],[-73.359216,44.982779],[-73.365103,44.998086],[-73.358922,45.009566],[-73.334784,45.079919],[-73.328013,45.079036],[-73.321096,45.071088],[-73.317269,45.059314],[-73.320066,45.0496],[-73.334489,45.025462],[-73.337727,45.014865],[-73.338316,45.00574],[-73.337727,44.995437],[-73.332723,44.987195],[-73.305789,44.980424],[-73.304317,44.971888],[-73.308438,44.960702],[-73.310499,44.949516],[-73.297252,44.883578],[-73.289893,44.867683],[-73.282534,44.867683],[-73.278413,44.898885],[-73.269288,44.935092],[-73.253981,44.965117],[-73.231756,44.977481],[-73.225869,44.985134],[-73.200554,45.032232],[-73.158607,45.078153],[-73.14536,45.087278],[-73.133733,45.075798],[-73.114747,45.08198],[-73.095907,45.085218],[-73.078687,45.054015],[-73.08428,45.046656],[-73.093405,45.039591],[-73.098262,45.028406],[-73.096349,45.017808],[-73.093405,45.010449],[-73.092816,45.002796],[-73.098262,44.991021],[-73.112392,44.981013],[-73.128876,44.981307],[-73.138443,44.991316],[-73.131673,45.011038],[-73.168321,45.00103],[-73.203792,44.975126],[-73.216155,44.948633],[-73.183481,44.936564],[-73.170234,44.927733],[-73.167585,44.908011],[-73.170234,44.887405],[-73.183481,44.837069],[-73.182303,44.819701],[-73.173325,44.798802],[-73.166555,44.805866],[-73.14536,44.820585],[-73.146538,44.803511],[-73.158018,44.788204],[-73.173472,44.773486],[-73.187013,44.757885],[-73.194666,44.740517],[-73.200554,44.689004],[-73.229401,44.620123],[-73.229696,44.589214],[-73.194372,44.579795],[-73.20129,44.556834],[-73.213506,44.55654],[-73.22793,44.566254],[-73.241618,44.573319],[-73.246475,44.572141],[-73.260604,44.563016],[-73.268846,44.559778],[-73.280621,44.559484],[-73.289746,44.561838],[-73.298871,44.56331],[-73.310499,44.559778],[-73.296811,44.549181],[-73.28327,44.543588],[-73.272967,44.536817],[-73.263842,44.507675],[-73.252067,44.502083],[-73.23838,44.49855],[-73.22793,44.490897],[-73.22425,44.479122],[-73.221159,44.432318],[-73.227635,44.42437],[-73.240293,44.42437],[-73.248535,44.432907],[-73.241618,44.44998],[-73.256777,44.441444],[-73.269729,44.42231],[-73.275469,44.399938],[-73.268846,44.381099],[-73.29372,44.324581],[-73.301079,44.292201],[-73.293131,44.278071],[-73.279443,44.273067],[-73.288716,44.262176],[-73.313884,44.247163],[-73.350091,44.218904],[-73.358333,44.209779],[-73.360688,44.208601],[-73.364956,44.208307]],[[-73.338022,44.626304],[-73.328897,44.613352],[-73.310499,44.606876],[-73.298283,44.611586],[-73.281504,44.624538],[-73.27076,44.6422],[-73.276353,44.662217],[-73.285625,44.663394],[-73.311823,44.656329],[-73.317269,44.658684],[-73.314473,44.669281],[-73.307261,44.675463],[-73.29843,44.680467],[-73.289893,44.689004],[-73.28695,44.69754],[-73.283417,44.719029],[-73.279443,44.726682],[-73.265167,44.738163],[-73.261487,44.745227],[-73.262076,44.757885],[-73.272379,44.770248],[-73.2843,44.766716],[-73.298135,44.757002],[-73.313884,44.751703],[-73.329927,44.748465],[-73.339199,44.739634],[-73.351415,44.710492],[-73.344645,44.710492],[-73.351563,44.69548],[-73.348325,44.66781],[-73.351415,44.655446],[-73.343762,44.641905],[-73.338022,44.626304]]]}},{"type":"Feature","properties":{"name":"Keuka Lake","name_en":"Keuka","scalerank":4,"min_zoom":4},"geometry":{"type":"Polygon","coordinates":[[[-77.103381,42.559868],[-77.087338,42.623451],[-77.066291,42.661129],[-77.066585,42.620213],[-77.071,42.603728],[-77.085572,42.571643],[-77.103675,42.516891],[-77.113389,42.502761],[-77.121631,42.496874],[-77.136938,42.491281],[-77.144444,42.486277],[-77.150037,42.479507],[-77.156955,42.463905],[-77.161812,42.455663],[-77.172703,42.4433],[-77.185655,42.432114],[-77.200521,42.422694],[-77.216416,42.414746],[-77.205083,42.439473],[-77.165344,42.48039],[-77.154453,42.51012],[-77.155483,42.524839],[-77.161076,42.552509],[-77.158132,42.561634],[-77.150332,42.574292],[-77.148565,42.587833],[-77.150773,42.601079],[-77.154453,42.612854],[-77.135613,42.595192],[-77.129285,42.537791],[-77.110298,42.547799],[-77.103381,42.559868]]]}},{"type":"Feature","properties":{"name":"Seneca Lake","name_en":"Seneca","scalerank":4,"min_zoom":4},"geometry":{"type":"Polygon","coordinates":[[[-76.870539,42.429759],[-76.863915,42.414452],[-76.860236,42.39679],[-76.867742,42.389431],[-76.884079,42.408565],[-76.910719,42.456841],[-76.921758,42.51012],[-76.921758,42.585478],[-76.925732,42.62139],[-76.922788,42.636403],[-76.911749,42.650532],[-76.908217,42.665839],[-76.920875,42.68409],[-76.952666,42.712643],[-76.966207,42.745023],[-76.969445,42.829506],[-76.976362,42.85276],[-76.970034,42.880725],[-76.961939,42.878664],[-76.958112,42.874543],[-76.956934,42.868067],[-76.956346,42.859531],[-76.944718,42.836276],[-76.921758,42.749733],[-76.877309,42.683207],[-76.866417,42.661129],[-76.863915,42.631693],[-76.871863,42.606378],[-76.893646,42.558102],[-76.896884,42.528077],[-76.892469,42.502173],[-76.881872,42.480095],[-76.866417,42.461845],[-76.873629,42.444772],[-76.870539,42.429759]]]}},{"type":"Feature","properties":{"name":"Cayuga Lake","name_en":"Cayuga","scalerank":4,"min_zoom":4},"geometry":{"type":"Polygon","coordinates":[[[-76.54247,42.545444],[-76.517007,42.517185],[-76.508471,42.490398],[-76.51686,42.48039],[-76.530401,42.484511],[-76.5435,42.513064],[-76.573672,42.547799],[-76.585888,42.558102],[-76.633134,42.58224],[-76.643878,42.585478],[-76.656683,42.593131],[-76.678907,42.626689],[-76.691124,42.641407],[-76.709374,42.688505],[-76.717911,42.697336],[-76.750291,42.722651],[-76.77487,42.757386],[-76.780169,42.788295],[-76.769866,42.817731],[-76.7472,42.849228],[-76.744256,42.861297],[-76.750291,42.914282],[-76.745287,42.93371],[-76.738222,42.944602],[-76.731893,42.942247],[-76.722768,42.88308],[-76.722326,42.757386],[-76.712759,42.737075],[-76.681851,42.706461],[-76.675228,42.691449],[-76.671107,42.672609],[-76.661098,42.648766],[-76.640493,42.612854],[-76.609732,42.585772],[-76.54247,42.545444]]]}},{"type":"Feature","properties":{"name":null,"name_en":null,"scalerank":4,"min_zoom":4},"geometry":{"type":"Polygon","coordinates":[[[-90.422327,30.30961],[-90.416145,30.301957],[-90.401133,30.298719],[-90.430422,30.240435],[-90.449261,30.211293],[-90.475607,30.188921],[-90.511372,30.176264],[-90.546549,30.176852],[-90.575544,30.190099],[-90.592911,30.216297],[-90.575544,30.219535],[-90.574808,30.229543],[-90.581136,30.243673],[-90.585405,30.257802],[-90.582903,30.273698],[-90.575985,30.284295],[-90.523,30.331688],[-90.499892,30.347289],[-90.475607,30.354059],[-90.469425,30.3467],[-90.457209,30.343168],[-90.446171,30.338458],[-90.436456,30.332571],[-90.428509,30.326095],[-90.424682,30.318441],[-90.422327,30.30961]]]}},{"type":"Feature","properties":{"name":"Lake Nipissing","name_en":"Nipissing","scalerank":4,"min_zoom":4},"geometry":{"type":"Polygon","coordinates":[[[-80.435877,46.257081],[-80.457807,46.265912],[-80.470906,46.286223],[-80.462075,46.296821],[-80.445885,46.297704],[-80.437201,46.29005],[-80.428812,46.277981],[-80.409973,46.282691],[-80.379212,46.29947],[-80.339473,46.30624],[-80.316807,46.30624],[-80.306798,46.296526],[-80.322547,46.265912],[-80.321516,46.251489],[-80.296348,46.245601],[-80.275301,46.244129],[-80.265882,46.245601],[-80.259553,46.248251],[-80.246895,46.255904],[-80.237917,46.259142],[-80.162854,46.265912],[-80.117964,46.256198],[-80.096917,46.254727],[-80.087791,46.265912],[-80.096475,46.275332],[-80.156084,46.286518],[-80.147989,46.29005],[-80.140482,46.2927],[-80.132387,46.293877],[-80.122526,46.293288],[-80.130916,46.304474],[-80.14269,46.315954],[-80.156231,46.325963],[-80.169772,46.333616],[-80.135184,46.333027],[-80.066155,46.345096],[-80.039957,46.333616],[-80.030685,46.342741],[-80.019646,46.367762],[-80.012728,46.374827],[-80.000659,46.373355],[-79.995655,46.362758],[-79.993742,46.349512],[-79.990945,46.34127],[-79.96931,46.338326],[-79.903225,46.340092],[-79.874819,46.321253],[-79.841997,46.325963],[-79.771055,46.344508],[-79.759722,46.353044],[-79.741472,46.371589],[-79.730433,46.37571],[-79.683041,46.374827],[-79.670236,46.369529],[-79.628436,46.368351],[-79.616514,46.363641],[-79.580602,46.34127],[-79.553226,46.334499],[-79.52688,46.331556],[-79.502743,46.325668],[-79.481401,46.309478],[-79.431359,46.247662],[-79.41929,46.238242],[-79.394711,46.233238],[-79.369543,46.222052],[-79.360123,46.208511],[-79.382053,46.197031],[-79.40207,46.204979],[-79.434009,46.211749],[-79.466389,46.21381],[-79.487877,46.207628],[-79.496855,46.203213],[-79.519227,46.199092],[-79.529088,46.193793],[-79.538655,46.179958],[-79.535859,46.170244],[-79.528794,46.161119],[-79.525409,46.149344],[-79.547339,46.130211],[-79.592376,46.148167],[-79.67627,46.204685],[-79.718511,46.217931],[-79.771497,46.221169],[-79.824924,46.216165],[-79.868048,46.204685],[-79.926038,46.174071],[-79.956505,46.1673],[-79.968427,46.160824],[-79.979907,46.152877],[-79.987855,46.145517],[-79.997716,46.141396],[-80.009785,46.144929],[-80.020235,46.152877],[-80.02568,46.162296],[-80.033187,46.162296],[-80.033187,46.16995],[-79.984028,46.174659],[-79.959448,46.182019],[-79.908229,46.217342],[-79.909848,46.224701],[-80.010668,46.249428],[-80.036572,46.251783],[-80.282072,46.220286],[-80.327404,46.231177],[-80.33594,46.243835],[-80.34742,46.265029],[-80.360078,46.282397],[-80.372294,46.282691],[-80.388337,46.270328],[-80.41115,46.260319],[-80.435877,46.257081]]]}},{"type":"Feature","properties":{"name":"Yellowstone Lake","name_en":"Yellowstone","scalerank":4,"min_zoom":4},"geometry":{"type":"Polygon","coordinates":[[[-110.198003,44.370796],[-110.192558,44.344303],[-110.191969,44.331351],[-110.198003,44.319577],[-110.210955,44.312806],[-110.224055,44.316044],[-110.23686,44.322815],[-110.249812,44.326347],[-110.252755,44.33871],[-110.254963,44.366381],[-110.262175,44.39464],[-110.279837,44.409063],[-110.298234,44.358138],[-110.298529,44.331057],[-110.279837,44.312806],[-110.302356,44.298088],[-110.318251,44.314278],[-110.34077,44.384337],[-110.344891,44.389635],[-110.412448,44.382571],[-110.424517,44.387281],[-110.389929,44.398466],[-110.3836,44.40141],[-110.378154,44.416717],[-110.3836,44.423487],[-110.392578,44.428786],[-110.397141,44.439089],[-110.408032,44.444387],[-110.432906,44.450274],[-110.460429,44.453218],[-110.479121,44.44998],[-110.48648,44.441444],[-110.490896,44.423193],[-110.499727,44.415245],[-110.511354,44.413185],[-110.527544,44.414068],[-110.541968,44.418189],[-110.550063,44.427903],[-110.564487,44.439089],[-110.566253,44.444387],[-110.562279,44.449097],[-110.55698,44.453807],[-110.554331,44.459988],[-110.550652,44.464698],[-110.533137,44.4803],[-110.526955,44.484126],[-110.506497,44.4803],[-110.484861,44.471763],[-110.462931,44.468525],[-110.420543,44.494135],[-110.405089,44.495901],[-110.396699,44.502671],[-110.397141,44.531813],[-110.401556,44.54241],[-110.406413,44.543588],[-110.406855,44.543882],[-110.397141,44.552419],[-110.388163,44.557717],[-110.36741,44.564193],[-110.359315,44.569786],[-110.344891,44.572436],[-110.319723,44.568903],[-110.294408,44.56125],[-110.279837,44.552419],[-110.273655,44.538584],[-110.274391,44.457928],[-110.266885,44.435556],[-110.250842,44.421721],[-110.227734,44.408475],[-110.206982,44.392579],[-110.198003,44.370796]]]}},{"type":"Feature","properties":{"name":"Flathead Lake","name_en":"Flathead","scalerank":4,"min_zoom":4},"geometry":{"type":"Polygon","coordinates":[[[-114.18649,47.906698],[-114.149106,47.918178],[-114.138803,47.923771],[-114.149989,47.939667],[-114.156171,47.954679],[-114.158673,47.972341],[-114.159261,47.995596],[-114.167209,48.01002],[-114.184577,48.020028],[-114.201208,48.032686],[-114.206948,48.054174],[-114.199884,48.071836],[-114.184577,48.084788],[-114.164413,48.092442],[-114.142483,48.095091],[-114.130855,48.091853],[-114.124968,48.083316],[-114.120847,48.073014],[-114.114518,48.064183],[-114.104804,48.06065],[-114.081844,48.0633],[-114.069922,48.061239],[-114.055351,48.046521],[-114.037689,48.001189],[-114.016495,47.963216],[-114.015906,47.939961],[-114.022677,47.89669],[-114.02091,47.871669],[-114.005309,47.832224],[-114.00163,47.810735],[-114.003101,47.786009],[-114.009283,47.763637],[-114.021793,47.751862],[-114.042546,47.759516],[-114.046078,47.766875],[-114.050788,47.788364],[-114.056823,47.793662],[-114.065801,47.791602],[-114.069628,47.784537],[-114.070364,47.774823],[-114.069922,47.765698],[-114.063888,47.752746],[-114.04284,47.728313],[-114.042546,47.718305],[-114.057412,47.710652],[-114.077723,47.711829],[-114.118345,47.718305],[-114.15411,47.712123],[-114.166179,47.715361],[-114.159261,47.73214],[-114.154699,47.750979],[-114.140717,47.762754],[-114.123055,47.771879],[-114.107748,47.783654],[-114.105834,47.798078],[-114.121141,47.807497],[-114.216663,47.828692],[-114.241242,47.828397],[-114.283336,47.819861],[-114.299968,47.824276],[-114.316893,47.841938],[-114.285985,47.844587],[-114.246688,47.869314],[-114.217546,47.875495],[-114.205918,47.878145],[-114.196057,47.885209],[-114.189139,47.895218],[-114.18649,47.906698]]]}},{"type":"Feature","properties":{"name":"Rainy Lake","name_en":"Rainy","scalerank":5,"min_zoom":4.7},"geometry":{"type":"Polygon","coordinates":[[[-92.785188,48.433315],[-92.885419,48.436848],[-92.967399,48.42419],[-92.990948,48.429783],[-93.014203,48.443618],[-93.052765,48.472466],[-93.087205,48.487773],[-93.093681,48.492483],[-93.095006,48.503668],[-93.090591,48.514854],[-93.083526,48.523391],[-93.076903,48.526629],[-93.050116,48.52398],[-93.024212,48.51662],[-92.999779,48.505729],[-92.94753,48.4707],[-92.928543,48.461869],[-92.905583,48.458336],[-92.862017,48.464812],[-92.840381,48.465695],[-92.819923,48.458336],[-92.829784,48.458042],[-92.854069,48.451566],[-92.789015,48.45186],[-92.753102,48.458925],[-92.737354,48.475704],[-92.727198,48.501902],[-92.673329,48.501314],[-92.648603,48.519858],[-92.684515,48.530161],[-92.855688,48.53546],[-92.876441,48.54017],[-92.909704,48.562836],[-92.929132,48.564013],[-92.949737,48.561069],[-92.970784,48.560775],[-92.966075,48.570489],[-92.958568,48.576965],[-92.948707,48.580497],[-92.937227,48.581969],[-92.946941,48.596688],[-92.962248,48.600809],[-93.034367,48.592566],[-93.107517,48.597571],[-93.1293,48.595804],[-93.142104,48.58874],[-93.139455,48.57461],[-93.121352,48.565485],[-93.098244,48.561069],[-93.080729,48.560775],[-93.095889,48.54694],[-93.119291,48.546057],[-93.195384,48.55842],[-93.171688,48.582558],[-93.183168,48.598454],[-93.205245,48.604341],[-93.381717,48.615821],[-93.373033,48.628773],[-93.358609,48.637015],[-93.326523,48.649967],[-93.343597,48.663508],[-93.363908,48.664686],[-93.40556,48.657621],[-93.414833,48.668807],[-93.415716,48.693533],[-93.408945,48.733272],[-93.388487,48.712078],[-93.385691,48.707957],[-93.379803,48.696183],[-93.374799,48.691178],[-93.359787,48.685291],[-93.346246,48.68588],[-93.340211,48.690884],[-93.347571,48.698538],[-93.334324,48.710901],[-93.337121,48.717966],[-93.358168,48.729446],[-93.363319,48.742398],[-93.359198,48.755055],[-93.352869,48.765064],[-93.350956,48.770951],[-93.370089,48.778605],[-93.450598,48.797444],[-93.461784,48.811868],[-93.487835,48.820993],[-93.545825,48.82953],[-93.556128,48.834534],[-93.563192,48.835711],[-93.570404,48.832768],[-93.581148,48.818932],[-93.587772,48.814517],[-93.601754,48.814517],[-93.624714,48.822759],[-93.642376,48.821287],[-93.637225,48.829824],[-93.630454,48.8363],[-93.621918,48.840421],[-93.59778,48.844248],[-93.58159,48.853962],[-93.570404,48.856317],[-93.543764,48.853667],[-93.522128,48.847191],[-93.477827,48.828352],[-93.459576,48.823054],[-93.440001,48.821287],[-93.429109,48.824525],[-93.419543,48.83159],[-93.415863,48.838655],[-93.422928,48.841893],[-93.43323,48.84307],[-93.444858,48.846897],[-93.454278,48.853079],[-93.457368,48.862498],[-93.452364,48.869269],[-93.441326,48.873095],[-93.416452,48.876628],[-93.427049,48.888402],[-93.445741,48.891346],[-93.466788,48.89164],[-93.484744,48.896645],[-93.458104,48.91254],[-93.432347,48.920782],[-93.378332,48.923726],[-93.374946,48.921666],[-93.372297,48.916956],[-93.368618,48.91254],[-93.361847,48.910774],[-93.352722,48.913718],[-93.347865,48.919016],[-93.34448,48.925198],[-93.320783,48.955223],[-93.311364,48.959638],[-93.306654,48.94492],[-93.306654,48.926081],[-93.300914,48.90577],[-93.28546,48.869857],[-93.299148,48.869857],[-93.28178,48.82953],[-93.279278,48.818049],[-93.271183,48.809807],[-93.217167,48.807747],[-93.193912,48.787435],[-93.209514,48.74387],[-93.183168,48.739454],[-93.20083,48.719143],[-93.226145,48.707957],[-93.279278,48.691178],[-93.270594,48.677049],[-93.256318,48.665569],[-93.238214,48.66027],[-93.217167,48.664391],[-93.204068,48.677049],[-93.193177,48.6953],[-93.179783,48.711784],[-93.149758,48.722381],[-93.132538,48.736805],[-93.121646,48.739454],[-93.112815,48.735627],[-93.107222,48.728857],[-93.106339,48.722087],[-93.111049,48.718849],[-93.130919,48.715905],[-93.151671,48.707368],[-93.168156,48.694416],[-93.176251,48.677932],[-93.160502,48.68117],[-93.148139,48.674694],[-93.13607,48.66498],[-93.121646,48.657621],[-93.1084,48.657915],[-93.052765,48.670573],[-92.984472,48.699126],[-92.946794,48.705897],[-92.92295,48.691178],[-92.978291,48.669395],[-92.997424,48.664391],[-92.997424,48.657621],[-92.779006,48.677932],[-92.806676,48.667629],[-92.894986,48.649967],[-92.888362,48.640253],[-92.878943,48.63466],[-92.867168,48.631422],[-92.854069,48.629656],[-92.854069,48.623475],[-92.864372,48.623475],[-92.876588,48.621414],[-92.886155,48.616704],[-92.888951,48.609051],[-92.879973,48.600809],[-92.864519,48.601692],[-92.836996,48.609051],[-92.733969,48.601692],[-92.719545,48.597865],[-92.720428,48.589328],[-92.726462,48.57932],[-92.727198,48.571667],[-92.716454,48.566957],[-92.703943,48.569312],[-92.692316,48.575199],[-92.682749,48.581969],[-92.676567,48.5908],[-92.672005,48.601986],[-92.665087,48.6117],[-92.652135,48.615821],[-92.645512,48.611406],[-92.643893,48.601103],[-92.643893,48.589917],[-92.645512,48.576671],[-92.641833,48.574905],[-92.565003,48.557831],[-92.552493,48.550767],[-92.564856,48.53752],[-92.5887,48.53546],[-92.60386,48.529278],[-92.590319,48.50308],[-92.580016,48.500725],[-92.551463,48.506906],[-92.545575,48.50308],[-92.549697,48.492188],[-92.559999,48.487478],[-92.641685,48.489539],[-92.665529,48.48424],[-92.676567,48.465107],[-92.669061,48.465107],[-92.478755,48.472466],[-92.470513,48.468933],[-92.468011,48.456865],[-92.464037,48.4498],[-92.463154,48.440969],[-92.470513,48.42419],[-92.459327,48.419186],[-92.446963,48.41742],[-92.434306,48.418892],[-92.42209,48.42419],[-92.425769,48.410355],[-92.439457,48.391516],[-92.446228,48.375326],[-92.429007,48.36885],[-92.438574,48.361491],[-92.442401,48.351777],[-92.444756,48.342357],[-92.449318,48.335292],[-92.462712,48.331171],[-92.470071,48.33647],[-92.474781,48.344417],[-92.480815,48.348539],[-92.490235,48.361491],[-92.495239,48.372088],[-92.494356,48.379741],[-92.48685,48.391221],[-92.486555,48.400935],[-92.491265,48.409472],[-92.497888,48.41742],[-92.518052,48.430666],[-92.537775,48.429194],[-92.557056,48.421835],[-92.576631,48.41742],[-92.588111,48.41948],[-92.606656,48.429489],[-92.617547,48.431549],[-92.63256,48.429783],[-92.656109,48.420658],[-92.669061,48.41742],[-92.683044,48.417714],[-92.693493,48.421835],[-92.703943,48.427134],[-92.717484,48.431549],[-92.727934,48.429489],[-92.741033,48.42419],[-92.755016,48.421835],[-92.768409,48.428017],[-92.785188,48.433315]]]}},{"type":"Feature","properties":{"name":"Lake Pend Oreille","name_en":"Pend Oreille","scalerank":5,"min_zoom":4.7},"geometry":{"type":"Polygon","coordinates":[[[-116.217014,48.175158],[-116.203032,48.169565],[-116.189491,48.155141],[-116.206711,48.150137],[-116.255281,48.155141],[-116.262788,48.153375],[-116.267792,48.149254],[-116.275445,48.138363],[-116.282951,48.13483],[-116.392161,48.13483],[-116.410853,48.13012],[-116.413649,48.11864],[-116.412472,48.104511],[-116.419242,48.090676],[-116.441467,48.074486],[-116.4528,48.063888],[-116.457657,48.052703],[-116.45486,48.044166],[-116.441614,48.032686],[-116.437198,48.024738],[-116.435285,48.01473],[-116.437198,47.994124],[-116.453683,47.970869],[-116.49195,47.961744],[-116.566866,47.95674],[-116.566866,47.96351],[-116.561273,47.966748],[-116.557004,47.972047],[-116.554208,47.978817],[-116.553178,47.987354],[-116.550381,47.997068],[-116.543317,47.997068],[-116.534338,47.994713],[-116.52536,47.997657],[-116.515352,48.009725],[-116.516235,48.017673],[-116.532719,48.039162],[-116.531542,48.061534],[-116.523741,48.088615],[-116.511084,48.111575],[-116.478851,48.131298],[-116.451769,48.179868],[-116.437198,48.196647],[-116.413649,48.186638],[-116.400108,48.183106],[-116.388775,48.183106],[-116.380092,48.189288],[-116.371114,48.206949],[-116.365079,48.210482],[-116.361252,48.214897],[-116.363019,48.224317],[-116.369347,48.234031],[-116.389217,48.242567],[-116.404082,48.260818],[-116.415415,48.265234],[-116.426012,48.261407],[-116.442202,48.2461],[-116.45015,48.244039],[-116.460159,48.25287],[-116.469284,48.279952],[-116.481206,48.285545],[-116.503725,48.27848],[-116.538018,48.248749],[-116.560095,48.244039],[-116.571134,48.25287],[-116.557299,48.26906],[-116.536252,48.287311],[-116.52536,48.302323],[-116.513291,48.307328],[-116.486063,48.311154],[-116.437198,48.312921],[-116.42616,48.307622],[-116.412177,48.291432],[-116.403052,48.285545],[-116.389953,48.283484],[-116.351244,48.285545],[-116.333582,48.279363],[-116.313565,48.265234],[-116.286337,48.238446],[-116.28148,48.231676],[-116.279713,48.227555],[-116.281332,48.223434],[-116.286337,48.216663],[-116.278242,48.20901],[-116.262935,48.189876],[-116.25219,48.183106],[-116.217014,48.175158]]]}},{"type":"Feature","properties":{"name":"Canandaigua Lake","name_en":"Canandaigua","scalerank":5,"min_zoom":4.7},"geometry":{"type":"Polygon","coordinates":[[[-77.258952,42.886612],[-77.254537,42.880725],[-77.250563,42.873366],[-77.255714,42.861003],[-77.264251,42.826268],[-77.271462,42.813316],[-77.332249,42.741491],[-77.346967,42.715292],[-77.353001,42.691449],[-77.355209,42.687916],[-77.359919,42.691154],[-77.364629,42.697925],[-77.366689,42.705578],[-77.365659,42.71176],[-77.361391,42.725301],[-77.360508,42.732954],[-77.356975,42.745317],[-77.33843,42.776814],[-77.307964,42.811549],[-77.293393,42.836865],[-77.271757,42.893971],[-77.264545,42.891028],[-77.258952,42.886612]]]}},{"type":"Feature","properties":{"name":"Owasco Lake","name_en":"Owasco","scalerank":5,"min_zoom":4.7},"geometry":{"type":"Polygon","coordinates":[[[-76.497138,42.826268],[-76.47506,42.798009],[-76.466524,42.780935],[-76.469173,42.763568],[-76.512739,42.818025],[-76.524366,42.83922],[-76.543647,42.885435],[-76.547474,42.908984],[-76.537466,42.921936],[-76.537466,42.916932],[-76.535699,42.913988],[-76.533344,42.911633],[-76.530695,42.908101],[-76.497138,42.826268]]]}},{"type":"Feature","properties":{"name":"Skaneateles Lake","name_en":"Skaneateles","scalerank":5,"min_zoom":4.7},"geometry":{"type":"Polygon","coordinates":[[[-76.376596,42.893677],[-76.291966,42.827151],[-76.269889,42.783879],[-76.284312,42.79271],[-76.322138,42.829211],[-76.335532,42.83922],[-76.364674,42.853349],[-76.390136,42.875721],[-76.404266,42.885729],[-76.417512,42.896915],[-76.428256,42.914282],[-76.432672,42.934299],[-76.4312,42.95255],[-76.423252,42.958731],[-76.407651,42.942247],[-76.376596,42.893677]]]}},{"type":"Feature","properties":{"name":"Bear Lake","name_en":"Bear","scalerank":5,"min_zoom":4.7},"geometry":{"type":"Polygon","coordinates":[[[-111.293332,42.135101],[-111.289211,42.123326],[-111.283618,42.096245],[-111.28509,42.03796],[-111.287445,42.025597],[-111.30599,41.96849],[-111.310258,41.925513],[-111.313496,41.911384],[-111.321003,41.897549],[-111.332483,41.883419],[-111.346171,41.872528],[-111.360006,41.868701],[-111.37178,41.873116],[-111.381053,41.882831],[-111.387529,41.895783],[-111.395918,41.924925],[-111.410195,41.958188],[-111.410931,41.992923],[-111.420056,42.021476],[-111.419615,42.032956],[-111.416229,42.044142],[-111.412844,42.069457],[-111.396065,42.125975],[-111.388412,42.13981],[-111.375018,42.149524],[-111.357504,42.155117],[-111.335868,42.158355],[-111.324682,42.156],[-111.313349,42.151585],[-111.303635,42.146581],[-111.297306,42.142165],[-111.293332,42.135101]]]}},{"type":"Feature","properties":{"name":"Utah Lake","name_en":"Utah","scalerank":5,"min_zoom":4.7},"geometry":{"type":"Polygon","coordinates":[[[-111.67424,40.233803],[-111.670707,40.229093],[-111.669824,40.222617],[-111.67159,40.215846],[-111.67527,40.210254],[-111.680421,40.206427],[-111.694403,40.204366],[-111.709563,40.199068],[-111.723104,40.201423],[-111.731493,40.200834],[-111.736792,40.195241],[-111.740766,40.186704],[-111.746653,40.180228],[-111.754012,40.176107],[-111.76299,40.175519],[-111.790808,40.179934],[-111.806556,40.178757],[-111.820539,40.169043],[-111.829811,40.160506],[-111.833638,40.155502],[-111.845412,40.126654],[-111.846737,40.119884],[-111.846148,40.114585],[-111.843646,40.110758],[-111.841144,40.108404],[-111.841144,40.106343],[-111.846001,40.099573],[-111.850269,40.09604],[-111.854832,40.093097],[-111.858806,40.089564],[-111.861014,40.083677],[-111.861749,40.077201],[-111.863221,40.071902],[-111.866901,40.068076],[-111.874554,40.064838],[-111.890303,40.060717],[-111.894424,40.060717],[-111.895749,40.06366],[-111.892069,40.086032],[-111.887801,40.087209],[-111.879559,40.091036],[-111.874113,40.096629],[-111.878381,40.103399],[-111.896632,40.115763],[-111.901341,40.12165],[-111.90193,40.128126],[-111.900311,40.134896],[-111.899722,40.140489],[-111.901047,40.144905],[-111.912674,40.152264],[-111.918709,40.159034],[-111.919886,40.168159],[-111.913116,40.179051],[-111.868373,40.229976],[-111.849828,40.264711],[-111.842763,40.28355],[-111.84188,40.294736],[-111.846001,40.305628],[-111.869697,40.344189],[-111.885299,40.36244],[-111.887065,40.366561],[-111.883827,40.370682],[-111.875732,40.375686],[-111.86278,40.379513],[-111.844824,40.380396],[-111.825984,40.377158],[-111.778592,40.364206],[-111.769025,40.359202],[-111.761077,40.352137],[-111.756661,40.344189],[-111.754454,40.323584],[-111.751657,40.313281],[-111.745476,40.305628],[-111.72958,40.294736],[-111.725017,40.289143],[-111.725753,40.28355],[-111.732376,40.273247],[-111.733112,40.268243],[-111.73061,40.262356],[-111.728108,40.254114],[-111.727814,40.244694],[-111.726048,40.237924],[-111.719424,40.237629],[-111.710005,40.239984],[-111.70191,40.240279],[-111.687192,40.238807],[-111.680127,40.237041],[-111.67424,40.233803]]]}},{"type":"Feature","properties":{"name":"Leech Lake","name_en":"Leech","scalerank":5,"min_zoom":4.7},"geometry":{"type":"Polygon","coordinates":[[[-94.27938,47.189038],[-94.253182,47.195809],[-94.224628,47.196986],[-94.257303,47.16755],[-94.265545,47.156069],[-94.2679,47.138702],[-94.264662,47.123101],[-94.266281,47.112504],[-94.283207,47.108382],[-94.298072,47.103084],[-94.307198,47.091309],[-94.312791,47.079535],[-94.317353,47.074236],[-94.332071,47.070998],[-94.361066,47.056869],[-94.375343,47.053631],[-94.399334,47.057458],[-94.431419,47.067172],[-94.459531,47.081595],[-94.4716,47.09808],[-94.466596,47.127811],[-94.468803,47.142823],[-94.481608,47.138996],[-94.49456,47.131637],[-94.508248,47.13046],[-94.521495,47.134581],[-94.533122,47.142529],[-94.537832,47.156069],[-94.556818,47.159013],[-94.574186,47.148416],[-94.574627,47.121923],[-94.564325,47.097491],[-94.559615,47.080712],[-94.565649,47.065994],[-94.587727,47.04686],[-94.578896,47.088366],[-94.580809,47.101612],[-94.592584,47.112798],[-94.623639,47.124573],[-94.629821,47.138996],[-94.625405,47.201696],[-94.612895,47.229955],[-94.587727,47.224951],[-94.584636,47.21347],[-94.588463,47.18109],[-94.580809,47.16961],[-94.567121,47.171376],[-94.554169,47.183445],[-94.536507,47.207583],[-94.5134,47.219358],[-94.482639,47.230544],[-94.453791,47.246439],[-94.436865,47.273521],[-94.416407,47.259686],[-94.422147,47.236137],[-94.44025,47.211704],[-94.457323,47.196986],[-94.437159,47.198458],[-94.313968,47.279702],[-94.302782,47.300602],[-94.294098,47.306784],[-94.279822,47.300014],[-94.269077,47.262629],[-94.289683,47.234959],[-94.317353,47.207289],[-94.328245,47.16961],[-94.27938,47.189038]]]}},{"type":"Feature","properties":{"name":"Lac des Mille Lacs","name_en":"Mille Lacs","scalerank":5,"min_zoom":4.7},"geometry":{"type":"Polygon","coordinates":[[[-90.308261,48.938444],[-90.289863,48.94757],[-90.277647,48.93138],[-90.279119,48.906359],[-90.288539,48.888991],[-90.321949,48.85926],[-90.332104,48.854845],[-90.342113,48.854845],[-90.349766,48.851607],[-90.35271,48.838949],[-90.347706,48.829235],[-90.338728,48.822465],[-90.335195,48.816283],[-90.346528,48.807747],[-90.346528,48.800976],[-90.332252,48.800976],[-90.33549,48.794206],[-90.340052,48.788613],[-90.345645,48.784197],[-90.35271,48.780371],[-90.384207,48.78773],[-90.462949,48.781843],[-90.483113,48.794206],[-90.44882,48.793617],[-90.435573,48.797444],[-90.428509,48.807747],[-90.441166,48.810396],[-90.463391,48.818932],[-90.475607,48.821287],[-90.485615,48.820699],[-90.508723,48.815694],[-90.520645,48.814517],[-90.54228,48.809513],[-90.565241,48.800093],[-90.587465,48.794206],[-90.607188,48.800976],[-90.594972,48.805392],[-90.585552,48.810396],[-90.581431,48.817461],[-90.585405,48.828352],[-90.598651,48.821876],[-90.610131,48.822759],[-90.621317,48.826292],[-90.633975,48.828352],[-90.644719,48.826292],[-90.656641,48.82217],[-90.669151,48.819521],[-90.681662,48.821287],[-90.693878,48.834534],[-90.677688,48.846014],[-90.656788,48.8572],[-90.654433,48.869857],[-90.626469,48.882809],[-90.59924,48.880749],[-90.599387,48.906653],[-90.61749,48.931968],[-90.644425,48.927553],[-90.667532,48.903121],[-90.682545,48.894878],[-90.689168,48.907536],[-90.691081,48.916073],[-90.695497,48.922843],[-90.700207,48.927553],[-90.702856,48.93138],[-90.702414,48.940799],[-90.698441,48.94757],[-90.696674,48.954929],[-90.702856,48.965526],[-90.687255,48.965526],[-90.669151,48.961993],[-90.654433,48.962582],[-90.648251,48.975534],[-90.592911,48.985837],[-90.581284,48.965526],[-90.573777,48.935206],[-90.562297,48.911068],[-90.538306,48.910774],[-90.53919,48.895173],[-90.545518,48.88487],[-90.553025,48.875745],[-90.558176,48.862498],[-90.469425,48.882809],[-90.451763,48.882221],[-90.443227,48.881043],[-90.436751,48.883398],[-90.414526,48.900766],[-90.404518,48.903709],[-90.395393,48.902532],[-90.387445,48.896645],[-90.400397,48.87545],[-90.379055,48.872507],[-90.348,48.881043],[-90.332252,48.893407],[-90.324892,48.916367],[-90.308261,48.938444]]]}},{"type":"Feature","properties":{"name":"Grand Lake","name_en":"Foshay Lake","scalerank":5,"min_zoom":4.7},"geometry":{"type":"Polygon","coordinates":[[[-66.033229,45.899723],[-66.033818,45.896485],[-66.036467,45.893836],[-66.046475,45.888538],[-66.076942,45.881767],[-66.097253,45.880295],[-66.114915,45.874997],[-66.121832,45.869698],[-66.130516,45.857041],[-66.135373,45.854391],[-66.151416,45.856452],[-66.169667,45.862045],[-66.184385,45.871759],[-66.190566,45.8853],[-66.183207,45.892659],[-66.110941,45.916502],[-66.104906,45.91974],[-66.101668,45.922389],[-66.098725,45.923273],[-66.091219,45.923273],[-66.087245,45.924744],[-66.087539,45.928277],[-66.088569,45.932692],[-66.087539,45.936519],[-66.066933,45.958891],[-66.044267,45.990388],[-66.033082,46.020707],[-66.046475,46.038663],[-66.039705,46.053087],[-66.019688,46.044551],[-66.009532,46.053087],[-66.003351,46.069571],[-65.994961,46.083995],[-65.987161,46.087528],[-65.981862,46.083701],[-65.974209,46.07016],[-65.96891,46.069866],[-65.959932,46.07281],[-65.944184,46.080463],[-65.948893,46.087233],[-65.954192,46.091943],[-65.96111,46.094298],[-65.970824,46.094592],[-65.950954,46.104012],[-65.917838,46.101363],[-65.895761,46.091943],[-65.909449,46.080463],[-65.954634,46.065745],[-65.976417,46.051321],[-65.977594,46.032776],[-65.96317,46.028655],[-65.895761,46.038663],[-65.910773,46.01688],[-65.94021,46.002162],[-65.973031,45.990682],[-65.998788,45.978024],[-65.988044,45.973314],[-65.976417,45.971548],[-65.967144,45.968605],[-65.963465,45.960657],[-65.968763,45.953886],[-65.994961,45.944172],[-66.00497,45.936519],[-66.000996,45.928277],[-66.007619,45.921212],[-66.018952,45.914147],[-66.029108,45.906199],[-66.033229,45.899723]]]}},{"type":"Feature","properties":{"name":"Mille Lacs Lake","name_en":"Mille Lacs","scalerank":5,"min_zoom":4.7},"geometry":{"type":"Polygon","coordinates":[[[-93.53773,46.310067],[-93.544059,46.282985],[-93.546119,46.251783],[-93.538466,46.227351],[-93.52257,46.200858],[-93.484744,46.156115],[-93.5158,46.152582],[-93.525661,46.149344],[-93.536258,46.141985],[-93.540821,46.135509],[-93.546413,46.130505],[-93.559807,46.12815],[-93.57114,46.130505],[-93.59307,46.140808],[-93.607641,46.141985],[-93.633398,46.124912],[-93.642376,46.12138],[-93.665925,46.122851],[-93.686678,46.130211],[-93.724945,46.149344],[-93.746875,46.156115],[-93.756884,46.161119],[-93.765862,46.16995],[-93.764832,46.175248],[-93.760858,46.182607],[-93.761005,46.190555],[-93.772044,46.197031],[-93.769247,46.209394],[-93.776901,46.21852],[-93.800008,46.231177],[-93.812371,46.242363],[-93.82812,46.265029],[-93.837245,46.275626],[-93.838717,46.291522],[-93.818847,46.307123],[-93.724945,46.34804],[-93.677406,46.35275],[-93.642523,46.368057],[-93.608377,46.371883],[-93.574672,46.367468],[-93.552301,46.354222],[-93.537288,46.333616],[-93.53773,46.310067]]]}},{"type":"Feature","properties":{"name":"Lower Red Lake","name_en":"Red","scalerank":5,"min_zoom":4.7},"geometry":{"type":"Polygon","coordinates":[[[-95.019706,48.067421],[-95.009403,48.047993],[-94.991005,48.030625],[-94.968781,48.017673],[-94.94744,48.012669],[-94.935812,48.01473],[-94.916826,48.024149],[-94.90667,48.02621],[-94.894748,48.024738],[-94.862074,48.012669],[-94.782448,48.004721],[-94.762726,47.995596],[-94.758163,47.978523],[-94.762432,47.952324],[-94.770968,47.92642],[-94.779505,47.91023],[-94.821599,47.889036],[-95.164975,47.879617],[-95.244747,47.88727],[-95.271093,47.894629],[-95.291846,47.90817],[-95.300824,47.930836],[-95.294789,47.94997],[-95.265206,48.007959],[-95.255786,48.020028],[-95.203978,48.040634],[-95.151287,48.051525],[-95.143192,48.057707],[-95.035013,48.086554],[-95.019706,48.067421]]]}},{"type":"Feature","properties":{"name":"Upper Red Lake","name_en":"Red","scalerank":5,"min_zoom":4.7},"geometry":{"type":"Polygon","coordinates":[[[-95.035013,48.086554],[-95.025888,48.088909],[-95.025888,48.095091],[-95.048259,48.105099],[-95.048259,48.121584],[-95.032805,48.136891],[-94.986148,48.147782],[-94.940964,48.166622],[-94.897398,48.175158],[-94.852507,48.193997],[-94.724164,48.211954],[-94.621578,48.211365],[-94.571095,48.201651],[-94.539892,48.177219],[-94.542542,48.146899],[-94.569329,48.115697],[-94.607743,48.091264],[-94.792898,48.052703],[-94.851624,48.071542],[-94.934046,48.061239],[-94.945821,48.059767],[-94.966426,48.054469],[-94.978789,48.054174],[-94.989092,48.056824],[-95.008226,48.065655],[-95.019706,48.067421],[-95.035013,48.086554]]]}},{"type":"Feature","properties":{"name":"Lake Winnipesaukee","name_en":"Winnipesaukee","scalerank":5,"min_zoom":4.7},"geometry":{"type":"Polygon","coordinates":[[[-71.304407,43.690815],[-71.286304,43.663145],[-71.302494,43.633708],[-71.288953,43.606332],[-71.27085,43.619873],[-71.263343,43.615163],[-71.260105,43.6028],[-71.254071,43.59338],[-71.237881,43.59132],[-71.220219,43.593675],[-71.205942,43.59132],[-71.200055,43.576013],[-71.216834,43.563061],[-71.228314,43.551875],[-71.233613,43.541572],[-71.244798,43.525088],[-71.247889,43.517729],[-71.248331,43.510075],[-71.246417,43.503599],[-71.24053,43.489764],[-71.25937,43.507426],[-71.272027,43.533036],[-71.286893,43.555702],[-71.324866,43.569831],[-71.34238,43.588965],[-71.354155,43.59338],[-71.368579,43.594558],[-71.412439,43.606332],[-71.436724,43.617224],[-71.461009,43.633414],[-71.468515,43.648132],[-71.442758,43.654903],[-71.437018,43.653431],[-71.422742,43.647838],[-71.418621,43.648132],[-71.416118,43.653431],[-71.415824,43.660201],[-71.417885,43.666088],[-71.4223,43.668443],[-71.434075,43.673153],[-71.443053,43.68375],[-71.453355,43.703178],[-71.453355,43.70936],[-71.438196,43.710243],[-71.422447,43.709066],[-71.409937,43.703767],[-71.404933,43.692581],[-71.397721,43.691404],[-71.354155,43.674625],[-71.335463,43.676391],[-71.334138,43.681101],[-71.380059,43.712304],[-71.39463,43.719663],[-71.412439,43.723784],[-71.4014,43.733792],[-71.389184,43.737325],[-71.376526,43.735558],[-71.364016,43.729965],[-71.304407,43.690815]]]}},{"type":"Feature","properties":{"name":"Lake Simcoe","name_en":"Simcoe","scalerank":5,"min_zoom":4.7},"geometry":{"type":"Polygon","coordinates":[[[-79.422087,44.337239],[-79.470068,44.326347],[-79.49818,44.299266],[-79.498033,44.292495],[-79.496414,44.278366],[-79.491262,44.264236],[-79.481401,44.258055],[-79.466241,44.251579],[-79.465211,44.237744],[-79.474042,44.223614],[-79.487877,44.217138],[-79.503626,44.218021],[-79.515547,44.222731],[-79.522906,44.233917],[-79.525409,44.254228],[-79.522465,44.403765],[-79.528205,44.411418],[-79.545867,44.415245],[-79.575156,44.409063],[-79.603415,44.395228],[-79.633882,44.386397],[-79.670089,44.39464],[-79.657284,44.407886],[-79.634912,44.410535],[-79.587519,44.409063],[-79.573243,44.413185],[-79.537919,44.427903],[-79.525409,44.435556],[-79.44593,44.514446],[-79.42297,44.525043],[-79.399715,44.543588],[-79.400893,44.553596],[-79.411195,44.564488],[-79.415611,44.586565],[-79.412078,44.595396],[-79.405014,44.601872],[-79.395741,44.605699],[-79.369543,44.610114],[-79.372486,44.616885],[-79.388971,44.627482],[-79.396477,44.633663],[-79.4031,44.635724],[-79.407663,44.639551],[-79.409282,44.651619],[-79.407516,44.659862],[-79.384261,44.703133],[-79.340401,44.751703],[-79.33731,44.747288],[-79.334366,44.74405],[-79.337751,44.740812],[-79.339076,44.737574],[-79.342756,44.716968],[-79.349084,44.709609],[-79.356296,44.704016],[-79.361006,44.696363],[-79.361301,44.687826],[-79.356149,44.672225],[-79.354089,44.662217],[-79.354825,44.619828],[-79.349968,44.603049],[-79.334366,44.593335],[-79.327154,44.597751],[-79.319942,44.600695],[-79.326271,44.59098],[-79.326271,44.584504],[-79.321561,44.579206],[-79.313172,44.573319],[-79.308168,44.57273],[-79.298159,44.578617],[-79.292567,44.579795],[-79.286826,44.576851],[-79.283736,44.572141],[-79.279762,44.567726],[-79.271814,44.56596],[-79.243261,44.565076],[-79.225452,44.559778],[-79.212205,44.547415],[-79.160986,44.480888],[-79.156129,44.466759],[-79.159367,44.443798],[-79.167609,44.421427],[-79.189539,44.381099],[-79.19366,44.369913],[-79.194102,44.363143],[-79.19734,44.358433],[-79.210145,44.353723],[-79.224421,44.353429],[-79.235166,44.358433],[-79.243702,44.36432],[-79.25165,44.367264],[-79.262836,44.364026],[-79.265927,44.349602],[-79.275641,44.346364],[-79.32686,44.340182],[-79.422087,44.337239]]]}},{"type":"Feature","properties":{"name":"Lake George","name_en":"George","scalerank":6,"min_zoom":5},"geometry":{"type":"Polygon","coordinates":[[[-81.527085,29.257259],[-81.522522,29.236065],[-81.519726,29.229294],[-81.570503,29.20339],[-81.598468,29.199269],[-81.622753,29.216342],[-81.615835,29.225762],[-81.618485,29.234887],[-81.628199,29.241363],[-81.642623,29.243129],[-81.636882,29.259319],[-81.639532,29.273743],[-81.647332,29.286401],[-81.656899,29.298175],[-81.663228,29.302591],[-81.669851,29.303768],[-81.67515,29.306712],[-81.677358,29.314954],[-81.676622,29.336148],[-81.677358,29.339386],[-81.658665,29.34233],[-81.658224,29.352927],[-81.670587,29.374121],[-81.66941,29.384424],[-81.664111,29.400908],[-81.664406,29.415038],[-81.667791,29.422691],[-81.673825,29.427696],[-81.67986,29.431228],[-81.683539,29.43476],[-81.684717,29.441236],[-81.683539,29.455955],[-81.683539,29.462725],[-81.685011,29.473616],[-81.684864,29.484213],[-81.682362,29.495694],[-81.677358,29.510706],[-81.677799,29.505996],[-81.676327,29.504525],[-81.673678,29.504819],[-81.670587,29.503642],[-81.668379,29.452422],[-81.659401,29.430345],[-81.639532,29.42122],[-81.638649,29.414744],[-81.643653,29.386485],[-81.639532,29.380303],[-81.604061,29.377065],[-81.595524,29.374121],[-81.58375,29.357048],[-81.574477,29.334088],[-81.562703,29.313777],[-81.534738,29.30053],[-81.538123,29.289933],[-81.544158,29.277275],[-81.543569,29.267561],[-81.537829,29.264029],[-81.533413,29.263735],[-81.530028,29.262852],[-81.527085,29.257259]]]}},{"type":"Feature","properties":{"name":"Lake Havasu","name_en":"Havasu","scalerank":6,"min_zoom":5},"geometry":{"type":"Polygon","coordinates":[[[-114.104363,34.325032],[-114.08464,34.315612],[-114.063593,34.307958],[-114.10083,34.308842],[-114.128942,34.318556],[-114.223433,34.385376],[-114.248895,34.398034],[-114.27215,34.403332],[-114.28054,34.408042],[-114.30247,34.437479],[-114.315127,34.44631],[-114.329551,34.45308],[-114.3453,34.457201],[-114.36149,34.458673],[-114.389896,34.467209],[-114.398432,34.488109],[-114.391073,34.512836],[-114.371498,34.533736],[-114.378857,34.5408],[-114.370321,34.536679],[-114.364433,34.531086],[-114.360459,34.523727],[-114.35781,34.513425],[-114.358693,34.502239],[-114.358104,34.491347],[-114.35575,34.481339],[-114.350893,34.472508],[-114.322339,34.468976],[-114.242567,34.405982],[-114.210628,34.389792],[-114.188992,34.385671],[-114.170153,34.375368],[-114.104363,34.325032]]]}},{"type":"Feature","properties":{"name":"Upper Klamath Lake","name_en":"Upper Klamath","scalerank":6,"min_zoom":5},"geometry":{"type":"Polygon","coordinates":[[[-121.825386,42.291702],[-121.809491,42.270508],[-121.806694,42.259028],[-121.81008,42.249019],[-121.820971,42.243427],[-121.873221,42.294646],[-121.89103,42.317901],[-121.93121,42.312013],[-121.943868,42.32526],[-121.939747,42.345277],[-121.909133,42.360878],[-121.909722,42.3806],[-121.920172,42.394141],[-121.935479,42.401794],[-121.953288,42.401794],[-121.971244,42.392964],[-121.97404,42.411508],[-121.985815,42.421223],[-122.000533,42.420634],[-122.01216,42.407093],[-122.032766,42.420928],[-122.052488,42.442122],[-122.081042,42.482745],[-122.073535,42.485688],[-122.053813,42.49658],[-122.045718,42.498346],[-122.026143,42.500406],[-122.019078,42.502761],[-122.011572,42.512475],[-121.995529,42.544267],[-121.995529,42.551331],[-121.979192,42.55663],[-121.975807,42.568405],[-121.976837,42.579885],[-121.974335,42.585478],[-121.95314,42.590188],[-121.947548,42.602256],[-121.951227,42.617858],[-121.958145,42.634342],[-121.950197,42.634342],[-121.944751,42.631987],[-121.940777,42.627277],[-121.937098,42.620213],[-121.931799,42.600196],[-121.92915,42.570171],[-121.932977,42.542795],[-121.947253,42.530726],[-121.966976,42.524544],[-121.979928,42.509826],[-121.979192,42.491576],[-121.958145,42.476269],[-121.946664,42.474502],[-121.921644,42.476857],[-121.909722,42.476269],[-121.899861,42.471264],[-121.884406,42.458312],[-121.879108,42.455663],[-121.861299,42.45007],[-121.843931,42.435941],[-121.829802,42.417984],[-121.820971,42.400323],[-121.817439,42.380306],[-121.820971,42.314663],[-121.822884,42.307304],[-121.825828,42.299944],[-121.825386,42.291702]]]}},{"type":"Feature","properties":{"name":"Chiputneticook Lakes","name_en":"Chiputneticook Lakes","scalerank":6,"min_zoom":5},"geometry":{"type":"Polygon","coordinates":[[[-67.45854,45.635384],[-67.438082,45.623021],[-67.432783,45.611835],[-67.442056,45.603593],[-67.54052,45.593879],[-67.561862,45.596234],[-67.603073,45.605948],[-67.649435,45.611247],[-67.66695,45.620077],[-67.697564,45.64922],[-67.711546,45.642155],[-67.723173,45.645393],[-67.733034,45.651869],[-67.793821,45.676301],[-67.835768,45.703971],[-67.856815,45.723694],[-67.868884,45.744593],[-67.827673,45.739001],[-67.821785,45.740767],[-67.817811,45.754896],[-67.80795,45.765493],[-67.794557,45.769909],[-67.780133,45.765199],[-67.767034,45.754896],[-67.770124,45.739589],[-67.77557,45.722516],[-67.76983,45.706915],[-67.759527,45.699556],[-67.753346,45.699556],[-67.747605,45.702499],[-67.738627,45.703677],[-67.738922,45.706032],[-67.736714,45.710742],[-67.732887,45.715157],[-67.728619,45.717218],[-67.723468,45.715746],[-67.719788,45.711919],[-67.716256,45.707209],[-67.71184,45.703677],[-67.703892,45.69514],[-67.685936,45.668353],[-67.674014,45.66276],[-67.655764,45.658934],[-67.632951,45.649808],[-67.595272,45.628025],[-67.583056,45.640977],[-67.566719,45.641272],[-67.550087,45.634207],[-67.536841,45.624787],[-67.525508,45.625082],[-67.51079,45.634207],[-67.49769,45.647453],[-67.492245,45.658934],[-67.484444,45.692197],[-67.468843,45.685426],[-67.456627,45.659522],[-67.45854,45.635384]]]}},{"type":"Feature","properties":{"name":null,"name_en":null,"scalerank":6,"min_zoom":5},"geometry":{"type":"Polygon","coordinates":[[[-78.787143,47.631173],[-78.797299,47.646186],[-78.8129,47.656489],[-78.798624,47.671207],[-78.77478,47.686808],[-78.748729,47.694756],[-78.707812,47.678271],[-78.684116,47.681509],[-78.658948,47.688869],[-78.63481,47.691223],[-78.588889,47.677094],[-78.572258,47.664731],[-78.56637,47.642653],[-78.573582,47.619693],[-78.588153,47.621459],[-78.605668,47.627052],[-78.621711,47.616161],[-78.613469,47.610568],[-78.60714,47.60262],[-78.602724,47.592906],[-78.600075,47.581131],[-78.672341,47.595555],[-78.690003,47.609096],[-78.708107,47.595849],[-78.714288,47.578482],[-78.717673,47.559937],[-78.727535,47.543453],[-78.744755,47.534916],[-78.754616,47.542864],[-78.756824,47.560526],[-78.750789,47.581131],[-78.789351,47.578776],[-78.804952,47.583486],[-78.796121,47.598793],[-78.785524,47.614689],[-78.787143,47.631173]]]}},{"type":"Feature","properties":{"name":null,"name_en":null,"scalerank":6,"min_zoom":5},"geometry":{"type":"Polygon","coordinates":[[[-83.897305,48.30144],[-83.919088,48.294964],[-83.939104,48.299968],[-83.92159,48.313509],[-83.834016,48.35266],[-83.774702,48.390633],[-83.751447,48.400935],[-83.70847,48.413004],[-83.640619,48.445679],[-83.617511,48.450094],[-83.589105,48.451566],[-83.612654,48.4289],[-83.71318,48.390633],[-83.731872,48.377681],[-83.736729,48.372676],[-83.740703,48.361491],[-83.733932,48.355603],[-83.724366,48.35472],[-83.719361,48.359136],[-83.711266,48.363846],[-83.562318,48.41477],[-83.534501,48.431549],[-83.48387,48.475704],[-83.455906,48.493954],[-83.424556,48.506612],[-83.485636,48.439791],[-83.527436,48.409472],[-83.694488,48.347067],[-83.745266,48.319397],[-83.836077,48.25287],[-83.849176,48.259052],[-83.836518,48.276714],[-83.791481,48.317925],[-83.769403,48.332643],[-83.758806,48.341474],[-83.754244,48.351777],[-83.758218,48.365317],[-83.768079,48.367672],[-83.791481,48.362668],[-83.815619,48.335292],[-83.825038,48.330288],[-83.856535,48.321751],[-83.897305,48.30144]]]}},{"type":"Feature","properties":{"name":"Canyon Ferry Lake","name_en":"Canyon Ferry","scalerank":7,"min_zoom":5.7},"geometry":{"type":"Polygon","coordinates":[[[-111.533239,46.384835],[-111.555464,46.478443],[-111.573273,46.513767],[-111.604181,46.545853],[-111.678802,46.607963],[-111.707061,46.637694],[-111.71236,46.649469],[-111.703087,46.662421],[-111.687044,46.660066],[-111.669971,46.650941],[-111.657755,46.64211],[-111.647452,46.628569],[-111.62773,46.610318],[-111.605211,46.594423],[-111.56871,46.579116],[-111.558113,46.559099],[-111.550459,46.536433],[-111.541776,46.51936],[-111.532062,46.512295],[-111.508954,46.503759],[-111.500123,46.498754],[-111.494972,46.49169],[-111.48879,46.4755],[-111.48305,46.467552],[-111.474072,46.448712],[-111.474661,46.426046],[-111.480254,46.404558],[-111.486435,46.388957],[-111.513811,46.359815],[-111.533239,46.384835]]]}},{"type":"Feature","properties":{"name":"Jackson Lake","name_en":"Jackson","scalerank":7,"min_zoom":5.7},"geometry":{"type":"Polygon","coordinates":[[[-110.70431,43.907761],[-110.6996,43.933371],[-110.6996,44.011378],[-110.703574,44.036693],[-110.712552,44.052],[-110.712552,44.05877],[-110.705046,44.05877],[-110.677817,44.025507],[-110.659419,44.010494],[-110.644554,43.987828],[-110.634251,43.96163],[-110.629983,43.935432],[-110.636164,43.887745],[-110.633368,43.877736],[-110.623507,43.875381],[-110.597014,43.884212],[-110.58156,43.88068],[-110.589655,43.863312],[-110.603932,43.846828],[-110.618944,43.837114],[-110.629983,43.839763],[-110.644554,43.826517],[-110.655592,43.827694],[-110.677817,43.846534],[-110.725062,43.870083],[-110.739928,43.88068],[-110.716526,43.888628],[-110.70431,43.907761]]]}},{"type":"Feature","properties":{"name":"Cass Lake","name_en":"Cass","scalerank":7,"min_zoom":5.7},"geometry":{"type":"Polygon","coordinates":[[[-94.546663,47.471333],[-94.535771,47.469273],[-94.505599,47.457793],[-94.510014,47.452494],[-94.51546,47.442486],[-94.519876,47.437187],[-94.511045,47.421586],[-94.512664,47.40363],[-94.522083,47.389206],[-94.53636,47.383319],[-94.558437,47.384496],[-94.58022,47.387734],[-94.599796,47.393621],[-94.615544,47.402452],[-94.628643,47.414816],[-94.638063,47.428651],[-94.637033,47.440131],[-94.60009,47.449256],[-94.566974,47.46839],[-94.546663,47.471333]]]}},{"type":"Feature","properties":{"name":"Lake Winnibigoshish","name_en":"Winnibigoshish","scalerank":7,"min_zoom":5.7},"geometry":{"type":"Polygon","coordinates":[[[-94.077005,47.474866],[-94.066113,47.453966],[-94.075386,47.440425],[-94.094078,47.432772],[-94.111593,47.430417],[-94.142942,47.445724],[-94.161635,47.446607],[-94.169877,47.426884],[-94.179738,47.388912],[-94.205495,47.365068],[-94.240818,47.357415],[-94.279822,47.368895],[-94.297336,47.380081],[-94.312202,47.39215],[-94.324565,47.406573],[-94.334279,47.423646],[-94.338842,47.440131],[-94.340166,47.452494],[-94.337811,47.461031],[-94.331777,47.461325],[-94.309994,47.453083],[-94.300133,47.451022],[-94.299838,47.468684],[-94.287034,47.494883],[-94.265104,47.514605],[-94.148977,47.506657],[-94.108943,47.495471],[-94.077005,47.474866]]]}},{"type":"Feature","properties":{"name":"Marmion Lake","name_en":"Marmion","scalerank":7,"min_zoom":5.7},"geometry":{"type":"Polygon","coordinates":[[[-91.29129,48.923726],[-91.332795,48.890463],[-91.335739,48.873979],[-91.328821,48.866031],[-91.317047,48.860143],[-91.304831,48.849252],[-91.330588,48.819521],[-91.348838,48.812456],[-91.370621,48.82482],[-91.373123,48.833356],[-91.374006,48.857494],[-91.377244,48.862498],[-91.377833,48.865442],[-91.408447,48.882809],[-91.412274,48.88958],[-91.416836,48.905181],[-91.422135,48.910774],[-91.432732,48.91254],[-91.464818,48.910185],[-91.473648,48.907536],[-91.482627,48.888108],[-91.474826,48.86868],[-91.458636,48.850724],[-91.442004,48.835711],[-91.458047,48.825114],[-91.478506,48.815989],[-91.494696,48.816872],[-91.497345,48.835711],[-91.505734,48.829824],[-91.514565,48.827763],[-91.523543,48.829824],[-91.53208,48.835711],[-91.526045,48.838949],[-91.523543,48.841598],[-91.521777,48.844836],[-91.518392,48.849252],[-91.568287,48.840715],[-91.588451,48.840715],[-91.586684,48.856317],[-91.610528,48.863087],[-91.629514,48.865148],[-91.638934,48.871329],[-91.633783,48.890463],[-91.620831,48.905475],[-91.576823,48.938444],[-91.562546,48.94492],[-91.540322,48.949336],[-91.501172,48.967881],[-91.480566,48.972296],[-91.469969,48.970236],[-91.458342,48.966998],[-91.44745,48.965231],[-91.438914,48.968764],[-91.429347,48.975829],[-91.417425,48.979067],[-91.405356,48.977889],[-91.394906,48.972296],[-91.425226,48.958461],[-91.439649,48.948747],[-91.442004,48.937561],[-91.428316,48.928436],[-91.411685,48.932557],[-91.3874,48.94492],[-91.379158,48.941388],[-91.375184,48.936972],[-91.373859,48.930202],[-91.373712,48.920782],[-91.370327,48.917839],[-91.362379,48.916956],[-91.330146,48.918133],[-91.285697,48.93138],[-91.285108,48.926375],[-91.28658,48.925198],[-91.289082,48.924904],[-91.29129,48.923726]]]}},{"type":"Feature","properties":{"name":null,"name_en":null,"scalerank":7,"min_zoom":5.7},"geometry":{"type":"Polygon","coordinates":[[[-77.11751,48.538403],[-77.101614,48.566074],[-77.07939,48.623475],[-77.092636,48.644375],[-77.081745,48.676166],[-77.044508,48.733272],[-77.056282,48.746225],[-77.069676,48.75535],[-77.080862,48.766241],[-77.085572,48.784197],[-77.094255,48.795678],[-77.11074,48.801565],[-77.120159,48.811573],[-77.107207,48.835711],[-77.10603,48.81334],[-77.093667,48.804509],[-77.07939,48.798033],[-77.072472,48.784197],[-77.06894,48.780959],[-77.036707,48.745047],[-77.020959,48.746225],[-77.016396,48.750051],[-77.00889,48.767713],[-77.003591,48.774189],[-76.993583,48.778016],[-76.962674,48.780371],[-76.945454,48.788024],[-76.927056,48.798916],[-76.9091,48.805392],[-76.893646,48.800976],[-76.91852,48.763592],[-76.92897,48.758882],[-76.941333,48.75741],[-76.948103,48.752995],[-76.942216,48.739454],[-76.978865,48.705602],[-76.990933,48.687352],[-76.983133,48.670573],[-77.002708,48.654972],[-77.010067,48.661742],[-77.015218,48.672045],[-77.028171,48.667335],[-77.042742,48.650556],[-77.073503,48.599042],[-77.0841,48.556948],[-77.096169,48.534871],[-77.111623,48.514854],[-77.126488,48.499253],[-77.14783,48.481886],[-77.154453,48.472466],[-77.169171,48.440675],[-77.174911,48.431549],[-77.1964,48.45451],[-77.186833,48.486301],[-77.161959,48.514266],[-77.13738,48.526629],[-77.11751,48.538403]]]}},{"type":"Feature","properties":{"name":null,"name_en":null,"scalerank":7,"min_zoom":5.7},"geometry":{"type":"Polygon","coordinates":[[[-75.67542,48.554593],[-75.672624,48.535754],[-75.693376,48.523096],[-75.72296,48.515737],[-75.746362,48.513677],[-75.760639,48.50308],[-75.770647,48.478942],[-75.772707,48.453627],[-75.763435,48.437731],[-75.771677,48.433904],[-75.783746,48.430666],[-75.796993,48.430372],[-75.808178,48.434787],[-75.81333,48.44509],[-75.807295,48.454804],[-75.797287,48.463929],[-75.790811,48.472466],[-75.788014,48.4916],[-75.789928,48.512499],[-75.795374,48.532222],[-75.804499,48.54694],[-75.832758,48.511911],[-75.85248,48.493071],[-75.867051,48.492483],[-75.862489,48.509261],[-75.842472,48.533988],[-75.818923,48.556948],[-75.804499,48.568134],[-75.829373,48.59345],[-75.862783,48.592272],[-75.885891,48.571961],[-75.88015,48.54017],[-75.891042,48.541936],[-75.911795,48.547234],[-75.921803,48.54694],[-75.932106,48.543113],[-75.93711,48.538698],[-75.941231,48.533105],[-75.949032,48.526629],[-76.010554,48.486301],[-76.007463,48.49837],[-76.002017,48.505435],[-75.976113,48.525451],[-75.971845,48.531927],[-75.968312,48.554593],[-75.96581,48.598454],[-75.957568,48.611111],[-75.934755,48.615821],[-75.939759,48.609345],[-75.949032,48.58874],[-75.931664,48.584619],[-75.906202,48.585796],[-75.883388,48.592272],[-75.873233,48.605518],[-75.870878,48.62789],[-75.863372,48.640842],[-75.85042,48.649084],[-75.831728,48.657621],[-75.82481,48.653794],[-75.822455,48.650851],[-75.822897,48.647907],[-75.82481,48.643197],[-75.82378,48.616116],[-75.771824,48.579026],[-75.783893,48.560775],[-75.776387,48.554299],[-75.772266,48.547529],[-75.770647,48.539875],[-75.770205,48.530456],[-75.76579,48.525157],[-75.755782,48.527218],[-75.739297,48.533988],[-75.722518,48.53546],[-75.705298,48.539875],[-75.689108,48.546351],[-75.67542,48.554593]]]}},{"type":"Feature","properties":{"name":null,"name_en":null,"scalerank":7,"min_zoom":5.7},"geometry":{"type":"Polygon","coordinates":[[[-77.851507,49.740292],[-77.869022,49.729989],[-77.908614,49.712622],[-77.8989,49.729695],[-77.855039,49.753539],[-77.847092,49.774144],[-77.853568,49.782681],[-77.876822,49.789451],[-77.880649,49.79475],[-77.836494,49.825658],[-77.815153,49.835961],[-77.784098,49.840965],[-77.726697,49.842437],[-77.717718,49.847735],[-77.711831,49.859804],[-77.713303,49.871873],[-77.726697,49.877171],[-77.739354,49.880115],[-77.762903,49.89395],[-77.77821,49.897777],[-77.757605,49.915144],[-77.723459,49.928096],[-77.688282,49.936044],[-77.664586,49.938694],[-77.648396,49.922504],[-77.641625,49.918088],[-77.630587,49.915733],[-77.587757,49.920737],[-77.556554,49.930451],[-77.538009,49.931334],[-77.553022,49.915144],[-77.595557,49.897483],[-77.60689,49.877171],[-77.589376,49.87776],[-77.560086,49.888063],[-77.545221,49.890712],[-77.509161,49.891595],[-77.493266,49.898366],[-77.500772,49.91485],[-77.501655,49.933101],[-77.4784,49.994917],[-77.476487,50.021116],[-77.483699,50.031418],[-77.492971,50.037011],[-77.501066,50.043782],[-77.504452,50.0585],[-77.498859,50.068803],[-77.466332,50.103243],[-77.464271,50.106187],[-77.452496,50.119728],[-77.449847,50.123554],[-77.454263,50.13268],[-77.461474,50.13474],[-77.46957,50.134446],[-77.476487,50.137389],[-77.504304,50.168592],[-77.517551,50.178895],[-77.4993,50.196262],[-77.483993,50.207448],[-77.473691,50.2204],[-77.469717,50.24336],[-77.47266,50.266321],[-77.482374,50.278684],[-77.499595,50.284866],[-77.576129,50.287515],[-77.587168,50.285455],[-77.605124,50.276329],[-77.61057,50.274563],[-77.629998,50.279273],[-77.644716,50.291342],[-77.668265,50.32225],[-77.651634,50.32902],[-77.638535,50.32696],[-77.614249,50.31548],[-77.584372,50.310475],[-77.552286,50.309298],[-77.518876,50.314302],[-77.459267,50.334025],[-77.428064,50.335791],[-77.400394,50.319306],[-77.401719,50.309887],[-77.418056,50.299878],[-77.43557,50.281333],[-77.415554,50.270148],[-77.407311,50.263083],[-77.401424,50.253958],[-77.420264,50.233058],[-77.429094,50.2204],[-77.43557,50.205682],[-77.437042,50.18802],[-77.432332,50.173596],[-77.425856,50.161822],[-77.421883,50.15093],[-77.422324,50.133268],[-77.42674,50.119139],[-77.433951,50.107364],[-77.442341,50.096178],[-77.460297,50.084109],[-77.462946,50.078811],[-77.461916,50.067036],[-77.459414,50.062327],[-77.45544,50.059972],[-77.449847,50.054673],[-77.443224,50.050258],[-77.436159,50.049374],[-77.430419,50.046725],[-77.428064,50.0376],[-77.430272,50.030535],[-77.439986,50.0167],[-77.442341,50.007575],[-77.439692,49.992857],[-77.434393,49.981671],[-77.431302,49.969896],[-77.43557,49.952234],[-77.457648,49.929568],[-77.468539,49.914556],[-77.469717,49.897777],[-77.458089,49.886297],[-77.438514,49.882176],[-77.417614,49.884236],[-77.401424,49.890712],[-77.394654,49.883353],[-77.384793,49.888357],[-77.339902,49.900426],[-77.266605,49.948113],[-77.236875,49.961654],[-77.216416,49.959005],[-77.219654,49.92427],[-77.270432,49.896305],[-77.366689,49.863631],[-77.356239,49.860393],[-77.347114,49.855389],[-77.342551,49.849501],[-77.346231,49.842437],[-77.356534,49.838904],[-77.369486,49.84067],[-77.409372,49.854211],[-77.41732,49.855977],[-77.469717,49.856566],[-77.517551,49.849207],[-77.527706,49.842437],[-77.55052,49.820065],[-77.559645,49.815061],[-77.568917,49.818887],[-77.577307,49.836255],[-77.586432,49.842437],[-77.597029,49.842437],[-77.608215,49.838904],[-77.647071,49.818004],[-77.663703,49.811823],[-77.682689,49.810645],[-77.755544,49.825952],[-77.777769,49.827424],[-77.798669,49.822714],[-77.817949,49.809468],[-77.826633,49.794161],[-77.839585,49.753833],[-77.851507,49.740292]]]}},{"type":"Feature","properties":{"name":null,"name_en":null,"scalerank":7,"min_zoom":5.7},"geometry":{"type":"Polygon","coordinates":[[[-75.612721,48.576965],[-75.584314,48.618176],[-75.565475,48.636427],[-75.567241,48.622297],[-75.571657,48.609051],[-75.58505,48.594333],[-75.643187,48.497781],[-75.643923,48.492483],[-75.656286,48.4916],[-75.667767,48.48895],[-75.678364,48.484829],[-75.688372,48.478942],[-75.679688,48.500725],[-75.666001,48.520742],[-75.629647,48.557537],[-75.612721,48.576965]]]}},{"type":"Feature","properties":{"name":null,"name_en":null,"scalerank":7,"min_zoom":5.7},"geometry":{"type":"Polygon","coordinates":[[[-77.493413,47.801316],[-77.514018,47.793662],[-77.517845,47.791307],[-77.516226,47.786597],[-77.512694,47.781005],[-77.510633,47.776589],[-77.508426,47.773057],[-77.50298,47.772762],[-77.496357,47.773351],[-77.479136,47.772762],[-77.468539,47.774823],[-77.458825,47.772468],[-77.449847,47.759516],[-77.48311,47.742443],[-77.497828,47.740382],[-77.504452,47.752451],[-77.527265,47.744209],[-77.5411,47.815739],[-77.559645,47.841938],[-77.553316,47.846353],[-77.54684,47.84812],[-77.539923,47.848708],[-77.531828,47.84812],[-77.516226,47.836934],[-77.498859,47.818389],[-77.493413,47.801316]]]}},{"type":"Feature","properties":{"name":null,"name_en":null,"scalerank":7,"min_zoom":5.7},"geometry":{"type":"Polygon","coordinates":[[[-79.275641,46.927054],[-79.156129,46.827265],[-79.189245,46.829031],[-79.231044,46.856996],[-79.271372,46.894085],[-79.343492,46.977979],[-79.344522,46.983572],[-79.354089,47.015952],[-79.358798,47.020662],[-79.417083,47.061873],[-79.431212,47.076591],[-79.440337,47.101023],[-79.453584,47.11633],[-79.456527,47.125456],[-79.450346,47.16961],[-79.45064,47.214942],[-79.459324,47.25056],[-79.475514,47.282057],[-79.645362,47.48458],[-79.655812,47.526674],[-79.640358,47.529912],[-79.624904,47.517549],[-79.611216,47.501064],[-79.601207,47.491939],[-79.581485,47.492822],[-79.575303,47.504891],[-79.573831,47.540215],[-79.566178,47.557877],[-79.555875,47.563764],[-79.519227,47.567591],[-79.489055,47.578188],[-79.473895,47.577893],[-79.456527,47.567591],[-79.459029,47.539626],[-79.521876,47.495766],[-79.515547,47.468095],[-79.493617,47.443663],[-79.474189,47.411578],[-79.465947,47.377431],[-79.47831,47.347995],[-79.469332,47.345346],[-79.450346,47.335043],[-79.455791,47.314437],[-79.446961,47.293538],[-79.42297,47.259097],[-79.416347,47.254681],[-79.411784,47.25056],[-79.409282,47.245556],[-79.411048,47.23908],[-79.415758,47.234665],[-79.420762,47.232015],[-79.42297,47.232015],[-79.421792,47.219652],[-79.416641,47.199341],[-79.415611,47.187566],[-79.419437,47.168138],[-79.426355,47.148122],[-79.42871,47.129282],[-79.415464,47.104556],[-79.409871,47.085422],[-79.34305,47.020956],[-79.275641,46.927054]]]}},{"type":"Feature","properties":{"name":null,"name_en":null,"scalerank":7,"min_zoom":5.7},"geometry":{"type":"Polygon","coordinates":[[[-68.353554,49.751184],[-68.2963,49.75501],[-68.280405,49.753833],[-68.321468,49.726457],[-68.347225,49.716743],[-68.365623,49.697315],[-68.39035,49.649922],[-68.383432,49.630789],[-68.381224,49.582513],[-68.373276,49.565146],[-68.359883,49.545129],[-68.362385,49.526878],[-68.382843,49.486256],[-68.384757,49.462707],[-68.369744,49.400596],[-68.361355,49.382051],[-68.346784,49.362034],[-68.341632,49.345256],[-68.362385,49.335247],[-68.395795,49.348788],[-68.422582,49.387938],[-68.439803,49.437097],[-68.444365,49.480074],[-68.440244,49.501563],[-68.427734,49.542479],[-68.425085,49.565146],[-68.431266,49.58163],[-68.446132,49.600764],[-68.4791,49.630789],[-68.547982,49.677887],[-68.547982,49.68554],[-68.527523,49.683774],[-68.4922,49.668173],[-68.475715,49.664346],[-68.465854,49.658753],[-68.457465,49.646979],[-68.447015,49.637265],[-68.431266,49.63697],[-68.419786,49.654043],[-68.417137,49.684069],[-68.426851,49.712916],[-68.451724,49.726457],[-68.451724,49.732639],[-68.39035,49.725574],[-68.364593,49.728223],[-68.369744,49.746768],[-68.353554,49.751184]]]}},{"type":"Feature","properties":{"name":null,"name_en":null,"scalerank":7,"min_zoom":5.7},"geometry":{"type":"Polygon","coordinates":[[[-112.249427,41.468071],[-112.253401,41.471015],[-112.26444,41.484261],[-112.263115,41.507811],[-112.250016,41.515464],[-112.242657,41.523706],[-112.238977,41.529594],[-112.237064,41.530182],[-112.23412,41.527827],[-112.224112,41.522823],[-112.213367,41.513109],[-112.203212,41.507222],[-112.196147,41.501629],[-112.190113,41.494564],[-112.187758,41.488383],[-112.187758,41.481318],[-112.188641,41.473076],[-112.191584,41.467777],[-112.198208,41.468071],[-112.2247,41.474253],[-112.237947,41.474253],[-112.24457,41.471604],[-112.247366,41.468955],[-112.249427,41.468071]]]}},{"type":"Feature","properties":{"name":null,"name_en":null,"scalerank":7,"min_zoom":5.7},"geometry":{"type":"Polygon","coordinates":[[[-76.064422,48.626713],[-76.085617,48.601692],[-76.088266,48.591389],[-76.087088,48.58403],[-76.087824,48.575788],[-76.096066,48.564307],[-76.105339,48.557243],[-76.13713,48.537226],[-76.145078,48.527806],[-76.157147,48.50779],[-76.168186,48.499253],[-76.17422,48.512205],[-76.188055,48.568134],[-76.161563,48.569312],[-76.142429,48.574316],[-76.127269,48.584324],[-76.112845,48.601692],[-76.087824,48.638487],[-76.072517,48.651734],[-76.05147,48.657621],[-76.056033,48.652322],[-76.057063,48.647318],[-76.057063,48.642608],[-76.058241,48.636427],[-76.064422,48.626713]]]}},{"type":"Feature","properties":{"name":"Lake Traverse","name_en":"Traverse","scalerank":7,"min_zoom":5.7},"geometry":{"type":"Polygon","coordinates":[[[-96.84079,45.640683],[-96.85227,45.624787],[-96.863161,45.600649],[-96.861984,45.636856],[-96.825924,45.671886],[-96.779415,45.700439],[-96.677123,45.746065],[-96.657695,45.759017],[-96.616484,45.818185],[-96.602502,45.826721],[-96.60471,45.784921],[-96.637826,45.747243],[-96.684041,45.716923],[-96.801639,45.66276],[-96.825336,45.652163],[-96.84079,45.640683]]]}},{"type":"Feature","properties":{"name":null,"name_en":null,"scalerank":7,"min_zoom":5.7},"geometry":{"type":"Polygon","coordinates":[[[-92.662291,29.860705],[-92.655668,29.850991],[-92.641833,29.819789],[-92.657139,29.812135],[-92.667295,29.815667],[-92.686576,29.836273],[-92.854069,29.866887],[-92.839792,29.883666],[-92.795343,29.914574],[-92.785777,29.925465],[-92.794902,29.940184],[-92.816243,29.94401],[-92.841117,29.944599],[-92.860987,29.94872],[-92.817715,29.973447],[-92.798729,29.97639],[-92.787543,29.970797],[-92.744271,29.956079],[-92.734852,29.955785],[-92.724402,29.956668],[-92.71454,29.956374],[-92.706593,29.952547],[-92.700558,29.947543],[-92.691286,29.94195],[-92.68113,29.936946],[-92.672888,29.935179],[-92.660083,29.928409],[-92.655815,29.916634],[-92.661702,29.91163],[-92.679658,29.925465],[-92.698645,29.936946],[-92.713952,29.931647],[-92.737354,29.907803],[-92.695848,29.907803],[-92.704679,29.897501],[-92.710125,29.893968],[-92.68687,29.88396],[-92.679364,29.876895],[-92.676567,29.863649],[-92.67539,29.855112],[-92.672299,29.848931],[-92.667589,29.848931],[-92.662291,29.860705]]]}},{"type":"Feature","properties":{"name":null,"name_en":null,"scalerank":7,"min_zoom":5.7},"geometry":{"type":"Polygon","coordinates":[[[-92.414731,29.795062],[-92.40222,29.789763],[-92.394714,29.771219],[-92.396333,29.757089],[-92.40325,29.736484],[-92.415467,29.717939],[-92.446375,29.702337],[-92.463595,29.687619],[-92.482287,29.677905],[-92.500979,29.685264],[-92.518347,29.698805],[-92.5965,29.731774],[-92.609452,29.741193],[-92.618136,29.754734],[-92.621374,29.775045],[-92.613132,29.793296],[-92.573687,29.818905],[-92.559263,29.833329],[-92.556173,29.829208],[-92.552935,29.827736],[-92.549549,29.827148],[-92.545575,29.82597],[-92.528502,29.817434],[-92.519966,29.806248],[-92.513637,29.794768],[-92.50407,29.785054],[-92.48891,29.780049],[-92.476253,29.783287],[-92.462859,29.78888],[-92.446375,29.791824],[-92.414731,29.795062]]]}},{"type":"Feature","properties":{"name":"Sebago Lake","name_en":"Sebago","scalerank":7,"min_zoom":5.7},"geometry":{"type":"Polygon","coordinates":[[[-70.495642,43.899814],[-70.480629,43.904229],[-70.472681,43.894515],[-70.474006,43.862429],[-70.485928,43.821218],[-70.507122,43.790604],[-70.535381,43.791193],[-70.532437,43.795314],[-70.527875,43.805617],[-70.540532,43.808855],[-70.545684,43.815331],[-70.548775,43.823279],[-70.555839,43.832404],[-70.565553,43.837114],[-70.590133,43.844179],[-70.600141,43.849772],[-70.617361,43.865079],[-70.625162,43.875676],[-70.623101,43.887745],[-70.610444,43.908056],[-70.60647,43.918653],[-70.606617,43.926306],[-70.603379,43.931605],[-70.589985,43.935432],[-70.580124,43.93396],[-70.55216,43.923951],[-70.538472,43.921596],[-70.524784,43.912177],[-70.524342,43.890983],[-70.520074,43.870083],[-70.494464,43.860369],[-70.504473,43.884212],[-70.495642,43.899814]]]}},{"type":"Feature","properties":{"name":"Moosehead Lake","name_en":"Moosehead Lake","scalerank":7,"min_zoom":5.7},"geometry":{"type":"Polygon","coordinates":[[[-69.554412,45.590052],[-69.559417,45.587403],[-69.561477,45.5771],[-69.558386,45.569447],[-69.551763,45.562382],[-69.546759,45.554729],[-69.547789,45.545309],[-69.557503,45.542365],[-69.591944,45.551196],[-69.6099,45.545309],[-69.592827,45.533534],[-69.586498,45.52647],[-69.582083,45.518227],[-69.593563,45.506159],[-69.594593,45.489085],[-69.597978,45.4779],[-69.616818,45.484081],[-69.622263,45.489969],[-69.627268,45.506159],[-69.630506,45.512046],[-69.639042,45.516167],[-69.65067,45.519994],[-69.660825,45.525587],[-69.692469,45.585343],[-69.695266,45.593879],[-69.707335,45.603593],[-69.708071,45.62567],[-69.703361,45.648925],[-69.698651,45.66276],[-69.719256,45.670414],[-69.760026,45.692785],[-69.777835,45.706915],[-69.794319,45.727815],[-69.802414,45.751953],[-69.79741,45.773147],[-69.77445,45.78551],[-69.764588,45.783744],[-69.75561,45.777268],[-69.745896,45.771675],[-69.733533,45.771969],[-69.726616,45.779328],[-69.715135,45.806704],[-69.709248,45.816713],[-69.706893,45.824955],[-69.71175,45.8435],[-69.709248,45.847032],[-69.70027,45.852625],[-69.702183,45.865283],[-69.710131,45.879118],[-69.719845,45.888538],[-69.702478,45.892364],[-69.677604,45.872936],[-69.642575,45.886477],[-69.625796,45.881178],[-69.617112,45.86646],[-69.623588,45.847032],[-69.631683,45.841439],[-69.635657,45.832903],[-69.637129,45.822011],[-69.637276,45.809942],[-69.641397,45.794047],[-69.6517,45.789337],[-69.665093,45.788748],[-69.678781,45.78551],[-69.690409,45.777562],[-69.716018,45.748126],[-69.720728,45.738412],[-69.722347,45.728109],[-69.724997,45.723694],[-69.733533,45.731641],[-69.735299,45.70927],[-69.712486,45.697201],[-69.684669,45.698673],[-69.671422,45.717218],[-69.661119,45.710447],[-69.658323,45.700439],[-69.660678,45.688664],[-69.665093,45.676301],[-69.629328,45.684249],[-69.610636,45.690725],[-69.602394,45.700145],[-69.596801,45.711919],[-69.58326,45.718101],[-69.567659,45.719867],[-69.555296,45.717218],[-69.54514,45.702205],[-69.561036,45.684838],[-69.6099,45.64922],[-69.598126,45.635384],[-69.583702,45.630675],[-69.547789,45.628025],[-69.536603,45.624787],[-69.529244,45.621549],[-69.523651,45.617134],[-69.51747,45.611247],[-69.515262,45.603004],[-69.523799,45.598295],[-69.541608,45.593879],[-69.547789,45.590641],[-69.554412,45.590052]]]}},{"type":"Feature","properties":{"name":"Lake Kissimmee","name_en":"Kissimmee","scalerank":7,"min_zoom":5.7},"geometry":{"type":"Polygon","coordinates":[[[-81.200929,27.852553],[-81.193423,27.799862],[-81.184592,27.776902],[-81.200929,27.783966],[-81.217119,27.823411],[-81.23169,27.838424],[-81.255387,27.845194],[-81.27555,27.847843],[-81.292771,27.854319],[-81.307342,27.873159],[-81.31058,27.882873],[-81.312788,27.894647],[-81.314259,27.917313],[-81.315878,27.922906],[-81.319999,27.926144],[-81.325592,27.927616],[-81.338544,27.928499],[-81.340016,27.930854],[-81.339722,27.934975],[-81.340899,27.941451],[-81.337367,27.95823],[-81.304693,27.978541],[-81.307342,27.989138],[-81.293801,27.992965],[-81.28026,27.991199],[-81.266572,27.985017],[-81.252737,27.975597],[-81.245967,27.968827],[-81.227422,27.952048],[-81.224037,27.926439],[-81.22389,27.898768],[-81.214911,27.876397],[-81.200929,27.852553]]]}},{"type":"Feature","properties":{"name":null,"name_en":null,"scalerank":7,"min_zoom":5.7},"geometry":{"type":"Polygon","coordinates":[[[-79.998157,46.966793],[-79.972842,46.976802],[-79.957388,46.977979],[-79.980054,46.963555],[-79.987855,46.954136],[-79.990945,46.940301],[-79.996686,46.927643],[-80.009785,46.92205],[-80.023914,46.917635],[-80.033187,46.909098],[-80.031126,46.895263],[-80.023473,46.882016],[-80.021412,46.872008],[-80.036572,46.868181],[-80.046433,46.863472],[-80.052615,46.854346],[-80.061887,46.849048],[-80.080874,46.854346],[-80.075281,46.876424],[-80.077194,46.900267],[-80.087644,46.916751],[-80.10825,46.916457],[-80.121643,46.901445],[-80.115167,46.883488],[-80.101774,46.865826],[-80.094562,46.851403],[-80.094562,46.840217],[-80.096033,46.827853],[-80.101038,46.817551],[-80.111635,46.81343],[-80.127972,46.814018],[-80.128708,46.81549],[-80.123556,46.819611],[-80.122526,46.827265],[-80.144604,46.856996],[-80.152699,46.878484],[-80.145781,46.89909],[-80.096328,46.943833],[-80.087791,46.953841],[-80.091912,46.972681],[-80.122526,47.018896],[-80.126942,47.046566],[-80.116345,47.052159],[-80.101921,47.041856],[-80.092501,47.018013],[-80.087791,47.022723],[-80.083081,47.032731],[-80.080874,47.043328],[-80.084553,47.053336],[-80.093384,47.060107],[-80.10457,47.064817],[-80.115167,47.067466],[-80.105012,47.072764],[-80.096475,47.082184],[-80.092943,47.09337],[-80.097652,47.10485],[-80.105747,47.113975],[-80.107661,47.118685],[-80.10825,47.125456],[-80.110457,47.13517],[-80.115167,47.137525],[-80.122526,47.135758],[-80.137244,47.156364],[-80.143573,47.170493],[-80.139011,47.176675],[-80.12547,47.178441],[-80.117816,47.184034],[-80.116639,47.192571],[-80.122526,47.20464],[-80.103687,47.194926],[-80.098977,47.16961],[-80.098241,47.140174],[-80.091176,47.118685],[-80.071748,47.115447],[-80.058208,47.165195],[-80.046139,47.156069],[-80.041723,47.14665],[-80.04084,47.136641],[-80.043637,47.126927],[-80.049965,47.118685],[-80.055706,47.108971],[-80.046875,47.106616],[-80.02568,47.108382],[-80.014642,47.090132],[-80.025828,47.084245],[-80.067333,47.081595],[-80.061004,47.06099],[-80.059091,47.039796],[-80.054381,47.020662],[-80.039957,47.005355],[-80.033775,47.006238],[-80.024503,47.010065],[-80.014495,47.009771],[-80.005222,46.999173],[-80.002426,46.990637],[-80.002278,46.982689],[-80.005516,46.974447],[-80.012728,46.964438],[-79.998157,46.966793]]]}},{"type":"Feature","properties":{"name":null,"name_en":null,"scalerank":7,"min_zoom":5.7},"geometry":{"type":"Polygon","coordinates":[[[-74.057153,49.924858],[-74.027864,49.931629],[-74.016237,49.931334],[-74.043907,49.88924],[-74.046556,49.883353],[-74.06201,49.879821],[-74.07511,49.870695],[-74.09807,49.849207],[-74.098806,49.854211],[-74.099836,49.855977],[-74.099983,49.857743],[-74.09807,49.863631],[-74.104988,49.869812],[-74.213755,49.800342],[-74.271598,49.745591],[-74.287052,49.744119],[-74.307069,49.756777],[-74.344894,49.7712],[-74.348279,49.774144],[-74.360201,49.771789],[-74.393023,49.753833],[-74.424814,49.743825],[-74.434528,49.739409],[-74.435264,49.735582],[-74.433939,49.722336],[-74.434528,49.718804],[-74.441299,49.718509],[-74.448658,49.720275],[-74.45322,49.724102],[-74.451307,49.729401],[-74.432468,49.745002],[-74.371829,49.780914],[-74.332089,49.813294],[-74.312073,49.834489],[-74.303536,49.853034],[-74.312956,49.864514],[-74.333708,49.847441],[-74.365647,49.80829],[-74.375361,49.800637],[-74.384633,49.795633],[-74.395083,49.795044],[-74.407152,49.80152],[-74.39317,49.815061],[-74.379335,49.831545],[-74.372565,49.85009],[-74.379335,49.869812],[-74.238629,49.928685],[-74.19624,49.936044],[-74.167098,49.944875],[-74.173869,49.944875],[-74.159592,49.947819],[-74.156796,49.956944],[-74.15812,49.96813],[-74.156501,49.976372],[-74.146787,49.981376],[-74.132216,49.98432],[-74.104988,49.986381],[-74.108814,49.983437],[-74.110433,49.980493],[-74.111169,49.977255],[-74.112494,49.973429],[-74.121913,49.961948],[-74.144874,49.943109],[-74.15341,49.931334],[-74.146787,49.930451],[-74.132952,49.924858],[-74.142666,49.918677],[-74.140458,49.91279],[-74.130892,49.907785],[-74.118675,49.904547],[-74.111611,49.906019],[-74.083793,49.918088],[-74.085707,49.916322],[-74.082763,49.913967],[-74.078053,49.912201],[-74.074521,49.911318],[-74.069222,49.913378],[-74.061569,49.922209],[-74.057153,49.924858]]]}},{"type":"Feature","properties":{"name":"Long Lake","name_en":"Long Lake","scalerank":7,"min_zoom":5.7},"geometry":{"type":"Polygon","coordinates":[[[-86.57278,49.784741],[-86.559681,49.787685],[-86.550703,49.784741],[-86.550703,49.776793],[-86.556001,49.767668],[-86.562772,49.760015],[-86.570425,49.755893],[-86.618848,49.716743],[-86.621792,49.712622],[-86.62606,49.708501],[-86.64225,49.681714],[-86.650051,49.674649],[-86.680076,49.657576],[-86.684639,49.652572],[-86.69553,49.636676],[-86.700534,49.630789],[-86.71069,49.624607],[-86.734533,49.613421],[-86.800029,49.567206],[-86.991366,49.37322],[-87.043174,49.308166],[-87.06952,49.284616],[-87.080264,49.270781],[-87.084238,49.253414],[-87.100428,49.267543],[-87.0888,49.285205],[-87.068048,49.303456],[-86.992396,49.416197],[-86.977384,49.431799],[-86.949713,49.446222],[-86.937792,49.464179],[-86.919688,49.499797],[-86.903498,49.511571],[-86.854339,49.540125],[-86.844037,49.551605],[-86.838149,49.571622],[-86.823873,49.591638],[-86.789874,49.62343],[-86.771623,49.632849],[-86.72791,49.648451],[-86.710543,49.660814],[-86.676396,49.677887],[-86.665063,49.681714],[-86.660206,49.690545],[-86.65741,49.702025],[-86.652111,49.712622],[-86.600745,49.767374],[-86.594416,49.770612],[-86.57278,49.784741]]]}},{"type":"Feature","properties":{"name":null,"name_en":null,"scalerank":8,"min_zoom":6},"geometry":{"type":"Polygon","coordinates":[[[-90.848125,49.923387],[-90.870349,49.918088],[-90.898314,49.916028],[-90.985151,49.888357],[-91.017531,49.867457],[-91.051972,49.860981],[-91.063599,49.854211],[-91.08288,49.839199],[-91.092888,49.835666],[-91.107607,49.834783],[-91.159268,49.83861],[-91.169865,49.842142],[-91.175752,49.849207],[-91.173839,49.861276],[-91.163977,49.868046],[-91.152939,49.87305],[-91.147787,49.880409],[-91.139104,49.898366],[-91.118204,49.911023],[-91.008406,49.948996],[-90.976173,49.954589],[-90.955715,49.964303],[-90.946148,49.966658],[-90.931577,49.963126],[-90.903024,49.948408],[-90.887864,49.944875],[-90.872851,49.947525],[-90.825606,49.966658],[-90.763642,49.97961],[-90.769824,49.97284],[-90.776741,49.967247],[-90.783953,49.962537],[-90.79146,49.959005],[-90.848125,49.923387]]]}},{"type":"Feature","properties":{"name":null,"name_en":null,"scalerank":8,"min_zoom":6},"geometry":{"type":"Polygon","coordinates":[[[-90.953654,49.834194],[-90.92098,49.831545],[-90.893898,49.820948],[-90.874176,49.80152],[-90.880505,49.798576],[-90.886981,49.796516],[-90.893898,49.795044],[-90.901405,49.79475],[-90.93717,49.783564],[-90.948797,49.773261],[-90.949239,49.753833],[-90.989714,49.766196],[-91.004874,49.773555],[-91.017531,49.787685],[-91.024302,49.804758],[-91.021505,49.815649],[-91.009878,49.823008],[-90.990155,49.828896],[-90.953654,49.834194]]]}},{"type":"Feature","properties":{"name":"Minnitaki Lake","name_en":"Minnitaki","scalerank":8,"min_zoom":6},"geometry":{"type":"Polygon","coordinates":[[[-91.961704,50.006397],[-91.946103,50.007575],[-91.934476,50.011402],[-91.937714,50.019938],[-91.947869,50.029063],[-91.956553,50.034362],[-91.970535,50.036128],[-92.004387,50.034362],[-92.012482,50.028769],[-92.021754,50.027592],[-92.031027,50.029652],[-92.039122,50.034362],[-91.980102,50.054673],[-91.977894,50.080577],[-91.982163,50.099416],[-91.998205,50.110014],[-91.98702,50.121788],[-91.964942,50.134151],[-91.940363,50.14151],[-91.921818,50.137389],[-91.919757,50.129736],[-91.921965,50.105304],[-91.921818,50.096178],[-91.917255,50.089702],[-91.894589,50.069097],[-91.901948,50.069097],[-91.880165,50.058794],[-91.873984,50.054673],[-91.850287,50.058794],[-91.818496,50.05379],[-91.795536,50.04231],[-91.798332,50.027297],[-91.798332,50.021116],[-91.776549,50.019938],[-91.76816,50.011696],[-91.765363,49.982848],[-91.758151,49.978433],[-91.751675,49.973134],[-91.746671,49.966953],[-91.743728,49.959005],[-91.74932,49.947819],[-91.761831,49.934867],[-91.775666,49.923681],[-91.785233,49.918088],[-91.799362,49.916322],[-91.807457,49.92162],[-91.831595,49.961654],[-91.841898,49.970191],[-91.856616,49.973134],[-91.880901,49.973429],[-91.949194,49.966658],[-92.07945,49.924858],[-92.124488,49.897777],[-92.141561,49.890712],[-92.160842,49.88924],[-92.199845,49.890712],[-92.216624,49.883353],[-92.230311,49.890712],[-92.230311,49.897777],[-92.191014,49.915439],[-92.164521,49.922209],[-92.155543,49.931629],[-92.149067,49.943109],[-92.141561,49.952234],[-92.1317,49.95665],[-92.107414,49.962831],[-92.096817,49.969896],[-92.08519,49.974606],[-92.054135,49.972251],[-92.042213,49.976372],[-92.033971,49.981082],[-91.998205,49.993151],[-91.973626,50.003748],[-91.961704,50.006397]]]}},{"type":"Feature","properties":{"name":null,"name_en":null,"scalerank":8,"min_zoom":6},"geometry":{"type":"Polygon","coordinates":[[[-93.257642,29.947837],[-93.252049,29.935179],[-93.248223,29.918989],[-93.252049,29.876895],[-93.256759,29.865121],[-93.268387,29.855407],[-93.28281,29.848931],[-93.296057,29.846281],[-93.322991,29.846281],[-93.330939,29.844221],[-93.336238,29.839805],[-93.339917,29.83539],[-93.343891,29.833329],[-93.373622,29.835096],[-93.400115,29.840983],[-93.425135,29.853346],[-93.450598,29.873657],[-93.381717,29.893968],[-93.361258,29.905449],[-93.353605,29.91634],[-93.354341,29.952547],[-93.35125,29.987871],[-93.337121,30.056457],[-93.333883,30.093547],[-93.329173,30.085305],[-93.32358,30.081184],[-93.316221,30.080006],[-93.306654,30.079712],[-93.306654,30.072942],[-93.287667,30.054102],[-93.278248,30.026432],[-93.271772,29.976685],[-93.267945,29.96491],[-93.257642,29.947837]]]}},{"type":"Feature","properties":{"name":null,"name_en":null,"scalerank":8,"min_zoom":6},"geometry":{"type":"Polygon","coordinates":[[[-90.184775,29.806837],[-90.159018,29.805365],[-90.147244,29.775045],[-90.149451,29.760916],[-90.15578,29.748847],[-90.165494,29.740016],[-90.197433,29.732657],[-90.20332,29.722943],[-90.204498,29.709696],[-90.209355,29.695567],[-90.228783,29.680554],[-90.259691,29.668485],[-90.290893,29.663187],[-90.311793,29.66878],[-90.306936,29.673784],[-90.298105,29.688797],[-90.33652,29.686736],[-90.34697,29.692918],[-90.346528,29.715878],[-90.337697,29.730008],[-90.271613,29.770924],[-90.254981,29.777695],[-90.242029,29.785937],[-90.23673,29.801832],[-90.240852,29.820672],[-90.252332,29.830386],[-90.291188,29.838922],[-90.291188,29.846281],[-90.269846,29.853346],[-90.252773,29.866592],[-90.236142,29.87454],[-90.215536,29.866887],[-90.196844,29.857762],[-90.185953,29.848342],[-90.181979,29.838922],[-90.189043,29.828325],[-90.202731,29.82391],[-90.216419,29.821555],[-90.222454,29.815962],[-90.210679,29.802715],[-90.184775,29.806837]]]}},{"type":"Feature","properties":{"name":"Hebgen Lake","name_en":"Hebgen","scalerank":8,"min_zoom":6},"geometry":{"type":"Polygon","coordinates":[[[-111.186625,44.804394],[-111.195603,44.796741],[-111.200019,44.787616],[-111.196928,44.779668],[-111.183682,44.77643],[-111.137172,44.773192],[-111.114506,44.768188],[-111.098463,44.759357],[-111.119952,44.765833],[-111.148947,44.764655],[-111.178236,44.758474],[-111.201049,44.749643],[-111.194132,44.742284],[-111.217386,44.749054],[-111.236962,44.761712],[-111.25065,44.779374],[-111.257861,44.812931],[-111.264043,44.825294],[-111.27361,44.834714],[-111.286415,44.838541],[-111.292008,44.842662],[-111.310258,44.873276],[-111.282441,44.859441],[-111.276112,44.85267],[-111.258745,44.8459],[-111.22975,44.826472],[-111.214001,44.818524],[-111.196487,44.814108],[-111.139527,44.811165],[-111.152332,44.805572],[-111.176323,44.806455],[-111.186625,44.804394]]]}},{"type":"Feature","properties":{"name":"Lake Walcott","name_en":"Walcott","scalerank":8,"min_zoom":6},"geometry":{"type":"Polygon","coordinates":[[[-113.335483,42.689094],[-113.318852,42.676142],[-113.316203,42.653476],[-113.349907,42.664956],[-113.381699,42.668783],[-113.449697,42.6679],[-113.467211,42.669666],[-113.472657,42.674376],[-113.467506,42.680852],[-113.453376,42.688505],[-113.438658,42.692332],[-113.41923,42.694392],[-113.384495,42.694687],[-113.359621,42.694687],[-113.335483,42.689094]]]}},{"type":"Feature","properties":{"name":"Lake Granby","name_en":"Granby","scalerank":8,"min_zoom":6},"geometry":{"type":"Polygon","coordinates":[[[-105.811978,40.174341],[-105.799173,40.16551],[-105.790489,40.151381],[-105.791225,40.140195],[-105.799026,40.136663],[-105.826696,40.154324],[-105.863492,40.166099],[-105.877621,40.176402],[-105.884392,40.191414],[-105.88395,40.206132],[-105.874972,40.212608],[-105.856574,40.202894],[-105.842297,40.189059],[-105.811978,40.174341]]]}},{"type":"Feature","properties":{"name":null,"name_en":null,"scalerank":8,"min_zoom":6},"geometry":{"type":"Polygon","coordinates":[[[-109.380701,30.447373],[-109.377169,30.466801],[-109.363187,30.501242],[-109.373195,30.552167],[-109.369368,30.566296],[-109.354945,30.558054],[-109.346408,30.542453],[-109.342581,30.524202],[-109.341404,30.508012],[-109.360537,30.45326],[-109.369368,30.442074],[-109.380701,30.447373]]]}},{"type":"Feature","properties":{"name":"Presa Miguel Hidalgo","name_en":"Presa Miguel Hidalgo","scalerank":8,"min_zoom":6},"geometry":{"type":"Polygon","coordinates":[[[-108.516007,26.706299],[-108.507912,26.680395],[-108.503938,26.654785],[-108.505998,26.633003],[-108.510561,26.624466],[-108.517037,26.616224],[-108.522924,26.605627],[-108.525868,26.591497],[-108.523219,26.554702],[-108.525868,26.543516],[-108.535435,26.531741],[-108.55295,26.520261],[-108.573997,26.515257],[-108.59416,26.523205],[-108.605935,26.542927],[-108.598282,26.557645],[-108.578265,26.567065],[-108.553833,26.570303],[-108.559278,26.572658],[-108.562516,26.575013],[-108.566343,26.576779],[-108.574291,26.577956],[-108.552361,26.588259],[-108.543824,26.602977],[-108.540145,26.639184],[-108.530578,26.681573],[-108.525868,26.728671],[-108.516007,26.706299]]]}},{"type":"Feature","properties":{"name":"Lake Apopka","name_en":"Apopka","scalerank":9,"min_zoom":7},"geometry":{"type":"Polygon","coordinates":[[[-81.57227,28.642626],[-81.564027,28.631441],[-81.560642,28.616722],[-81.576243,28.590818],[-81.61142,28.569919],[-81.648804,28.562559],[-81.670587,28.579044],[-81.651306,28.579927],[-81.654691,28.593762],[-81.680448,28.623493],[-81.689868,28.641743],[-81.688249,28.66176],[-81.676769,28.677067],[-81.656899,28.682071],[-81.646744,28.678244],[-81.637324,28.679422],[-81.629082,28.681483],[-81.622753,28.682071],[-81.613333,28.677656],[-81.607299,28.67324],[-81.595524,28.661466],[-81.57227,28.642626]]]}},{"type":"Feature","properties":{"name":"Lake Istokpoga","name_en":"Istokpoga","scalerank":9,"min_zoom":7},"geometry":{"type":"Polygon","coordinates":[[[-81.243023,27.407769],[-81.232573,27.398349],[-81.225509,27.385986],[-81.227275,27.369502],[-81.236989,27.358021],[-81.247733,27.349485],[-81.262304,27.325641],[-81.283498,27.308568],[-81.304693,27.304741],[-81.314259,27.327996],[-81.314259,27.375978],[-81.319264,27.384809],[-81.330008,27.386575],[-81.339428,27.390696],[-81.340899,27.406591],[-81.328094,27.423665],[-81.303074,27.437794],[-81.276581,27.444859],[-81.259066,27.441032],[-81.252737,27.434262],[-81.25156,27.417777],[-81.243023,27.407769]]]}},{"type":"Feature","properties":{"name":null,"name_en":null,"scalerank":9,"min_zoom":7},"geometry":{"type":"Polygon","coordinates":[[[-80.910245,48.533988],[-80.904063,48.521036],[-80.902738,48.50779],[-80.905829,48.494543],[-80.913335,48.482474],[-80.924668,48.470405],[-80.932911,48.465107],[-80.957932,48.458336],[-80.986043,48.443913],[-80.992814,48.427723],[-80.985602,48.407706],[-80.97162,48.383274],[-80.985013,48.347655],[-80.99458,48.332937],[-81.012536,48.327933],[-81.009004,48.342651],[-81.004735,48.392693],[-81.009151,48.403585],[-81.021661,48.412416],[-81.03638,48.432727],[-81.048449,48.455981],[-81.0536,48.472466],[-81.050068,48.489539],[-81.040942,48.51456],[-81.029021,48.537226],[-81.016363,48.54694],[-81.002381,48.554005],[-80.990164,48.5699],[-80.97162,48.601692],[-80.968382,48.586679],[-80.981334,48.543408],[-80.985307,48.519858],[-80.947482,48.550767],[-80.924816,48.557243],[-80.910245,48.533988]]]}},{"type":"Feature","properties":{"name":null,"name_en":null,"scalerank":9,"min_zoom":7},"geometry":{"type":"Polygon","coordinates":[[[-77.168141,49.856566],[-77.144003,49.852739],[-77.07939,49.856566],[-77.07939,49.849207],[-77.100584,49.844791],[-77.120306,49.836255],[-77.133847,49.822125],[-77.131639,49.81094],[-77.120454,49.802109],[-77.088662,49.785919],[-77.07939,49.782681],[-77.082334,49.782092],[-77.236286,49.774144],[-77.327539,49.744708],[-77.330188,49.738232],[-77.318855,49.726457],[-77.302518,49.718215],[-77.243792,49.712622],[-77.193014,49.700847],[-77.174911,49.698492],[-77.209204,49.684657],[-77.387148,49.732639],[-77.387148,49.739409],[-77.374196,49.751184],[-77.362715,49.757365],[-77.347997,49.759426],[-77.325773,49.760015],[-77.333132,49.767374],[-77.316059,49.775321],[-77.305462,49.784152],[-77.300457,49.795338],[-77.298985,49.811823],[-77.219802,49.842437],[-77.216122,49.846852],[-77.216858,49.865397],[-77.213031,49.869812],[-77.200374,49.868341],[-77.168141,49.856566]]]}},{"type":"Feature","properties":{"name":null,"name_en":null,"scalerank":9,"min_zoom":7},"geometry":{"type":"Polygon","coordinates":[[[-75.606392,49.966658],[-75.585639,49.967836],[-75.433894,49.993151],[-75.433894,49.986381],[-75.438457,49.985792],[-75.441548,49.98432],[-75.448171,49.97961],[-75.443903,49.976667],[-75.442431,49.973723],[-75.441842,49.970485],[-75.440665,49.966658],[-75.497771,49.955472],[-75.516169,49.945464],[-75.496594,49.924858],[-75.506602,49.920149],[-75.526619,49.920149],[-75.537511,49.918088],[-75.54693,49.913673],[-75.553553,49.908668],[-75.5746,49.88718],[-75.578427,49.879526],[-75.58402,49.875994],[-75.598885,49.877171],[-75.605803,49.879526],[-75.61169,49.883647],[-75.6164,49.889829],[-75.62008,49.897777],[-75.61434,49.899249],[-75.60492,49.90337],[-75.598885,49.904547],[-75.605361,49.913673],[-75.613898,49.915144],[-75.636858,49.911318],[-75.651135,49.914556],[-75.658347,49.921326],[-75.658347,49.928096],[-75.650399,49.931334],[-75.602123,49.933984],[-75.581665,49.940165],[-75.565475,49.952234],[-75.585786,49.959005],[-75.626114,49.949879],[-75.647308,49.952234],[-75.655109,49.958122],[-75.661143,49.967541],[-75.66026,49.975783],[-75.647014,49.97961],[-75.639213,49.977844],[-75.618755,49.969013],[-75.606392,49.966658]]]}},{"type":"Feature","properties":{"name":null,"name_en":null,"scalerank":9,"min_zoom":7},"geometry":{"type":"Polygon","coordinates":[[[-74.84914,49.888946],[-74.849582,49.904842],[-74.844872,49.918088],[-74.912281,49.901898],[-74.92803,49.890712],[-74.931856,49.881293],[-74.931856,49.87099],[-74.933475,49.860393],[-74.941718,49.849207],[-74.950843,49.845086],[-74.964089,49.842731],[-74.977924,49.841848],[-74.988816,49.842437],[-74.984253,49.850679],[-74.968946,49.869812],[-74.965708,49.871579],[-74.960851,49.872167],[-74.956583,49.874522],[-74.95467,49.880409],[-74.954964,49.891595],[-74.954081,49.8966],[-74.951284,49.901015],[-74.945103,49.917794],[-74.961293,49.926625],[-74.983812,49.931629],[-74.996175,49.938694],[-74.915666,49.969307],[-74.893147,49.986381],[-74.863858,50.015228],[-74.852231,50.021116],[-74.835158,50.022587],[-74.82721,50.016994],[-74.829859,50.006692],[-74.868274,49.975783],[-74.87107,49.958416],[-74.855763,49.941343],[-74.825002,49.924858],[-74.774519,49.907197],[-74.759506,49.904547],[-74.752441,49.899543],[-74.759065,49.887769],[-74.770398,49.874228],[-74.777168,49.863631],[-74.805427,49.880704],[-74.820734,49.886002],[-74.834863,49.880409],[-74.844136,49.878349],[-74.84914,49.888946]]]}},{"type":"Feature","properties":{"name":null,"name_en":null,"scalerank":9,"min_zoom":7},"geometry":{"type":"Polygon","coordinates":[[[-74.569641,49.689662],[-74.559633,49.685835],[-74.550655,49.677887],[-74.560663,49.667879],[-74.56449,49.65316],[-74.569936,49.638737],[-74.584801,49.630789],[-74.607614,49.632555],[-74.60629,49.644624],[-74.584801,49.671705],[-74.608939,49.675532],[-74.642791,49.670528],[-74.669725,49.659048],[-74.673552,49.643741],[-74.678262,49.636382],[-74.679586,49.631672],[-74.677084,49.627256],[-74.670461,49.619897],[-74.668842,49.613716],[-74.672816,49.608123],[-74.678262,49.603118],[-74.680911,49.59988],[-74.687093,49.587517],[-74.69975,49.594876],[-74.710789,49.609006],[-74.711672,49.616659],[-74.715204,49.618131],[-74.717854,49.622252],[-74.721975,49.630789],[-74.722563,49.633732],[-74.721386,49.640797],[-74.721975,49.643741],[-74.72536,49.646979],[-74.731983,49.647862],[-74.735663,49.649922],[-74.744494,49.658165],[-74.753472,49.662286],[-74.765393,49.664052],[-74.78335,49.664346],[-74.721975,49.698492],[-74.714321,49.681714],[-74.702988,49.681125],[-74.68827,49.687601],[-74.670461,49.691722],[-74.631163,49.6929],[-74.612913,49.691428],[-74.591571,49.68554],[-74.580238,49.689662],[-74.569641,49.689662]]]}},{"type":"Feature","properties":{"name":null,"name_en":null,"scalerank":9,"min_zoom":7},"geometry":{"type":"Polygon","coordinates":[[[-74.692538,49.369099],[-74.690919,49.365861],[-74.687093,49.362623],[-74.701516,49.342901],[-74.713144,49.353203],[-74.749056,49.344961],[-74.770398,49.349082],[-74.762744,49.363506],[-74.770839,49.369099],[-74.786146,49.367333],[-74.800864,49.359091],[-74.837954,49.322295],[-74.851642,49.298452],[-74.873867,49.246938],[-74.886377,49.225449],[-74.893147,49.225449],[-74.893147,49.251942],[-74.868421,49.30169],[-74.86533,49.329065],[-74.880195,49.32465],[-74.910515,49.319646],[-74.932004,49.306988],[-74.948046,49.304339],[-74.95467,49.30169],[-74.968946,49.273725],[-74.96821,49.289326],[-74.957466,49.31317],[-74.95467,49.325827],[-74.959674,49.337013],[-74.972184,49.339074],[-74.987933,49.338191],[-75.003092,49.342901],[-74.988963,49.351437],[-74.954375,49.356736],[-74.921554,49.377636],[-74.904333,49.381757],[-74.787176,49.393531],[-74.748909,49.389999],[-74.735663,49.369982],[-74.71388,49.38735],[-74.702694,49.389116],[-74.694599,49.376164],[-74.693421,49.372631],[-74.692538,49.369099]]]}},{"type":"Feature","properties":{"name":null,"name_en":null,"scalerank":9,"min_zoom":7},"geometry":{"type":"Polygon","coordinates":[[[-75.142032,49.430915],[-75.10038,49.435625],[-75.078891,49.430915],[-75.090519,49.414431],[-75.111271,49.402362],[-75.130994,49.397064],[-75.139677,49.400596],[-75.146006,49.425617],[-75.161166,49.417375],[-75.194871,49.376164],[-75.208117,49.367627],[-75.215918,49.367038],[-75.223277,49.369688],[-75.235935,49.369982],[-75.253744,49.366744],[-75.260808,49.362917],[-75.264782,49.356736],[-75.27376,49.345844],[-75.279648,49.342901],[-75.287301,49.342017],[-75.295102,49.342901],[-75.300989,49.345844],[-75.306876,49.347905],[-75.309673,49.344078],[-75.311733,49.338191],[-75.314677,49.335247],[-75.331014,49.308754],[-75.338962,49.30169],[-75.345732,49.308166],[-75.336313,49.327888],[-75.333075,49.344078],[-75.327482,49.357619],[-75.311586,49.369982],[-75.27376,49.38941],[-75.255657,49.394709],[-75.232844,49.396769],[-75.221952,49.399713],[-75.221952,49.406778],[-75.227398,49.414725],[-75.232844,49.420907],[-75.234021,49.430621],[-75.224896,49.43798],[-75.213563,49.443573],[-75.20797,49.448577],[-75.215623,49.466534],[-75.233138,49.45888],[-75.263163,49.430915],[-75.275232,49.453582],[-75.312175,49.464473],[-75.355446,49.465356],[-75.386796,49.45888],[-75.375316,49.472715],[-75.358537,49.475659],[-75.339404,49.475953],[-75.321447,49.483018],[-75.300106,49.495087],[-75.274643,49.500974],[-75.247709,49.50068],[-75.222247,49.493615],[-75.205321,49.494498],[-75.195018,49.488611],[-75.186334,49.480074],[-75.174412,49.472421],[-75.164993,49.469477],[-75.15366,49.467417],[-75.12599,49.46565],[-75.131435,49.455053],[-75.139236,49.447105],[-75.149244,49.441513],[-75.160724,49.438275],[-75.142032,49.430915]]]}},{"type":"Feature","properties":{"name":null,"name_en":null,"scalerank":9,"min_zoom":7},"geometry":{"type":"Polygon","coordinates":[[[-81.485579,47.121923],[-81.425823,47.133698],[-81.417287,47.128694],[-81.42023,47.113092],[-81.425676,47.099846],[-81.428767,47.086011],[-81.424057,47.067466],[-81.456143,47.08866],[-81.47042,47.071293],[-81.469095,47.041856],[-81.454524,47.026255],[-81.452463,47.018307],[-81.45732,46.98004],[-81.466593,46.951192],[-81.455849,46.936179],[-81.439953,46.922639],[-81.430239,46.909098],[-81.482194,46.916457],[-81.489995,46.913219],[-81.493086,46.898795],[-81.499267,46.895557],[-81.50486,46.897323],[-81.510453,46.90115],[-81.517518,46.903799],[-81.527085,46.902916],[-81.542244,46.893791],[-81.543569,46.883783],[-81.540773,46.873774],[-81.543569,46.864943],[-81.556374,46.863472],[-81.570356,46.874363],[-81.581836,46.890259],[-81.588018,46.902916],[-81.562703,46.894085],[-81.538565,46.908509],[-81.520609,46.934413],[-81.508981,46.974152],[-81.499856,46.978568],[-81.492055,46.983866],[-81.492497,46.999173],[-81.497207,47.005649],[-81.51428,47.021251],[-81.519726,47.03332],[-81.519726,47.077769],[-81.517518,47.086011],[-81.508098,47.098374],[-81.506038,47.10485],[-81.507215,47.112798],[-81.512366,47.126044],[-81.51634,47.154009],[-81.525024,47.181679],[-81.539742,47.204345],[-81.560642,47.210821],[-81.554755,47.226423],[-81.553283,47.244967],[-81.555491,47.263807],[-81.560642,47.279702],[-81.550192,47.281174],[-81.542392,47.279114],[-81.536946,47.27411],[-81.533413,47.266162],[-81.537093,47.239963],[-81.522964,47.214648],[-81.506332,47.193748],[-81.502652,47.180207],[-81.507509,47.159602],[-81.487051,47.147239],[-81.456437,47.145472],[-81.430239,47.156069],[-81.424057,47.149299],[-81.485579,47.128694],[-81.485579,47.121923]]]}},{"type":"Feature","properties":{"name":"Lake Kipawa","name_en":"Kipawa","scalerank":9,"min_zoom":7},"geometry":{"type":"Polygon","coordinates":[[[-78.776693,46.868181],[-78.775663,46.856407],[-78.75756,46.834624],[-78.77846,46.830503],[-78.853817,46.848165],[-78.865886,46.849048],[-78.881781,46.851697],[-78.895764,46.856701],[-78.901651,46.864943],[-78.89856,46.872891],[-78.88237,46.880839],[-78.875011,46.889376],[-78.883106,46.892319],[-78.890907,46.894085],[-78.908863,46.895557],[-78.919607,46.897618],[-78.937269,46.907037],[-78.946983,46.909098],[-78.962732,46.903799],[-78.96332,46.891436],[-78.954637,46.877601],[-78.943304,46.868181],[-78.954637,46.867298],[-78.96597,46.863177],[-78.97274,46.854935],[-78.970532,46.840806],[-78.96332,46.830797],[-78.954195,46.827265],[-78.872067,46.826087],[-78.849401,46.819023],[-78.833359,46.800478],[-78.852051,46.804599],[-78.871626,46.806659],[-78.890907,46.805776],[-78.90901,46.800478],[-78.904447,46.790175],[-78.901651,46.786348],[-78.914603,46.774868],[-78.926672,46.769569],[-78.938299,46.769275],[-78.950663,46.772513],[-78.958316,46.778989],[-78.97848,46.801655],[-79.003059,46.814901],[-79.014687,46.832858],[-79.012038,46.849636],[-78.98422,46.854346],[-78.993787,46.870536],[-79.026167,46.913808],[-79.035734,46.919989],[-79.048392,46.920873],[-79.09549,46.944127],[-79.12993,46.95237],[-79.148181,46.962084],[-79.15922,46.964438],[-79.184388,46.965322],[-79.194543,46.967676],[-79.203227,46.971798],[-79.217209,46.98475],[-79.25165,47.03332],[-79.228248,47.037735],[-79.192041,47.030376],[-79.128164,47.005355],[-79.112416,46.992992],[-79.103438,46.988282],[-79.087248,46.985338],[-79.070469,46.985338],[-79.025137,46.992403],[-79.03073,47.001234],[-79.038383,47.005944],[-79.04692,47.010065],[-79.055898,47.015952],[-79.061638,47.025666],[-79.06311,47.046272],[-79.066201,47.053631],[-79.08607,47.062167],[-79.100788,47.052159],[-79.113593,47.039796],[-79.128164,47.04009],[-79.118303,47.060401],[-79.125073,47.074531],[-79.141999,47.083362],[-79.16231,47.087777],[-79.185418,47.090132],[-79.197193,47.092781],[-79.203374,47.101612],[-79.210145,47.121923],[-79.107706,47.10485],[-79.102996,47.117802],[-79.092252,47.124573],[-79.080772,47.129282],[-79.07356,47.135758],[-79.071352,47.148122],[-79.073707,47.174026],[-79.07356,47.184034],[-79.066201,47.176675],[-79.056928,47.172554],[-79.050599,47.166667],[-79.047067,47.159013],[-79.046331,47.149299],[-79.03176,47.155481],[-79.017042,47.155775],[-79.003501,47.151065],[-78.991726,47.142529],[-79.019102,47.13046],[-79.040444,47.11633],[-79.052513,47.096314],[-79.052513,47.067466],[-79.048833,47.053042],[-79.044123,47.041856],[-79.037647,47.032142],[-79.028963,47.022723],[-78.98422,46.995641],[-78.959641,46.951486],[-78.906066,46.922639],[-78.853817,46.920578],[-78.833359,46.957374],[-78.80819,46.941772],[-78.797152,46.931764],[-78.792442,46.919989],[-78.790529,46.907037],[-78.78523,46.895263],[-78.776546,46.886432],[-78.765066,46.882311],[-78.776693,46.868181]]]}},{"type":"Feature","properties":{"name":"Big Rideau Lake","name_en":"Big Rideau","scalerank":9,"min_zoom":7},"geometry":{"type":"Polygon","coordinates":[[[-76.094595,44.899474],[-76.080171,44.898591],[-76.065158,44.908599],[-76.067513,44.89918],[-76.072517,44.892115],[-76.078993,44.886228],[-76.085617,44.881224],[-76.096802,44.877102],[-76.107988,44.86886],[-76.116819,44.859146],[-76.120352,44.850904],[-76.12359,44.83442],[-76.131832,44.828827],[-76.14287,44.828532],[-76.154498,44.826766],[-76.174809,44.81558],[-76.198947,44.796741],[-76.211016,44.775841],[-76.195414,44.757885],[-76.179519,44.759945],[-76.177164,44.749937],[-76.183787,44.735219],[-76.195414,44.723739],[-76.210427,44.71844],[-76.256201,44.716674],[-76.309186,44.702544],[-76.3189,44.696363],[-76.320666,44.678407],[-76.309333,44.671342],[-76.292555,44.671342],[-76.277395,44.675169],[-76.288433,44.64897],[-76.308597,44.625127],[-76.334501,44.607465],[-76.363055,44.600695],[-76.365557,44.602166],[-76.376007,44.610114],[-76.386604,44.619828],[-76.389253,44.621594],[-76.379686,44.634252],[-76.370267,44.643083],[-76.343185,44.658684],[-76.332588,44.668398],[-76.337887,44.673402],[-76.343332,44.680173],[-76.353194,44.696363],[-76.371886,44.688415],[-76.396907,44.686354],[-76.422222,44.689298],[-76.442533,44.696363],[-76.421928,44.707843],[-76.325229,44.723739],[-76.297559,44.732275],[-76.271066,44.743461],[-76.247517,44.760534],[-76.228972,44.784966],[-76.233976,44.78791],[-76.238244,44.793797],[-76.243249,44.798802],[-76.149935,44.868271],[-76.126533,44.90124],[-76.109754,44.903006],[-76.094595,44.899474]]]}},{"type":"Feature","properties":{"name":"Chesuncook Lake","name_en":"Chesuncook","scalerank":9,"min_zoom":7},"geometry":{"type":"Polygon","coordinates":[[[-69.300376,45.837024],[-69.31009,45.844383],[-69.357924,45.902373],[-69.358072,45.915913],[-69.328782,45.915913],[-69.362487,46.007461],[-69.3853,46.046317],[-69.418122,46.073693],[-69.434018,46.083407],[-69.441965,46.08635],[-69.455359,46.087233],[-69.45374,46.093415],[-69.45742,46.106661],[-69.465956,46.12815],[-69.473315,46.137864],[-69.503488,46.166123],[-69.507167,46.177309],[-69.497453,46.180547],[-69.483029,46.175837],[-69.473315,46.162296],[-69.46316,46.155526],[-69.42813,46.111666],[-69.412235,46.104601],[-69.402079,46.115787],[-69.393837,46.132271],[-69.383387,46.141985],[-69.366167,46.138453],[-69.360574,46.108722],[-69.345856,46.101657],[-69.343353,46.091649],[-69.355864,46.048672],[-69.345856,46.038663],[-69.335553,46.033365],[-69.32628,46.020413],[-69.319216,46.004811],[-69.315094,45.991565],[-69.31583,45.98244],[-69.319657,45.974786],[-69.321865,45.967722],[-69.318774,45.960657],[-69.310237,45.954181],[-69.291987,45.945939],[-69.261815,45.922095],[-69.240032,45.909732],[-69.241356,45.912675],[-69.233261,45.914442],[-69.218837,45.915913],[-69.210301,45.911204],[-69.185427,45.888538],[-69.210595,45.89413],[-69.220015,45.892659],[-69.252395,45.868815],[-69.266966,45.865577],[-69.273589,45.878529],[-69.270057,45.901784],[-69.273736,45.910321],[-69.287866,45.909732],[-69.29861,45.902667],[-69.300818,45.892364],[-69.294636,45.868226],[-69.283303,45.849681],[-69.280212,45.83879],[-69.287424,45.83408],[-69.300376,45.837024]]]}},{"type":"Feature","properties":{"name":"Lake Superior","name_en":"Superior","scalerank":0,"min_zoom":1},"geometry":{"type":"Polygon","coordinates":[[[-84.492983,46.473515],[-84.490437,46.449287],[-84.490141,46.44647],[-84.529157,46.429873],[-84.569779,46.423397],[-84.603337,46.437527],[-84.594064,46.457838],[-84.61835,46.484331],[-84.65647,46.501992],[-84.689291,46.495516],[-84.715048,46.478443],[-84.749489,46.466669],[-84.786431,46.459604],[-84.819547,46.457249],[-84.835443,46.459604],[-84.877537,46.478443],[-84.914774,46.484625],[-84.921839,46.487569],[-84.935968,46.501698],[-84.945977,46.506408],[-84.959076,46.504936],[-84.992045,46.49375],[-85.00794,46.491984],[-85.027074,46.496694],[-85.039585,46.50523],[-85.048268,46.517594],[-85.055775,46.532901],[-85.027957,46.556155],[-85.017949,46.573229],[-85.031195,46.606786],[-85.013386,46.724237],[-85.00794,46.738956],[-84.994105,46.751319],[-84.976738,46.759561],[-84.961137,46.768981],[-84.952747,46.786348],[-84.976149,46.783993],[-85.017802,46.774574],[-85.038996,46.772513],[-85.123184,46.779872],[-85.200307,46.775457],[-85.293032,46.754557],[-85.475538,46.689502],[-85.5219,46.683909],[-85.860566,46.708636],[-85.891769,46.704221],[-85.898686,46.710991],[-85.926209,46.699216],[-86.090906,46.675373],[-86.118576,46.678905],[-86.145658,46.69068],[-86.282831,46.621799],[-86.396456,46.586181],[-86.43649,46.562337],[-86.472549,46.557922],[-86.488298,46.553506],[-86.533335,46.526425],[-86.546435,46.515828],[-86.594563,46.465491],[-86.625471,46.444003],[-86.659029,46.437527],[-86.657115,46.441942],[-86.654172,46.452834],[-86.652111,46.457249],[-86.680665,46.457543],[-86.702006,46.460781],[-86.719962,46.469907],[-86.73836,46.488157],[-86.759849,46.501109],[-86.78016,46.495516],[-86.810479,46.47079],[-86.830496,46.462548],[-86.857872,46.457543],[-86.88201,46.459898],[-86.892312,46.474617],[-86.897169,46.483153],[-86.908355,46.484919],[-86.920866,46.484625],[-86.930138,46.488157],[-86.960605,46.51936],[-86.965609,46.52878],[-86.966787,46.534961],[-86.970319,46.54026],[-86.981652,46.547324],[-86.994457,46.55174],[-87.008439,46.553506],[-87.021833,46.551151],[-87.033018,46.543498],[-87.042144,46.539082],[-87.055096,46.538199],[-87.080853,46.539671],[-87.086446,46.535844],[-87.103077,46.518182],[-87.111466,46.512295],[-87.135604,46.510823],[-87.183144,46.517299],[-87.226121,46.502287],[-87.348135,46.516711],[-87.373598,46.526425],[-87.387727,46.54703],[-87.392731,46.597366],[-87.396705,46.604431],[-87.407155,46.608847],[-87.459405,46.625625],[-87.469413,46.635045],[-87.467794,46.649469],[-87.485898,46.658888],[-87.506062,46.673312],[-87.522546,46.69068],[-87.529169,46.707753],[-87.539178,46.717173],[-87.584951,46.752202],[-87.598198,46.765743],[-87.614388,46.809309],[-87.629695,46.828737],[-87.649711,46.824027],[-87.66075,46.819906],[-87.668109,46.829031],[-87.67694,46.851403],[-87.684299,46.85258],[-87.709026,46.846987],[-87.720947,46.848165],[-87.730956,46.855229],[-87.740817,46.873186],[-87.748912,46.882311],[-87.758332,46.884666],[-87.769665,46.883783],[-87.779232,46.884666],[-87.783058,46.892319],[-87.796452,46.90115],[-87.902864,46.921167],[-88.063882,46.931175],[-88.119075,46.927643],[-88.198553,46.911747],[-88.215038,46.89909],[-88.22431,46.878484],[-88.246387,46.856701],[-88.273175,46.839922],[-88.297018,46.834624],[-88.297018,46.840806],[-88.276413,46.860822],[-88.259192,46.888492],[-88.23947,46.912925],[-88.183688,46.932941],[-88.154251,46.952958],[-88.144096,46.970326],[-88.173532,46.971798],[-88.188839,46.967088],[-88.234907,46.943833],[-88.27862,46.913513],[-88.30997,46.903799],[-88.339406,46.880839],[-88.355302,46.87554],[-88.389154,46.872597],[-88.400487,46.866121],[-88.386358,46.854346],[-88.440962,46.800478],[-88.474667,46.773396],[-88.488796,46.779872],[-88.484675,46.786348],[-88.47555,46.790469],[-88.465689,46.793413],[-88.45833,46.796945],[-88.455975,46.802833],[-88.459065,46.809014],[-88.479524,46.838451],[-88.482762,46.848165],[-88.478935,46.858173],[-88.472459,46.867298],[-88.469221,46.876718],[-88.469957,46.886138],[-88.475697,46.895557],[-88.463039,46.91263],[-88.451854,46.935885],[-88.444053,46.960317],[-88.440962,46.981806],[-88.446849,47.001234],[-88.461273,47.020073],[-88.479229,47.035969],[-88.496303,47.04686],[-88.502926,47.046566],[-88.509402,47.042445],[-88.516172,47.040679],[-88.523531,47.04686],[-88.523973,47.05157],[-88.517791,47.061873],[-88.509696,47.089249],[-88.507783,47.101023],[-88.51264,47.111621],[-88.535453,47.125161],[-88.587408,47.129871],[-88.612871,47.135758],[-88.634948,47.151065],[-88.637156,47.167844],[-88.630533,47.18845],[-88.62597,47.214354],[-88.635831,47.23702],[-88.658644,47.237903],[-88.683812,47.228189],[-88.851894,47.128694],[-88.879565,47.11898],[-88.886629,47.115153],[-88.906499,47.086305],[-88.91062,47.081595],[-88.916213,47.072764],[-88.951831,47.031259],[-88.96861,47.018896],[-88.978913,47.016247],[-89.010115,47.012714],[-89.050001,47.00094],[-89.061334,46.999173],[-89.110199,47.007121],[-89.130804,47.005944],[-89.153618,46.992403],[-89.226767,46.936179],[-89.308012,46.893497],[-89.397645,46.863766],[-89.794154,46.830208],[-89.834776,46.81549],[-90.017576,46.69745],[-90.05967,46.680377],[-90.237025,46.640344],[-90.289569,46.617089],[-90.301785,46.615028],[-90.334901,46.613262],[-90.361835,46.608552],[-90.387003,46.600016],[-90.435279,46.576467],[-90.454413,46.577055],[-90.49739,46.594423],[-90.569803,46.60708],[-90.662087,46.644465],[-90.736414,46.695095],[-90.756872,46.704221],[-90.749954,46.700394],[-90.730085,46.683909],[-90.741271,46.684498],[-90.752015,46.683321],[-90.762023,46.680377],[-90.771001,46.676256],[-90.771001,46.670074],[-90.736266,46.670074],[-90.754958,46.650941],[-90.781157,46.637106],[-90.900816,46.602076],[-90.930105,46.597661],[-90.956009,46.607375],[-90.944529,46.627097],[-90.927456,46.64682],[-90.863137,46.700983],[-90.857839,46.712463],[-90.862401,46.722471],[-90.870055,46.732185],[-90.874176,46.742194],[-90.872263,46.759267],[-90.865934,46.780755],[-90.854306,46.799006],[-90.835909,46.806659],[-90.818688,46.816373],[-90.793667,46.861705],[-90.777183,46.87554],[-90.781893,46.885549],[-90.784689,46.889376],[-90.761582,46.897618],[-90.764084,46.905566],[-90.777036,46.913219],[-90.784689,46.919989],[-90.788663,46.939123],[-90.798966,46.945599],[-90.829138,46.943833],[-90.834437,46.946777],[-90.836497,46.953253],[-90.83738,46.960317],[-90.839294,46.964438],[-90.848419,46.967971],[-90.856956,46.970326],[-90.877267,46.971798],[-90.884332,46.96856],[-90.8886,46.961495],[-90.891543,46.954136],[-90.894487,46.950015],[-90.904201,46.947071],[-90.914651,46.94501],[-90.935845,46.943833],[-90.944235,46.944716],[-90.959247,46.949132],[-90.966018,46.950015],[-90.975732,46.948248],[-90.981913,46.944127],[-90.986181,46.939712],[-90.990155,46.937063],[-91.033427,46.922933],[-91.04476,46.916457],[-91.049175,46.910275],[-91.050794,46.903505],[-91.053738,46.897912],[-91.062127,46.895557],[-91.081997,46.894969],[-91.090534,46.892908],[-91.099365,46.889376],[-91.11526,46.86671],[-91.128212,46.85935],[-91.147787,46.868181],[-91.146168,46.874069],[-91.146463,46.876424],[-91.14764,46.87819],[-91.147787,46.882311],[-91.167657,46.867887],[-91.190029,46.861705],[-91.203569,46.867593],[-91.19621,46.889376],[-91.224764,46.884371],[-91.274658,46.853463],[-91.352812,46.818434],[-91.401088,46.786348],[-91.414628,46.794296],[-91.490427,46.772513],[-91.569758,46.764271],[-91.793034,46.705987],[-91.939333,46.689797],[-91.96347,46.69068],[-92.026612,46.71364],[-92.042213,46.717173],[-92.058992,46.723943],[-92.082835,46.739839],[-92.104324,46.758384],[-92.114185,46.772513],[-92.095346,46.80401],[-92.047953,46.834329],[-91.956553,46.87554],[-91.897533,46.911747],[-91.859707,46.920873],[-91.798332,46.950015],[-91.745641,46.992697],[-91.711936,47.003],[-91.654977,47.03332],[-91.649237,47.039207],[-91.638787,47.054514],[-91.633783,47.059812],[-91.623627,47.063934],[-91.610086,47.067172],[-91.598017,47.073059],[-91.592866,47.084833],[-91.581827,47.096608],[-91.511033,47.121923],[-91.261706,47.30752],[-91.01238,47.493116],[-90.949239,47.51225],[-90.79146,47.616161],[-90.532861,47.711535],[-90.395834,47.741854],[-90.345792,47.74627],[-90.328719,47.750096],[-90.287655,47.767758],[-90.08528,47.811324],[-89.743229,47.930836],[-89.724978,47.941433],[-89.69304,47.966748],[-89.66537,47.975874],[-89.648444,47.994713],[-89.636522,47.998834],[-89.606938,47.991475],[-89.59016,47.990592],[-89.578091,47.998834],[-89.577502,48.001778],[-89.578091,48.012669],[-89.563961,48.019734],[-89.541148,48.023561],[-89.519954,48.029448],[-89.510387,48.043577],[-89.499495,48.05182],[-89.459609,48.051231],[-89.461964,48.061239],[-89.435471,48.070659],[-89.419281,48.079784],[-89.422961,48.08626],[-89.455194,48.088909],[-89.432969,48.101861],[-89.331708,48.122467],[-89.334799,48.126588],[-89.336418,48.130415],[-89.339067,48.133358],[-89.345249,48.136302],[-89.305068,48.166622],[-89.294176,48.185755],[-89.304332,48.205183],[-89.29815,48.211954],[-89.273571,48.201945],[-89.266212,48.214014],[-89.270186,48.256108],[-89.267537,48.26435],[-89.261208,48.274653],[-89.253407,48.28319],[-89.246342,48.287016],[-89.240749,48.291726],[-89.229269,48.321751],[-89.218525,48.327933],[-89.211166,48.325578],[-89.206014,48.326167],[-89.201893,48.341768],[-89.214404,48.364729],[-89.218672,48.36885],[-89.237806,48.378564],[-89.237217,48.400935],[-89.22662,48.426251],[-89.215581,48.444796],[-89.188647,48.467462],[-89.149055,48.483946],[-88.816571,48.5699],[-88.779922,48.588445],[-88.763144,48.583441],[-88.758287,48.566957],[-88.773594,48.543702],[-88.838206,48.486301],[-88.845713,48.451566],[-88.850717,48.440086],[-88.856604,48.431844],[-88.85837,48.423013],[-88.851894,48.409766],[-88.860725,48.403585],[-88.862786,48.395931],[-88.862933,48.388572],[-88.866171,48.383274],[-88.876474,48.38033],[-88.885452,48.382096],[-88.895019,48.382685],[-88.907088,48.376503],[-88.916066,48.365317],[-88.930048,48.335881],[-88.941234,48.321751],[-88.930342,48.315275],[-88.92475,48.319985],[-88.920628,48.329111],[-88.914005,48.335292],[-88.903702,48.336764],[-88.883391,48.334703],[-88.8725,48.335292],[-88.802588,48.350893],[-88.768589,48.368555],[-88.747542,48.373854],[-88.730028,48.383862],[-88.722816,48.406823],[-88.718989,48.426545],[-88.709569,48.450977],[-88.687345,48.492483],[-88.697648,48.506906],[-88.681163,48.513382],[-88.639658,48.519858],[-88.635095,48.533105],[-88.62597,48.605518],[-88.620524,48.624946],[-88.6061,48.634072],[-88.585348,48.636427],[-88.561063,48.636427],[-88.546933,48.644669],[-88.544137,48.663508],[-88.548994,48.684408],[-88.557677,48.698538],[-88.547522,48.707663],[-88.535306,48.712667],[-88.509255,48.718849],[-88.531921,48.728857],[-88.541929,48.742986],[-88.544284,48.761237],[-88.54399,48.784197],[-88.539133,48.791851],[-88.527505,48.802154],[-88.514847,48.810985],[-88.495714,48.819227],[-88.492623,48.829235],[-88.491887,48.84101],[-88.488796,48.849252],[-88.468338,48.8572],[-88.441845,48.856317],[-88.364133,48.843365],[-88.347943,48.828352],[-88.337935,48.808335],[-88.331164,48.788024],[-88.327338,48.780959],[-88.322481,48.774483],[-88.318654,48.766241],[-88.317476,48.752995],[-88.319978,48.742103],[-88.329104,48.72032],[-88.331164,48.708546],[-88.338965,48.694416],[-88.499688,48.574905],[-88.54399,48.554593],[-88.558266,48.539875],[-88.576958,48.508378],[-88.591235,48.492483],[-88.584612,48.492777],[-88.571218,48.492188],[-88.564448,48.492483],[-88.570629,48.47541],[-88.565772,48.462752],[-88.558561,48.449505],[-88.557677,48.431549],[-88.516025,48.444796],[-88.525445,48.454215],[-88.521323,48.463929],[-88.503073,48.478942],[-88.499246,48.478353],[-88.493948,48.475115],[-88.487766,48.473643],[-88.482026,48.478942],[-88.481584,48.486007],[-88.48703,48.490128],[-88.493506,48.49366],[-88.496303,48.499253],[-88.492034,48.516032],[-88.484822,48.522508],[-88.474961,48.52604],[-88.462156,48.533988],[-88.438607,48.566957],[-88.427421,48.574905],[-88.420945,48.555771],[-88.407699,48.549001],[-88.390331,48.551355],[-88.37267,48.560775],[-88.368254,48.566368],[-88.364722,48.573433],[-88.359276,48.57932],[-88.348532,48.581969],[-88.323658,48.582264],[-88.313208,48.586385],[-88.303788,48.59551],[-88.325719,48.611111],[-88.334844,48.638193],[-88.330281,48.657327],[-88.311295,48.649967],[-88.303052,48.636427],[-88.298931,48.62318],[-88.291572,48.613172],[-88.273175,48.609051],[-88.268759,48.614055],[-88.228137,48.643197],[-88.232258,48.631128],[-88.249478,48.609934],[-88.255365,48.59551],[-88.225635,48.597571],[-88.203116,48.613466],[-88.167203,48.657621],[-88.122607,48.694711],[-88.109361,48.71149],[-88.108772,48.721204],[-88.114218,48.730918],[-88.118928,48.746225],[-88.117162,48.759177],[-88.108478,48.789496],[-88.108625,48.797444],[-88.118192,48.804509],[-88.21386,48.848663],[-88.241089,48.865148],[-88.262872,48.890463],[-88.250803,48.908125],[-88.242708,48.916956],[-88.241089,48.925787],[-88.248595,48.94492],[-88.268759,48.974651],[-88.271114,48.989664],[-88.255365,49.000261],[-88.250214,48.983776],[-88.239028,48.974062],[-88.22431,48.972002],[-88.208267,48.979067],[-88.193107,48.972296],[-88.176917,48.973474],[-88.160727,48.978772],[-88.146156,48.985837],[-88.136884,48.992313],[-88.130702,48.998495],[-88.123932,49.003499],[-88.11201,49.006442],[-88.103474,49.004676],[-88.088608,48.994962],[-88.081102,48.992607],[-88.068739,48.999378],[-88.049605,49.025576],[-88.036211,49.027637],[-88.03106,49.021455],[-88.030324,49.013213],[-88.032532,49.006737],[-88.036211,49.006442],[-88.035623,49.003499],[-88.0368,48.995551],[-88.036211,48.992607],[-88.032532,48.991724],[-88.018255,48.99143],[-88.012662,48.989369],[-87.999416,48.97995],[-87.970274,48.964937],[-87.957469,48.955517],[-87.942015,48.947275],[-87.92347,48.946098],[-87.903895,48.946686],[-87.885497,48.94492],[-87.879021,48.941977],[-87.866216,48.934029],[-87.858857,48.93138],[-87.849879,48.929908],[-87.793067,48.933734],[-87.781586,48.928436],[-87.789829,48.910774],[-87.766279,48.910185],[-87.723597,48.914306],[-87.700489,48.910774],[-87.673408,48.900471],[-87.667079,48.896645],[-87.66443,48.890757],[-87.663841,48.875156],[-87.660161,48.869857],[-87.639409,48.864559],[-87.622188,48.869269],[-87.606734,48.877511],[-87.59128,48.882809],[-87.575679,48.882809],[-87.561549,48.8781],[-87.555515,48.867503],[-87.56464,48.849252],[-87.544035,48.836889],[-87.517542,48.83836],[-87.464409,48.849252],[-87.436886,48.843953],[-87.390965,48.817166],[-87.365356,48.807747],[-87.317521,48.807747],[-87.309868,48.799799],[-87.300448,48.778605],[-87.293089,48.774189],[-87.24187,48.767419],[-87.226121,48.768891],[-87.186677,48.780371],[-87.101164,48.780371],[-87.079086,48.783903],[-87.056568,48.790968],[-87.042438,48.793323],[-87.032283,48.788907],[-87.023893,48.78302],[-87.015357,48.780371],[-86.996959,48.785081],[-86.997695,48.79244],[-87.003876,48.800388],[-87.002257,48.807747],[-86.988275,48.813928],[-86.977089,48.813045],[-86.967228,48.807158],[-86.95722,48.797444],[-86.938969,48.784492],[-86.915126,48.773306],[-86.871854,48.76006],[-86.854045,48.758588],[-86.840651,48.761531],[-86.810479,48.774189],[-86.758965,48.787141],[-86.741598,48.794206],[-86.725114,48.811573],[-86.71746,48.814517],[-86.708924,48.812456],[-86.702153,48.808041],[-86.697296,48.803331],[-86.693764,48.800976],[-86.634597,48.794206],[-86.617965,48.788024],[-86.631653,48.746225],[-86.615169,48.746519],[-86.566451,48.739454],[-86.558209,48.740043],[-86.552911,48.741809],[-86.542902,48.746225],[-86.539223,48.749168],[-86.537751,48.753289],[-86.537162,48.75741],[-86.536132,48.76006],[-86.531569,48.760943],[-86.520236,48.759177],[-86.456653,48.774483],[-86.428542,48.773306],[-86.433693,48.752995],[-86.403815,48.752995],[-86.390716,48.750051],[-86.38527,48.742986],[-86.389097,48.730918],[-86.396309,48.72974],[-86.399841,48.727385],[-86.392776,48.712078],[-86.390569,48.711784],[-86.37482,48.701481],[-86.370405,48.695888],[-86.365253,48.680876],[-86.361427,48.6744],[-86.351271,48.66498],[-86.340085,48.659387],[-86.326545,48.656738],[-86.309619,48.657621],[-86.313151,48.64879],[-86.318008,48.640842],[-86.323895,48.634072],[-86.330077,48.629656],[-86.286364,48.605224],[-86.266789,48.587268],[-86.268555,48.568134],[-86.258546,48.552827],[-86.250893,48.510733],[-86.245006,48.495721],[-86.234261,48.481297],[-86.226019,48.464224],[-86.222928,48.446562],[-86.227638,48.431549],[-86.179215,48.396814],[-86.189665,48.391221],[-86.191726,48.382979],[-86.187605,48.374737],[-86.179215,48.36885],[-86.18628,48.350893],[-86.178185,48.334703],[-86.151839,48.307622],[-86.14242,48.288194],[-86.129321,48.251104],[-86.11784,48.232265],[-86.110923,48.226672],[-86.1043,48.222551],[-86.099295,48.21578],[-86.097235,48.201651],[-86.076777,48.163384],[-86.015549,48.11187],[-86.007895,48.108337],[-86.001567,48.089498],[-85.944754,48.065655],[-85.940192,48.046815],[-85.908842,48.033275],[-85.898686,48.02621],[-85.891622,48.019439],[-85.874696,47.995596],[-85.859241,47.984999],[-85.743115,47.952324],[-85.533086,47.926126],[-85.424171,47.927304],[-85.278903,47.958212],[-84.929051,47.971752],[-84.921545,47.968514],[-84.911683,47.954385],[-84.901528,47.951147],[-84.898731,47.953208],[-84.894757,47.958212],[-84.888281,47.962627],[-84.877537,47.964982],[-84.858551,47.960861],[-84.844568,47.950264],[-84.838828,47.934957],[-84.843538,47.917001],[-84.850161,47.910525],[-84.877537,47.89669],[-84.891372,47.881088],[-84.898143,47.875495],[-84.924783,47.86166],[-84.935674,47.851063],[-84.939059,47.834579],[-84.933613,47.823099],[-84.921397,47.811618],[-84.905943,47.803376],[-84.891225,47.801021],[-84.901528,47.787775],[-84.932583,47.760693],[-84.942592,47.74156],[-84.950981,47.738616],[-84.970115,47.73891],[-84.977179,47.735378],[-84.984244,47.72743],[-84.9944,47.710946],[-84.970409,47.69976],[-84.971586,47.68828],[-84.997491,47.667086],[-85.003083,47.652956],[-85.007352,47.634117],[-85.014416,47.620576],[-85.028399,47.622342],[-85.019715,47.606447],[-85.00014,47.590845],[-84.976591,47.579071],[-84.956132,47.574361],[-84.950098,47.569062],[-84.945682,47.545513],[-84.942444,47.540215],[-84.935821,47.536682],[-84.914627,47.518726],[-84.904913,47.51225],[-84.827348,47.488701],[-84.806007,47.485757],[-84.796293,47.482225],[-84.771272,47.464563],[-84.726823,47.444841],[-84.710191,47.429534],[-84.696503,47.39215],[-84.682079,47.372427],[-84.669863,47.368012],[-84.639691,47.370072],[-84.627475,47.365362],[-84.619674,47.35506],[-84.603337,47.320619],[-84.59745,47.316204],[-84.589649,47.311788],[-84.58332,47.305018],[-84.582731,47.293243],[-84.589207,47.282057],[-84.599216,47.277936],[-84.610402,47.275581],[-84.62041,47.269694],[-84.672218,47.20464],[-84.678841,47.201107],[-84.688114,47.198164],[-84.696503,47.194337],[-84.700036,47.187566],[-84.698711,47.181679],[-84.696356,47.178441],[-84.696062,47.173437],[-84.700036,47.163429],[-84.705776,47.159602],[-84.714901,47.156953],[-84.723143,47.153126],[-84.726823,47.145767],[-84.724321,47.139291],[-84.713135,47.119274],[-84.70975,47.115153],[-84.708719,47.108677],[-84.717697,47.094547],[-84.731238,47.080418],[-84.760233,47.068055],[-84.769947,47.053042],[-84.772596,47.034791],[-84.767739,47.018896],[-84.787462,47.005944],[-84.776865,46.987693],[-84.752285,46.971503],[-84.730208,46.964438],[-84.689291,46.964438],[-84.671041,46.962084],[-84.663387,46.956491],[-84.659266,46.947954],[-84.65176,46.937063],[-84.632185,46.918812],[-84.621146,46.912042],[-84.609519,46.909098],[-84.594064,46.909981],[-84.593476,46.915574],[-84.596861,46.923816],[-84.593329,46.933825],[-84.57287,46.946482],[-84.553295,46.946188],[-84.532395,46.940595],[-84.508257,46.937063],[-84.459687,46.943244],[-84.43658,46.941184],[-84.39478,46.912336],[-84.374763,46.903211],[-84.360192,46.893202],[-84.356218,46.87554],[-84.359603,46.872597],[-84.377412,46.848165],[-84.389334,46.839922],[-84.398165,46.838156],[-84.421714,46.840806],[-84.45012,46.852286],[-84.462925,46.854346],[-84.477643,46.853169],[-84.487063,46.849931],[-84.495747,46.845515],[-84.53946,46.831975],[-84.549321,46.827265],[-84.543728,46.811369],[-84.542845,46.786054],[-84.547702,46.762505],[-84.559182,46.751908],[-84.565953,46.740722],[-84.561243,46.716878],[-84.546083,46.69745],[-84.521357,46.69745],[-84.511201,46.710991],[-84.504136,46.731596],[-84.494422,46.75073],[-84.476908,46.758972],[-84.458657,46.753674],[-84.441584,46.740722],[-84.429221,46.72512],[-84.425099,46.710991],[-84.434078,46.693623],[-84.490301,46.659183],[-84.563009,46.601193],[-84.575814,46.585886],[-84.588472,46.562926],[-84.589207,46.542026],[-84.546525,46.526425],[-84.532837,46.512001],[-84.521357,46.495811],[-84.508257,46.484625],[-84.493833,46.480504],[-84.492983,46.473515]],[[-86.60413,46.47285],[-86.597507,46.484625],[-86.601922,46.496694],[-86.614874,46.498166],[-86.629445,46.496105],[-86.639159,46.498754],[-86.639159,46.506997],[-86.632978,46.516122],[-86.617965,46.532901],[-86.628268,46.553212],[-86.635185,46.560865],[-86.645341,46.566458],[-86.669037,46.571757],[-86.687729,46.567047],[-86.698915,46.5538],[-86.700534,46.532901],[-86.697591,46.522892],[-86.692734,46.515828],[-86.686699,46.508763],[-86.680076,46.498754],[-86.675808,46.485802],[-86.676985,46.478738],[-86.676249,46.474911],[-86.666535,46.47079],[-86.660206,46.471379],[-86.657263,46.481976],[-86.652111,46.484625],[-86.64696,46.48227],[-86.641661,46.477855],[-86.638423,46.473145],[-86.639159,46.47079],[-86.616935,46.469318],[-86.60413,46.47285]],[[-86.956189,48.641137],[-86.946623,48.6535],[-86.953835,48.670573],[-86.960605,48.672928],[-86.975029,48.675577],[-86.981652,48.677932],[-86.993868,48.66498],[-87.030958,48.661448],[-87.046265,48.653794],[-87.045823,48.642314],[-87.027278,48.63731],[-86.987981,48.636427],[-86.994751,48.623475],[-86.956189,48.641137]],[[-85.610651,47.73891],[-85.59137,47.751568],[-85.594019,47.763343],[-85.610062,47.773057],[-85.69425,47.798372],[-85.713678,47.801021],[-85.73399,47.807792],[-85.858653,47.803376],[-85.881908,47.793368],[-85.925915,47.765698],[-85.95388,47.759516],[-85.955057,47.754217],[-85.954763,47.747153],[-85.952996,47.741265],[-85.9502,47.73891],[-85.94652,47.736556],[-85.942841,47.731846],[-85.937837,47.726842],[-85.929742,47.724781],[-85.921647,47.723898],[-85.906634,47.719777],[-85.83216,47.716539],[-85.803901,47.721249],[-85.775201,47.73214],[-85.756508,47.720954],[-85.733401,47.718011],[-85.709263,47.720071],[-85.670113,47.727725],[-85.662165,47.730668],[-85.655394,47.735672],[-85.645975,47.739794],[-85.621542,47.737733],[-85.610651,47.73891]],[[-87.714766,47.416876],[-87.714766,47.423646],[-87.728012,47.432477],[-87.747735,47.454555],[-87.7626,47.464563],[-87.799984,47.47987],[-87.819707,47.483991],[-88.052549,47.484285],[-88.137031,47.473394],[-88.209445,47.453377],[-88.223427,47.446018],[-88.238587,47.433949],[-88.249478,47.429534],[-88.260811,47.431889],[-88.272291,47.43601],[-88.28333,47.437187],[-88.290836,47.433949],[-88.317476,47.416876],[-88.397985,47.388912],[-88.431248,47.372427],[-88.526622,47.28294],[-88.544431,47.270283],[-88.587703,47.251738],[-88.605512,47.238786],[-88.613607,47.221713],[-88.617728,47.197869],[-88.619052,47.152537],[-88.606248,47.139879],[-88.516025,47.135758],[-88.506017,47.129577],[-88.489091,47.111915],[-88.48232,47.108382],[-88.437577,47.115153],[-88.424036,47.124867],[-88.423447,47.143706],[-88.436105,47.154892],[-88.462156,47.142529],[-88.452295,47.158719],[-88.434192,47.176969],[-88.414322,47.191393],[-88.399457,47.196986],[-88.405197,47.18109],[-88.409318,47.145472],[-88.413733,47.128694],[-88.423447,47.110737],[-88.433014,47.101906],[-88.462156,47.087777],[-88.47761,47.076591],[-88.483498,47.065994],[-88.48026,47.054514],[-88.424183,46.992403],[-88.409612,46.997407],[-88.396955,47.010065],[-88.376202,47.036558],[-88.344852,47.091309],[-88.336168,47.100435],[-88.298195,47.113681],[-88.289512,47.125456],[-88.284508,47.140468],[-88.27185,47.147533],[-88.254188,47.149299],[-88.234907,47.149299],[-88.234907,47.156069],[-88.246093,47.169022],[-88.242119,47.187861],[-88.229756,47.206406],[-88.215038,47.21818],[-88.201938,47.221124],[-88.188692,47.220535],[-88.175887,47.221418],[-88.163818,47.228483],[-88.122607,47.262629],[-88.112746,47.268222],[-88.087872,47.274993],[-88.077275,47.279702],[-88.060644,47.303252],[-88.05402,47.307078],[-88.032532,47.310611],[-88.01119,47.319442],[-87.948932,47.35506],[-87.96527,47.368012],[-88.000299,47.37802],[-88.030177,47.383319],[-88.017519,47.395388],[-87.997355,47.397742],[-87.953789,47.396271],[-87.899332,47.40834],[-87.878727,47.410106],[-87.856355,47.407751],[-87.816027,47.398331],[-87.793655,47.396271],[-87.773344,47.400097],[-87.737285,47.415404],[-87.714766,47.416876]],[[-88.635978,48.034746],[-88.595356,48.059767],[-88.591235,48.064183],[-88.592707,48.071836],[-88.598153,48.090087],[-88.598594,48.095091],[-88.575486,48.115991],[-88.502779,48.14631],[-88.475697,48.163384],[-88.462892,48.174275],[-88.458182,48.179279],[-88.45465,48.184578],[-88.465836,48.174569],[-88.479818,48.169271],[-88.509255,48.163384],[-88.504839,48.17192],[-88.497038,48.178985],[-88.475697,48.190759],[-88.550171,48.1625],[-88.571365,48.149843],[-88.587997,48.154847],[-88.62023,48.145133],[-88.63274,48.149843],[-88.708539,48.108337],[-88.708539,48.122467],[-88.74033,48.100684],[-88.787429,48.077135],[-88.832908,48.06065],[-88.859401,48.061239],[-88.878093,48.047698],[-88.903114,48.037101],[-88.928429,48.031508],[-88.948151,48.033863],[-88.982886,48.016201],[-89.123592,47.964393],[-89.215581,47.917001],[-89.205131,47.905521],[-89.188353,47.906404],[-89.153618,47.917001],[-89.153618,47.91023],[-89.192474,47.895807],[-89.201893,47.889625],[-89.215581,47.865781],[-89.214404,47.857245],[-89.211166,47.856656],[-89.20675,47.857539],[-89.201893,47.855184],[-89.182612,47.838111],[-89.160977,47.832518],[-89.137575,47.835168],[-88.966549,47.890802],[-88.914005,47.89669],[-88.914005,47.90346],[-89.002756,47.90346],[-88.989804,47.91494],[-88.952273,47.93113],[-88.948151,47.938195],[-88.687345,48.012669],[-88.635978,48.034746]],[[-90.409522,47.073648],[-90.407903,47.076591],[-90.407903,47.081595],[-90.438959,47.081595],[-90.460006,47.063639],[-90.47178,47.034791],[-90.475607,47.002117],[-90.432777,47.015658],[-90.410258,47.033614],[-90.414821,47.067466],[-90.412024,47.070998],[-90.409522,47.073648]],[[-88.085076,48.941977],[-88.089638,48.929613],[-88.081102,48.923726],[-88.066089,48.921371],[-88.049458,48.91519],[-88.034151,48.906653],[-88.022671,48.896645],[-88.019727,48.917839],[-88.02164,48.937856],[-88.032679,48.952574],[-88.057406,48.959344],[-88.072713,48.95434],[-88.085076,48.941977]],[[-88.086989,48.826586],[-88.098322,48.818049],[-88.096556,48.796266],[-88.085223,48.752701],[-88.068297,48.712078],[-88.061085,48.706485],[-88.047103,48.704719],[-88.036947,48.705897],[-88.026939,48.709135],[-88.019433,48.714728],[-88.016489,48.722381],[-88.017666,48.736216],[-87.990879,48.752995],[-87.982196,48.755939],[-87.935833,48.765064],[-87.910371,48.767419],[-87.897566,48.766241],[-87.873575,48.760943],[-87.818235,48.759177],[-87.809551,48.768596],[-87.810434,48.794206],[-87.784677,48.787141],[-87.772756,48.795972],[-87.76937,48.8154],[-87.76937,48.841893],[-87.764072,48.848369],[-87.7626,48.851607],[-87.7626,48.856317],[-87.772461,48.85926],[-87.965858,48.867503],[-88.016489,48.856317],[-88.086989,48.826586]],[[-87.67017,48.747696],[-87.605557,48.76006],[-87.652655,48.794206],[-87.67591,48.829235],[-87.687537,48.841893],[-87.706524,48.846014],[-87.727718,48.845425],[-87.745968,48.839832],[-87.75583,48.828352],[-87.754946,48.818932],[-87.750089,48.807452],[-87.743761,48.798033],[-87.738315,48.794206],[-87.725216,48.791557],[-87.723008,48.785669],[-87.728454,48.774189],[-87.734341,48.772717],[-87.745527,48.765064],[-87.750531,48.757116],[-87.738315,48.752995],[-87.693719,48.746225],[-87.67017,48.747696]],[[-89.15038,48.248749],[-89.174076,48.239918],[-89.170249,48.232559],[-89.165834,48.226966],[-89.160535,48.222551],[-89.153618,48.218135],[-89.142137,48.224906],[-89.13522,48.221668],[-89.130657,48.215192],[-89.125653,48.211954],[-89.114173,48.213425],[-89.037344,48.244334],[-89.023214,48.25287],[-89.045733,48.259346],[-89.056183,48.264645],[-89.064867,48.273476],[-89.099455,48.274064],[-89.115645,48.271121],[-89.129333,48.262879],[-89.138899,48.255225],[-89.15038,48.248749]],[[-87.464556,48.764475],[-87.447336,48.788024],[-87.501941,48.800976],[-87.522988,48.800976],[-87.508711,48.774778],[-87.487075,48.761237],[-87.464556,48.764475]],[[-90.585258,46.848753],[-90.583933,46.85935],[-90.599829,46.87554],[-90.620287,46.872891],[-90.677394,46.853169],[-90.689168,46.844632],[-90.70109,46.832269],[-90.777183,46.800478],[-90.7972,46.779578],[-90.796317,46.762799],[-90.781598,46.757206],[-90.737149,46.779872],[-90.681956,46.790175],[-90.668121,46.806659],[-90.686224,46.808425],[-90.676069,46.820494],[-90.651784,46.834329],[-90.627057,46.840806],[-90.600712,46.842572],[-90.585258,46.848753]],[[-84.541815,46.900856],[-84.549321,46.882311],[-84.532542,46.882311],[-84.486622,46.895557],[-84.470137,46.89644],[-84.454389,46.895852],[-84.439376,46.896735],[-84.425099,46.902916],[-84.441584,46.907037],[-84.458951,46.905566],[-84.476613,46.906449],[-84.493981,46.916457],[-84.512378,46.922639],[-84.528863,46.915868],[-84.541815,46.900856]],[[-90.771001,46.943833],[-90.74024,46.926171],[-90.730085,46.916457],[-90.710362,46.924111],[-90.700501,46.930881],[-90.702267,46.940889],[-90.716397,46.957374],[-90.723167,46.9612],[-90.741123,46.967088],[-90.750543,46.971798],[-90.754517,46.963555],[-90.758932,46.956491],[-90.764231,46.950309],[-90.771001,46.943833]],[[-90.530947,46.950015],[-90.530653,46.965027],[-90.546549,46.967088],[-90.585405,46.957374],[-90.635299,46.949426],[-90.648251,46.943833],[-90.663853,46.927054],[-90.655758,46.921167],[-90.6013,46.924111],[-90.583344,46.922933],[-90.566713,46.917929],[-90.551994,46.909098],[-90.556557,46.924111],[-90.551847,46.934708],[-90.541839,46.94295],[-90.530947,46.950015]],[[-90.936581,46.985633],[-90.928633,46.999173],[-90.943057,47.012714],[-90.95439,47.003],[-90.983238,46.987399],[-90.983974,46.977979],[-90.967784,46.967676],[-90.950858,46.972681],[-90.936581,46.985633]]]}},{"type":"Feature","properties":{"name":"Lake Michigan","name_en":"Michigan","scalerank":0,"min_zoom":1},"geometry":{"type":"Polygon","coordinates":[[[-84.77451,45.799934],[-84.785401,45.790809],[-84.792613,45.779917],[-84.802916,45.770498],[-84.822933,45.765199],[-84.956427,45.769614],[-84.9944,45.77874],[-84.9944,45.771969],[-84.979976,45.763433],[-84.945388,45.737234],[-84.942444,45.731641],[-84.955102,45.725754],[-84.9944,45.683071],[-85.054008,45.650986],[-85.082267,45.631263],[-85.103609,45.600649],[-85.110526,45.563854],[-85.104198,45.527058],[-85.089038,45.494678],[-85.069463,45.470835],[-85.038113,45.446403],[-85.021187,45.439044],[-84.930081,45.429035],[-84.911095,45.422559],[-84.935674,45.395772],[-84.985863,45.38282],[-85.041792,45.379288],[-85.130249,45.383409],[-85.174403,45.376933],[-85.33439,45.315705],[-85.367801,45.293628],[-85.391644,45.26478],[-85.399298,45.227101],[-85.377956,45.101114],[-85.392674,45.009861],[-85.424171,44.930088],[-85.46862,44.858557],[-85.534705,44.774369],[-85.543389,44.767305],[-85.555458,44.765244],[-85.565908,44.769071],[-85.569882,44.77643],[-85.567527,44.78585],[-85.553103,44.803806],[-85.550159,44.814403],[-85.549129,44.836775],[-85.545597,44.843839],[-85.5219,44.861501],[-85.509684,44.879752],[-85.501148,44.900652],[-85.496143,44.923318],[-85.494672,44.946572],[-85.492464,44.958053],[-85.482603,44.970121],[-85.480395,44.980719],[-85.48481,44.993082],[-85.495702,45.00103],[-85.509243,45.002796],[-85.5219,44.998086],[-85.527346,44.988666],[-85.531614,44.973359],[-85.535588,44.946572],[-85.539121,44.934798],[-85.547951,44.925672],[-85.569734,44.908599],[-85.561639,44.907716],[-85.542359,44.90124],[-85.551189,44.891821],[-85.572825,44.879752],[-85.577093,44.871509],[-85.581803,44.842073],[-85.587102,44.826766],[-85.600937,44.812342],[-85.603733,44.797035],[-85.610062,44.787027],[-85.628018,44.795564],[-85.635966,44.805278],[-85.653628,44.834125],[-85.659515,44.854436],[-85.645533,44.88505],[-85.607119,44.949516],[-85.602703,44.96394],[-85.603881,44.977481],[-85.610504,44.988078],[-85.61904,44.990727],[-85.645386,44.983662],[-85.637438,45.001324],[-85.623014,45.024579],[-85.605058,45.044596],[-85.586807,45.053132],[-85.579154,45.061374],[-85.585483,45.080214],[-85.603881,45.114654],[-85.603439,45.144091],[-85.588721,45.154393],[-85.571206,45.157631],[-85.562817,45.165579],[-85.555458,45.181769],[-85.542947,45.199725],[-85.540445,45.213266],[-85.562817,45.216504],[-85.590193,45.196487],[-85.604911,45.19531],[-85.617863,45.195899],[-85.629932,45.194427],[-85.642001,45.18589],[-85.69322,45.114654],[-85.708674,45.101114],[-85.752387,45.071088],[-85.761513,45.062552],[-85.766811,45.045184],[-85.819355,44.965117],[-85.831424,44.954226],[-85.847173,44.949516],[-85.864099,44.953931],[-85.894271,44.973065],[-85.909136,44.977481],[-85.91679,44.978364],[-85.929153,44.982779],[-85.936806,44.983662],[-85.947109,44.981602],[-85.950053,44.976597],[-85.950642,44.970121],[-85.95388,44.96394],[-85.988909,44.923023],[-86.001125,44.91537],[-86.009367,44.91537],[-86.016579,44.917725],[-86.022761,44.920668],[-86.028354,44.922434],[-86.059703,44.922434],[-86.076482,44.916547],[-86.080751,44.903006],[-86.076777,44.871509],[-86.089876,44.782023],[-86.083547,44.765244],[-86.092378,44.753469],[-86.103122,44.747288],[-86.116221,44.744933],[-86.132117,44.74405],[-86.141831,44.745227],[-86.158168,44.75082],[-86.166116,44.751703],[-86.173034,44.749054],[-86.189224,44.73934],[-86.226166,44.730803],[-86.25472,44.713436],[-86.269585,44.688415],[-86.258694,44.658684],[-86.24162,44.634546],[-86.23382,44.610114],[-86.234114,44.585388],[-86.252365,44.518861],[-86.258694,44.50797],[-86.263698,44.495607],[-86.263992,44.463815],[-86.268555,44.44998],[-86.254131,44.4176],[-86.267525,44.374623],[-86.291662,44.335472],[-86.337289,44.275717],[-86.381149,44.198299],[-86.412646,44.161798],[-86.488739,44.112639],[-86.518323,44.083202],[-86.521855,44.045229],[-86.511405,44.029039],[-86.480939,43.999014],[-86.469458,43.977231],[-86.45945,43.968106],[-86.45268,43.958098],[-86.461511,43.935137],[-86.459891,43.923657],[-86.453563,43.908056],[-86.436784,43.822101],[-86.441935,43.785012],[-86.467251,43.75116],[-86.522002,43.699057],[-86.539664,43.666677],[-86.542902,43.627527],[-86.53569,43.605744],[-86.513466,43.570126],[-86.504929,43.539512],[-86.356275,43.2581],[-86.337436,43.243382],[-86.324778,43.254273],[-86.255456,43.270463],[-86.261196,43.256922],[-86.276797,43.243382],[-86.296078,43.233079],[-86.313004,43.228958],[-86.327133,43.222776],[-86.324042,43.207175],[-86.272676,43.103264],[-86.263992,43.063525],[-86.252954,43.039093],[-86.23956,43.016427],[-86.227638,43.003769],[-86.227197,42.999648],[-86.22808,42.996999],[-86.229699,42.99641],[-86.227638,42.99641],[-86.230876,42.995527],[-86.233525,42.995527],[-86.23485,42.994349],[-86.234409,42.989934],[-86.22234,42.964324],[-86.219249,42.709405],[-86.273117,42.471853],[-86.302407,42.39679],[-86.378941,42.255201],[-86.492566,42.129508],[-86.602952,41.940232],[-86.656527,41.87606],[-86.720992,41.824546],[-86.780748,41.798642],[-86.789874,41.787457],[-86.801207,41.777154],[-87.029633,41.681191],[-87.201689,41.634976],[-87.291912,41.627911],[-87.385814,41.63998],[-87.407744,41.646162],[-87.423051,41.653815],[-87.430116,41.666767],[-87.42673,41.687961],[-87.458816,41.678542],[-87.493698,41.69797],[-87.577592,41.788634],[-87.594665,41.820131],[-87.618509,41.893428],[-87.648387,41.944647],[-87.661339,42.032956],[-87.667079,42.051501],[-87.675615,42.070635],[-87.68062,42.078583],[-87.687537,42.085059],[-87.723008,42.096833],[-87.728454,42.102132],[-87.732722,42.108313],[-87.742142,42.115967],[-87.751561,42.125092],[-87.75583,42.136572],[-87.75789,42.14717],[-87.763041,42.157178],[-87.796893,42.205748],[-87.812789,42.240189],[-87.822503,42.279339],[-87.826183,42.354991],[-87.824564,42.366176],[-87.821031,42.374419],[-87.816321,42.379423],[-87.8122,42.38531],[-87.803517,42.482745],[-87.810434,42.568699],[-87.808079,42.578413],[-87.804105,42.589304],[-87.802339,42.600196],[-87.810287,42.617563],[-87.811906,42.630515],[-87.811759,42.644056],[-87.810434,42.653476],[-87.801456,42.672021],[-87.780409,42.704106],[-87.770106,42.771516],[-87.771284,42.789766],[-87.783058,42.811844],[-87.824564,42.85276],[-87.834425,42.86689],[-87.838252,42.877193],[-87.841195,42.958437],[-87.84929,42.981692],[-87.865627,43.003769],[-87.893003,43.009362],[-87.90051,43.022608],[-87.895653,43.04027],[-87.875194,43.075888],[-87.872692,43.083836],[-87.871809,43.096199],[-87.876224,43.102087],[-87.895358,43.114156],[-87.899774,43.12387],[-87.8958,43.146536],[-87.888441,43.162137],[-87.885055,43.178033],[-87.892856,43.202465],[-87.901981,43.220127],[-87.906102,43.231607],[-87.90728,43.267225],[-87.878727,43.342877],[-87.871809,43.37349],[-87.807932,43.466215],[-87.793361,43.505954],[-87.803517,43.53804],[-87.798512,43.561883],[-87.787621,43.581606],[-87.725952,43.662556],[-87.700489,43.70936],[-87.707995,43.71613],[-87.702255,43.726727],[-87.703433,43.729671],[-87.707995,43.737325],[-87.699312,43.747627],[-87.696221,43.756753],[-87.696957,43.766761],[-87.700489,43.778241],[-87.722714,43.807089],[-87.724774,43.811799],[-87.732133,43.823279],[-87.733016,43.848889],[-87.724333,43.925423],[-87.720947,43.935432],[-87.703286,43.957215],[-87.700489,43.96634],[-87.697693,43.991361],[-87.690186,44.012261],[-87.637642,44.100275],[-87.622335,44.117349],[-87.60747,44.126474],[-87.550216,44.148257],[-87.531083,44.161798],[-87.513568,44.179165],[-87.500616,44.198887],[-87.495759,44.220376],[-87.501941,44.236272],[-87.542857,44.278071],[-87.550216,44.312806],[-87.548008,44.324287],[-87.538736,44.344009],[-87.533437,44.359316],[-87.519455,44.38051],[-87.51607,44.390813],[-87.513862,44.413773],[-87.485456,44.52622],[-87.466028,44.570081],[-87.440418,44.606876],[-87.392437,44.651031],[-87.382576,44.670753],[-87.368594,44.687532],[-87.365356,44.692536],[-87.363884,44.704016],[-87.360351,44.715791],[-87.329296,44.781434],[-87.327971,44.803511],[-87.347988,44.812931],[-87.37139,44.818818],[-87.390377,44.833242],[-87.419371,44.867683],[-87.450132,44.886228],[-87.472946,44.876514],[-87.493257,44.86415],[-87.51607,44.875042],[-87.554632,44.845311],[-87.570233,44.837363],[-87.56464,44.854731],[-87.589661,44.855908],[-87.617626,44.844428],[-87.643088,44.827355],[-87.660161,44.812931],[-87.696221,44.772309],[-87.728454,44.723739],[-87.719476,44.708432],[-87.730367,44.691947],[-87.746999,44.676935],[-87.75583,44.66516],[-87.767163,44.656624],[-87.838252,44.634252],[-87.882848,44.610409],[-87.904336,44.59363],[-87.913462,44.576557],[-87.92244,44.553008],[-87.94437,44.54241],[-87.971304,44.541233],[-87.995295,44.545354],[-88.012515,44.553891],[-88.032679,44.567726],[-88.043423,44.580678],[-88.033268,44.586565],[-88.02429,44.616296],[-88.020316,44.638373],[-88.01487,44.647204],[-88.0081,44.653974],[-87.99868,44.666926],[-87.99191,44.670753],[-87.989113,44.675169],[-87.995,44.690476],[-87.995295,44.696363],[-87.988377,44.720206],[-87.982637,44.729332],[-87.971746,44.740517],[-87.949816,44.754941],[-87.938777,44.764067],[-87.93392,44.774958],[-87.932006,44.786144],[-87.927002,44.798802],[-87.920379,44.81087],[-87.913462,44.820585],[-87.858415,44.866505],[-87.840754,44.893587],[-87.851939,44.922434],[-87.822945,44.949222],[-87.777171,44.963057],[-87.687537,44.977481],[-87.666196,44.984251],[-87.648534,44.993376],[-87.636612,45.007211],[-87.632197,45.028406],[-87.633374,45.049894],[-87.632638,45.06108],[-87.629106,45.069322],[-87.602466,45.098464],[-87.598198,45.107884],[-87.606881,45.152333],[-87.603643,45.173527],[-87.560372,45.190895],[-87.344897,45.422559],[-87.339452,45.433451],[-87.332975,45.457883],[-87.327824,45.467302],[-87.308249,45.482904],[-87.29986,45.491146],[-87.282198,45.539127],[-87.271159,45.554729],[-87.236277,45.592996],[-87.212728,45.610363],[-87.173577,45.668942],[-87.155327,45.679833],[-87.111761,45.69043],[-87.094393,45.700145],[-87.07997,45.73223],[-87.07732,45.734291],[-87.071139,45.77874],[-87.056273,45.818185],[-87.042732,45.838496],[-87.026101,45.847032],[-87.018153,45.858218],[-86.999461,45.909437],[-86.987981,45.923273],[-86.97076,45.923273],[-86.964873,45.912675],[-86.965462,45.89884],[-86.968111,45.888538],[-86.975912,45.875291],[-86.996517,45.852331],[-87.002257,45.840851],[-87.00211,45.822894],[-86.995781,45.808765],[-86.987686,45.796696],[-86.981652,45.78551],[-86.979886,45.768731],[-86.987981,45.72075],[-86.983712,45.704854],[-86.974293,45.69308],[-86.964873,45.689842],[-86.960605,45.700145],[-86.95251,45.706915],[-86.914243,45.71604],[-86.888338,45.718984],[-86.871413,45.723988],[-86.856989,45.731347],[-86.850807,45.740767],[-86.84389,45.756368],[-86.81725,45.785216],[-86.81725,45.799934],[-86.804739,45.806116],[-86.795467,45.81318],[-86.788108,45.822306],[-86.782515,45.83408],[-86.791934,45.855274],[-86.779129,45.865283],[-86.756758,45.868226],[-86.73836,45.868226],[-86.701859,45.849387],[-86.677427,45.842322],[-86.655496,45.850859],[-86.641514,45.8644],[-86.626943,45.874702],[-86.610459,45.88265],[-86.590736,45.888538],[-86.569984,45.892364],[-86.557179,45.890304],[-86.547612,45.882356],[-86.536132,45.868226],[-86.568806,45.802289],[-86.566451,45.792575],[-86.563213,45.79022],[-86.562036,45.78551],[-86.563213,45.7808],[-86.566451,45.77874],[-86.57381,45.779917],[-86.587204,45.784627],[-86.594122,45.78551],[-86.618259,45.78551],[-86.628562,45.784627],[-86.62974,45.781683],[-86.628562,45.777268],[-86.633714,45.768437],[-86.637393,45.755779],[-86.639159,45.751658],[-86.642544,45.749892],[-86.64799,45.749598],[-86.654025,45.74842],[-86.659029,45.744593],[-86.669479,45.715746],[-86.676396,45.706915],[-86.708924,45.684838],[-86.712309,45.673652],[-86.700534,45.655401],[-86.689937,45.644804],[-86.659029,45.628025],[-86.64225,45.616251],[-86.6318,45.610363],[-86.621792,45.608009],[-86.611342,45.612718],[-86.611047,45.623315],[-86.615316,45.633913],[-86.617965,45.638917],[-86.619142,45.643921],[-86.624294,45.653046],[-86.625471,45.658934],[-86.622528,45.666587],[-86.615904,45.667764],[-86.608545,45.667176],[-86.603688,45.668942],[-86.584113,45.704854],[-86.568953,45.718689],[-86.537162,45.726932],[-86.532011,45.733996],[-86.529803,45.744005],[-86.529361,45.755191],[-86.524357,45.761961],[-86.512435,45.764022],[-86.488298,45.765199],[-86.447381,45.77874],[-86.441494,45.78345],[-86.433104,45.79493],[-86.426334,45.799934],[-86.411469,45.803172],[-86.373937,45.806704],[-86.357894,45.813475],[-86.350535,45.819656],[-86.357894,45.826721],[-86.331402,45.883239],[-86.298138,45.926511],[-86.251923,45.954475],[-86.079867,45.973609],[-86.042042,45.970665],[-85.978312,45.955064],[-85.919145,45.929749],[-85.923266,45.953003],[-85.915907,45.968016],[-85.897509,45.975669],[-85.790213,45.986855],[-85.66187,45.984795],[-85.64465,45.991565],[-85.630962,46.007166],[-85.610651,46.038663],[-85.545744,46.098125],[-85.525285,46.106956],[-85.445513,46.101657],[-85.414604,46.11402],[-85.405185,46.115198],[-85.394146,46.110194],[-85.382077,46.101657],[-85.37045,46.095476],[-85.360441,46.098125],[-85.339542,46.109311],[-85.3182,46.103718],[-85.281699,46.080463],[-85.260946,46.075164],[-85.192948,46.073693],[-85.170577,46.069277],[-85.117885,46.046317],[-85.02104,46.025123],[-85.004114,46.014525],[-84.968348,45.984206],[-84.956132,45.978024],[-84.946713,45.971548],[-84.925077,45.942995],[-84.914774,45.936519],[-84.894905,45.934753],[-84.871355,45.928277],[-84.85178,45.916797],[-84.843538,45.89884],[-84.824404,45.880295],[-84.780839,45.862339],[-84.77451,45.799934]],[[-86.994751,45.223863],[-86.981652,45.244469],[-86.988128,45.253888],[-86.99166,45.262425],[-86.991807,45.270667],[-86.987981,45.279204],[-86.982977,45.292156],[-86.990041,45.295688],[-87.015357,45.292156],[-87.045823,45.29245],[-87.057598,45.296571],[-87.071139,45.30658],[-87.078203,45.299515],[-87.08203,45.292745],[-87.083796,45.284797],[-87.084238,45.275377],[-87.087917,45.269784],[-87.096454,45.268018],[-87.105579,45.267135],[-87.111466,45.26478],[-87.128687,45.220625],[-87.131336,45.206496],[-87.13899,45.197076],[-87.172694,45.187951],[-87.180348,45.178826],[-87.187412,45.168229],[-87.203455,45.169112],[-87.221706,45.174116],[-87.234952,45.175588],[-87.248493,45.166168],[-87.259384,45.150272],[-87.266449,45.131139],[-87.271012,45.09817],[-87.276016,45.088456],[-87.289557,45.073149],[-87.290293,45.069028],[-87.288674,45.056959],[-87.289557,45.053132],[-87.294119,45.052249],[-87.305747,45.054015],[-87.310015,45.053132],[-87.368741,45.000441],[-87.393173,44.964823],[-87.406272,44.922434],[-87.399207,44.882695],[-87.373892,44.845017],[-87.337391,44.82029],[-87.296474,44.820585],[-87.280432,44.830299],[-87.231567,44.87828],[-87.224502,44.887994],[-87.219204,44.907128],[-87.214494,44.91537],[-87.205074,44.921846],[-87.183439,44.929499],[-87.173577,44.936564],[-87.197126,44.954815],[-87.184174,44.986312],[-87.138842,45.039003],[-87.129717,45.060197],[-87.122652,45.069322],[-87.111466,45.073149],[-87.104402,45.071088],[-87.095424,45.067556],[-87.087476,45.06579],[-87.084238,45.069322],[-87.085268,45.088161],[-87.083502,45.091988],[-87.07732,45.101114],[-87.071875,45.104057],[-87.064074,45.104646],[-87.056273,45.106412],[-87.049503,45.114654],[-87.087917,45.142619],[-87.097779,45.155571],[-87.084091,45.159986],[-87.071139,45.158515],[-87.043174,45.148801],[-87.04597,45.15822],[-87.054949,45.172644],[-87.056862,45.182358],[-87.055096,45.192366],[-87.043174,45.223863],[-87.047295,45.230339],[-87.055096,45.235932],[-87.057009,45.240936],[-87.043174,45.244469],[-87.033018,45.242114],[-86.994751,45.223863]],[[-85.487754,45.635384],[-85.487754,45.650103],[-85.498057,45.678067],[-85.500853,45.693669],[-85.499087,45.704854],[-85.496143,45.715451],[-85.495702,45.726049],[-85.500853,45.737234],[-85.506005,45.745182],[-85.504974,45.752541],[-85.498645,45.759312],[-85.487754,45.765199],[-85.503944,45.770203],[-85.539121,45.773736],[-85.555458,45.77874],[-85.555899,45.760195],[-85.558107,45.747537],[-85.562375,45.736646],[-85.569734,45.724282],[-85.578271,45.713685],[-85.587396,45.70456],[-85.594608,45.694257],[-85.605941,45.65128],[-85.620365,45.631263],[-85.625075,45.615073],[-85.604175,45.597117],[-85.572972,45.591524],[-85.536177,45.598589],[-85.504238,45.614485],[-85.487754,45.635384]],[[-85.447573,45.801995],[-85.445513,45.806116],[-85.446985,45.81318],[-85.452725,45.813769],[-85.460378,45.812297],[-85.467296,45.813475],[-85.482161,45.823777],[-85.500853,45.83408],[-85.504533,45.835258],[-85.507918,45.835552],[-85.511156,45.836729],[-85.514394,45.840851],[-85.518368,45.820245],[-85.506005,45.804938],[-85.485252,45.795518],[-85.463469,45.792575],[-85.457729,45.793752],[-85.452136,45.797285],[-85.447573,45.801995]],[[-85.833485,45.398716],[-85.82745,45.416083],[-85.835398,45.432568],[-85.850263,45.446991],[-85.87028,45.460532],[-85.874843,45.462887],[-85.879405,45.462593],[-85.884998,45.457294],[-85.84158,45.404309],[-85.833485,45.398716]],[[-86.091053,45.031938],[-86.076777,45.046362],[-86.086491,45.047245],[-86.095322,45.0496],[-86.103564,45.053721],[-86.110923,45.059314],[-86.129321,45.054898],[-86.143597,45.041652],[-86.15022,45.025168],[-86.145658,45.011038],[-86.123728,45.001618],[-86.106066,45.012804],[-86.091053,45.031938]],[[-86.854045,45.387235],[-86.852868,45.40372],[-86.864495,45.415789],[-86.883481,45.416672],[-86.90291,45.411079],[-86.920424,45.409607],[-86.933376,45.422559],[-86.943826,45.430801],[-86.95251,45.423148],[-86.958544,45.407547],[-86.960605,45.391945],[-86.956631,45.366336],[-86.960016,45.357505],[-86.974293,45.347496],[-86.964579,45.342786],[-86.951774,45.343375],[-86.927047,45.347496],[-86.864495,45.340432],[-86.869205,45.35044],[-86.871854,45.354267],[-86.86214,45.369868],[-86.854045,45.387235]],[[-85.974338,45.087278],[-85.988173,45.096992],[-85.985671,45.108767],[-85.977429,45.121719],[-85.974338,45.134377],[-85.981697,45.146446],[-85.994207,45.154393],[-86.008926,45.160869],[-86.022172,45.169112],[-86.037773,45.168523],[-86.048812,45.161164],[-86.063089,45.14203],[-86.029531,45.089928],[-86.004069,45.074032],[-85.974338,45.087278]]]}},{"type":"Feature","properties":{"name":"Lake Huron","name_en":"Huron","scalerank":0,"min_zoom":1},"geometry":{"type":"Polygon","coordinates":[[[-79.671413,44.767893],[-79.662582,44.757885],[-79.739411,44.754647],[-79.765168,44.76701],[-79.776354,44.76495],[-79.792691,44.757885],[-79.798873,44.759945],[-79.799314,44.764655],[-79.798873,44.769365],[-79.802847,44.771426],[-79.873347,44.769365],[-79.881736,44.771426],[-79.881884,44.78114],[-79.876438,44.794975],[-79.874524,44.807632],[-79.885563,44.812931],[-79.926774,44.812931],[-79.941787,44.814697],[-79.942081,44.819113],[-79.935605,44.825589],[-79.930012,44.833537],[-79.925302,44.838541],[-79.918532,44.843251],[-79.915735,44.850315],[-79.923389,44.861501],[-79.934133,44.867388],[-79.947527,44.86886],[-79.985941,44.866505],[-80.005664,44.862384],[-80.015819,44.861501],[-80.028035,44.856791],[-80.035247,44.846489],[-80.040399,44.834714],[-80.046139,44.826766],[-80.061151,44.819113],[-80.06851,44.820585],[-80.075134,44.825294],[-80.087791,44.826766],[-80.099713,44.825294],[-80.10825,44.822351],[-80.113401,44.81558],[-80.115167,44.802334],[-80.113842,44.774664],[-80.107808,44.759945],[-80.093384,44.751998],[-80.067333,44.74405],[-80.048346,44.734925],[-80.008607,44.708432],[-79.994772,44.703133],[-79.99227,44.69283],[-80.005222,44.627482],[-80.005222,44.548886],[-80.013023,44.531225],[-80.031126,44.515035],[-80.067333,44.490897],[-80.108691,44.475295],[-80.150638,44.486776],[-80.195381,44.508559],[-80.245423,44.525043],[-80.32446,44.531519],[-80.365818,44.552419],[-80.425868,44.559189],[-80.450889,44.56596],[-80.495191,44.599223],[-80.512264,44.606876],[-80.535813,44.610409],[-80.557302,44.609525],[-80.577466,44.61188],[-80.598071,44.623949],[-80.616322,44.656035],[-80.623975,44.690476],[-80.639135,44.71844],[-80.680493,44.72992],[-80.763063,44.719323],[-80.826204,44.690476],[-80.937473,44.593335],[-80.942772,44.628659],[-80.88905,44.751703],[-80.89744,44.790854],[-80.934971,44.81087],[-80.985455,44.815286],[-81.032994,44.806161],[-81.078032,44.784083],[-81.119096,44.754647],[-81.127338,44.753469],[-81.131459,44.763478],[-81.131312,44.777607],[-81.126161,44.788793],[-81.117919,44.794975],[-81.051687,44.822351],[-81.036821,44.831476],[-81.006502,44.860912],[-81.000614,44.869155],[-80.998259,44.87828],[-81.00032,44.889466],[-81.00709,44.910954],[-81.005766,44.922434],[-80.987662,44.940096],[-80.961906,44.957169],[-80.953075,44.97071],[-80.985307,44.977481],[-81.007679,44.975126],[-81.03167,44.966295],[-81.044327,44.950988],[-81.032994,44.929205],[-81.050068,44.927439],[-81.070967,44.910366],[-81.087746,44.908599],[-81.08701,44.925084],[-81.105408,44.925378],[-81.149121,44.91537],[-81.149121,44.922434],[-81.126161,44.936858],[-81.112914,44.95246],[-81.116888,44.964823],[-81.200929,44.977481],[-81.204462,44.981307],[-81.191951,45.001618],[-81.190774,45.011038],[-81.210202,45.018103],[-81.235517,45.0078],[-81.257153,45.001913],[-81.266425,45.021635],[-81.262746,45.089045],[-81.266425,45.107884],[-81.280555,45.122602],[-81.301307,45.134082],[-81.319852,45.148801],[-81.327947,45.17235],[-81.319999,45.192366],[-81.286148,45.220037],[-81.279524,45.237404],[-81.30219,45.252417],[-81.607446,45.252122],[-81.629229,45.257715],[-81.628935,45.27155],[-81.64012,45.278615],[-81.649982,45.276849],[-81.670587,45.26478],[-81.692959,45.265074],[-81.698405,45.260365],[-81.691045,45.244469],[-81.714447,45.238876],[-81.71901,45.224452],[-81.710326,45.209734],[-81.694431,45.202964],[-81.669557,45.210911],[-81.656016,45.210911],[-81.649982,45.199725],[-81.644094,45.195604],[-81.613775,45.189717],[-81.601559,45.182358],[-81.595524,45.187362],[-81.574919,45.196487],[-81.577127,45.185007],[-81.58949,45.167345],[-81.595524,45.155571],[-81.572858,45.152627],[-81.545335,45.122308],[-81.523405,45.114654],[-81.521933,45.110239],[-81.506038,45.087278],[-81.497795,45.079919],[-81.491172,45.078153],[-81.487051,45.074915],[-81.485579,45.062552],[-81.481311,45.057842],[-81.462472,45.050483],[-81.458351,45.042535],[-81.456879,45.03547],[-81.433771,44.990138],[-81.427001,44.981896],[-81.424057,44.987489],[-81.421702,44.998969],[-81.416109,45.001913],[-81.409339,44.99838],[-81.403599,44.991021],[-81.392266,44.999558],[-81.380786,45.003973],[-81.370336,45.001913],[-81.362682,44.991021],[-81.366362,44.988372],[-81.371219,44.981896],[-81.375781,44.977481],[-81.369011,44.978069],[-81.355176,44.977186],[-81.348406,44.977481],[-81.357384,44.955109],[-81.36386,44.920374],[-81.361652,44.888877],[-81.344726,44.875042],[-81.330008,44.871215],[-81.3278,44.860912],[-81.328094,44.847666],[-81.321618,44.833537],[-81.311463,44.827355],[-81.288355,44.821173],[-81.279524,44.812931],[-81.286148,44.788793],[-81.277022,44.753469],[-81.274226,44.720501],[-81.299983,44.703133],[-81.279377,44.677524],[-81.270252,44.6631],[-81.266425,44.644849],[-81.270252,44.623949],[-81.280113,44.606582],[-81.379167,44.515035],[-81.389469,44.496784],[-81.399625,44.457045],[-81.409781,44.442327],[-81.430092,44.434379],[-81.47719,44.428197],[-81.495882,44.418483],[-81.539595,44.366086],[-81.554461,44.353723],[-81.564322,44.349896],[-81.572858,44.349013],[-81.580659,44.346658],[-81.588018,44.340182],[-81.594052,44.32723],[-81.593464,44.316927],[-81.589931,44.307213],[-81.588018,44.295733],[-81.591256,44.279838],[-81.615835,44.22332],[-81.660579,44.158265],[-81.722542,44.117054],[-81.738732,44.099981],[-81.742706,44.084085],[-81.729166,43.999603],[-81.711504,43.942202],[-81.710621,43.919536],[-81.71901,43.856542],[-81.722248,43.684339],[-81.699435,43.515374],[-81.701495,43.471514],[-81.711504,43.428242],[-81.730637,43.382321],[-81.752715,43.350236],[-81.781562,43.324626],[-81.880027,43.256628],[-81.907845,43.248386],[-81.950822,43.227486],[-81.974812,43.22572],[-81.985851,43.223365],[-82.005574,43.212473],[-82.095796,43.11916],[-82.115666,43.106208],[-82.152314,43.089429],[-82.377503,43.022314],[-82.417242,43.01731],[-82.424748,43.02408],[-82.431813,43.039387],[-82.458894,43.083247],[-82.468755,43.092373],[-82.475967,43.102087],[-82.526451,43.276645],[-82.547204,43.450908],[-82.579584,43.528326],[-82.636985,43.811799],[-82.67275,43.870083],[-82.677901,43.884212],[-82.681139,43.904818],[-82.689381,43.921302],[-82.742514,43.981352],[-82.7746,44.005785],[-82.81169,44.026096],[-82.923548,44.069956],[-82.948569,44.072605],[-82.968439,44.07025],[-83.018333,44.058181],[-83.033493,44.052],[-83.068964,44.022269],[-83.086479,44.014027],[-83.119889,44.011083],[-83.132399,44.007845],[-83.155654,43.993716],[-83.168312,43.990478],[-83.240284,43.989006],[-83.250145,43.986651],[-83.25824,43.982824],[-83.266924,43.976348],[-83.296802,43.945734],[-83.301659,43.93867],[-83.315935,43.93131],[-83.404833,43.921596],[-83.385994,43.916887],[-83.365536,43.916298],[-83.34758,43.913649],[-83.335805,43.901285],[-83.37054,43.873321],[-83.389232,43.854481],[-83.39718,43.835936],[-83.404245,43.813565],[-83.45252,43.7647],[-83.474156,43.721134],[-83.490346,43.703178],[-83.510216,43.706416],[-83.514631,43.714658],[-83.5189,43.725844],[-83.525964,43.73232],[-83.537886,43.726727],[-83.604559,43.65137],[-83.639736,43.6237],[-83.678886,43.608099],[-83.719361,43.613692],[-83.761014,43.633708],[-83.811939,43.6446],[-83.83225,43.656669],[-83.881703,43.670798],[-83.904369,43.681984],[-83.925416,43.701706],[-83.943373,43.727905],[-83.949554,43.756164],[-83.935425,43.781479],[-83.932334,43.791488],[-83.934983,43.824751],[-83.931745,43.839763],[-83.920854,43.850949],[-83.909815,43.85978],[-83.908196,43.868611],[-83.925416,43.88068],[-83.889651,43.958392],[-83.863306,43.989889],[-83.821947,44.004313],[-83.810026,44.00343],[-83.787948,43.998131],[-83.774702,43.997248],[-83.764988,44.000192],[-83.747915,44.009023],[-83.736729,44.011083],[-83.726721,44.009906],[-83.707145,44.005196],[-83.695812,44.004313],[-83.690072,44.009611],[-83.682713,44.03581],[-83.678445,44.045229],[-83.6599,44.053177],[-83.610447,44.054943],[-83.592491,44.062597],[-83.589841,44.0729],[-83.591607,44.085263],[-83.59043,44.095566],[-83.579097,44.099981],[-83.572474,44.104691],[-83.569677,44.116466],[-83.564084,44.186524],[-83.554076,44.230679],[-83.53244,44.266002],[-83.493584,44.285431],[-83.483576,44.286314],[-83.45252,44.285431],[-83.455906,44.279543],[-83.462676,44.264236],[-83.466208,44.258055],[-83.452373,44.267769],[-83.407041,44.310157],[-83.39718,44.322815],[-83.39144,44.326347],[-83.362739,44.326936],[-83.35332,44.329585],[-83.337718,44.345481],[-83.332861,44.354017],[-83.328446,44.367264],[-83.321381,44.407886],[-83.314758,44.623949],[-83.310343,44.645143],[-83.291356,44.68135],[-83.287382,44.703133],[-83.289884,44.724622],[-83.299598,44.765244],[-83.303572,44.812637],[-83.309018,44.832948],[-83.317554,44.850904],[-83.328446,44.867683],[-83.331242,44.87357],[-83.332861,44.883284],[-83.335805,44.887994],[-83.342428,44.892409],[-83.358913,44.898885],[-83.377163,44.913898],[-83.405275,44.927733],[-83.417785,44.936564],[-83.42853,44.945984],[-83.434564,44.953343],[-83.437508,44.963057],[-83.438244,44.980719],[-83.441482,44.987489],[-83.448694,44.991904],[-83.4562,44.995142],[-83.460027,44.998086],[-83.459291,45.007211],[-83.454139,45.011038],[-83.448546,45.013982],[-83.445603,45.021635],[-83.443542,45.046951],[-83.434564,45.065201],[-83.414842,45.076093],[-83.380254,45.079919],[-83.370982,45.075798],[-83.349051,45.054898],[-83.335805,45.046362],[-83.319615,45.041652],[-83.302836,45.039591],[-83.266924,45.039003],[-83.276343,45.05637],[-83.314022,45.070205],[-83.322117,45.09346],[-83.319026,45.09346],[-83.312109,45.093754],[-83.305044,45.096109],[-83.301659,45.101114],[-83.302542,45.107884],[-83.304897,45.112005],[-83.307399,45.114949],[-83.308429,45.117892],[-83.309754,45.127606],[-83.31726,45.15351],[-83.322117,45.161753],[-83.331978,45.165874],[-83.345666,45.168229],[-83.357882,45.171467],[-83.363181,45.178826],[-83.391145,45.210323],[-83.408955,45.237993],[-83.411457,45.247707],[-83.409543,45.259187],[-83.403803,45.266252],[-83.383639,45.279204],[-83.422495,45.311584],[-83.465325,45.33896],[-83.510216,45.358682],[-83.554959,45.367219],[-83.589547,45.365747],[-83.603382,45.367219],[-83.643563,45.379876],[-83.657987,45.381643],[-83.674618,45.386941],[-83.700228,45.413139],[-83.719361,45.422559],[-83.730694,45.424031],[-83.767196,45.422559],[-83.781031,45.42462],[-83.809143,45.434039],[-83.844025,45.441693],[-83.863158,45.454645],[-83.897599,45.484081],[-83.943078,45.501154],[-84.096148,45.504392],[-84.116017,45.511751],[-84.131324,45.526764],[-84.141185,45.545309],[-84.14457,45.562676],[-84.149869,45.578572],[-84.162674,45.594468],[-84.192405,45.621844],[-84.223902,45.642449],[-84.268792,45.660994],[-84.318245,45.673946],[-84.363725,45.676301],[-84.458363,45.670708],[-84.498985,45.681305],[-84.575961,45.730464],[-84.706364,45.77874],[-84.738744,45.799934],[-84.754934,45.804644],[-84.77451,45.799934],[-84.780839,45.862339],[-84.734476,45.857041],[-84.706364,45.874997],[-84.724026,45.882356],[-84.73168,45.90149],[-84.728442,45.922684],[-84.713135,45.936519],[-84.724173,45.943289],[-84.729914,45.952709],[-84.728736,45.964484],[-84.719316,45.978024],[-84.705923,45.985678],[-84.695326,45.986855],[-84.688408,45.990976],[-84.677664,46.043667],[-84.656617,46.056325],[-84.627769,46.052498],[-84.596419,46.038663],[-84.576403,46.047494],[-84.556386,46.041901],[-84.541079,46.027183],[-84.535044,46.008638],[-84.53372,45.995392],[-84.530335,45.990976],[-84.521357,45.991565],[-84.516647,45.993626],[-84.501634,46.003045],[-84.493981,46.0054],[-84.466163,45.984795],[-84.459834,46.006283],[-84.453358,46.013642],[-84.397429,46.008638],[-84.37285,45.995392],[-84.356218,45.991565],[-84.35563,45.99392],[-84.349448,45.99863],[-84.340764,46.00334],[-84.332669,46.0054],[-84.319864,46.00334],[-84.299259,45.99392],[-84.288515,45.991565],[-84.223018,45.993331],[-84.022262,45.964189],[-84.014314,45.960657],[-84.00357,45.958596],[-83.994445,45.962423],[-83.985025,45.967722],[-83.973251,45.970665],[-83.919382,45.976258],[-83.904369,45.970665],[-83.903045,45.981851],[-83.89966,45.991859],[-83.890681,46.011582],[-83.908049,46.015114],[-83.921148,46.023062],[-83.932775,46.032187],[-83.946022,46.038663],[-83.966333,46.042784],[-83.982523,46.044256],[-83.997536,46.048083],[-84.013578,46.059857],[-84.049491,46.093415],[-84.055231,46.101657],[-84.054495,46.116375],[-84.047283,46.127267],[-84.037275,46.136981],[-84.028002,46.149344],[-84.042132,46.149344],[-84.053465,46.152582],[-84.075689,46.162296],[-84.082312,46.162885],[-84.097031,46.161413],[-84.103654,46.162296],[-84.108069,46.166712],[-84.117342,46.18349],[-84.13574,46.187906],[-84.165617,46.191144],[-84.193288,46.189672],[-84.205357,46.179958],[-84.216542,46.174071],[-84.239503,46.190555],[-84.258342,46.212632],[-84.257606,46.223818],[-84.234646,46.229117],[-84.202707,46.250311],[-84.178717,46.251783],[-84.189314,46.270033],[-84.214776,46.296232],[-84.21978,46.316543],[-84.22449,46.355399],[-84.177539,46.351867],[-84.178717,46.34804],[-84.15502,46.345685],[-84.142951,46.342741],[-84.12264,46.331556],[-84.117489,46.338326],[-84.117195,46.347157],[-84.083343,46.344802],[-84.039041,46.330378],[-83.905547,46.333027],[-83.8845,46.34127],[-83.883028,46.33656],[-83.877141,46.327434],[-83.873314,46.308301],[-83.832544,46.299764],[-83.747326,46.293288],[-83.71318,46.279159],[-83.700669,46.277098],[-83.613979,46.286812],[-83.603382,46.286518],[-83.589105,46.279747],[-83.568794,46.257965],[-83.561141,46.251783],[-83.548189,46.2509],[-83.517869,46.258553],[-83.500355,46.259142],[-83.38776,46.23471],[-83.313875,46.227056],[-83.243963,46.208806],[-83.178467,46.201152],[-83.153005,46.195265],[-83.128867,46.194088],[-83.102374,46.204685],[-83.076176,46.191438],[-83.045709,46.182902],[-82.98301,46.17672],[-82.970646,46.178781],[-82.946214,46.187612],[-82.93179,46.190261],[-82.707632,46.200269],[-82.630067,46.223818],[-82.637573,46.210278],[-82.676282,46.191733],[-82.691,46.17672],[-82.668629,46.169361],[-82.536459,46.182607],[-82.474201,46.201741],[-82.44447,46.204685],[-82.44447,46.197031],[-82.450652,46.18614],[-82.434756,46.187612],[-82.400169,46.197031],[-82.337028,46.194382],[-82.320985,46.197031],[-82.317011,46.190555],[-82.314803,46.18349],[-82.35204,46.185257],[-82.363226,46.18349],[-82.376325,46.179369],[-82.378533,46.177309],[-82.354689,46.165829],[-82.320985,46.156115],[-82.309063,46.15582],[-82.299643,46.157881],[-82.291695,46.160824],[-82.283748,46.162296],[-82.259463,46.16053],[-82.232381,46.154937],[-82.206919,46.145517],[-82.187932,46.131977],[-82.177629,46.126384],[-82.155405,46.127856],[-82.135094,46.119319],[-82.124938,46.123734],[-82.116254,46.131388],[-82.109337,46.135803],[-82.087112,46.134037],[-82.013227,46.115198],[-81.71901,46.107839],[-81.71901,46.101657],[-81.766697,46.078402],[-81.781415,46.059269],[-81.774203,46.032776],[-81.761987,46.019235],[-81.756247,46.022768],[-81.751684,46.03572],[-81.739027,46.055148],[-81.740646,46.058974],[-81.744325,46.063684],[-81.746239,46.07016],[-81.741676,46.073398],[-81.711504,46.073693],[-81.68192,46.076931],[-81.66941,46.08164],[-81.664406,46.09106],[-81.66102,46.105778],[-81.651748,46.118436],[-81.638354,46.126384],[-81.622753,46.12815],[-81.595524,46.107839],[-81.576832,46.103129],[-81.557551,46.101657],[-81.545924,46.098125],[-81.551517,46.078697],[-81.540184,46.066922],[-81.581395,46.05191],[-81.665877,46.033659],[-81.705322,46.018352],[-81.608476,46.03778],[-81.506038,46.046317],[-81.538712,46.036014],[-81.61142,46.029832],[-81.642623,46.018352],[-81.625549,46.012759],[-81.606563,46.010993],[-81.56756,46.011582],[-81.586399,45.992742],[-81.677358,45.950648],[-81.642328,45.955653],[-81.540184,46.0054],[-81.50383,46.018352],[-81.489259,46.019824],[-81.495882,46.008638],[-81.508834,45.992742],[-81.506774,45.983912],[-81.49338,45.981851],[-81.47248,45.984795],[-81.461736,45.988621],[-81.453199,45.993037],[-81.44378,45.996569],[-81.430239,45.998041],[-81.417728,45.995686],[-81.395504,45.986855],[-81.261274,45.96625],[-81.227128,45.969488],[-81.195336,45.980085],[-81.163398,45.998041],[-81.180471,46.01217],[-81.20299,46.008638],[-81.22492,45.996569],[-81.239197,45.984795],[-81.245967,45.991565],[-81.2155,46.009521],[-81.179441,46.018058],[-81.156186,46.01011],[-81.163398,45.978024],[-81.17635,45.944761],[-81.161632,45.936519],[-81.060076,45.956241],[-81.020042,45.95683],[-80.953075,45.944172],[-80.930703,45.943878],[-80.923197,45.946233],[-80.903621,45.954769],[-80.903327,45.95683],[-80.893024,45.953886],[-80.877865,45.941229],[-80.869328,45.936519],[-80.851519,45.933281],[-80.834151,45.935636],[-80.81855,45.943289],[-80.806481,45.95683],[-80.80236,45.941523],[-80.801183,45.927688],[-80.797945,45.916797],[-80.787348,45.909732],[-80.787348,45.913264],[-80.782638,45.920035],[-80.775867,45.926805],[-80.769244,45.929749],[-80.758353,45.92916],[-80.752613,45.926805],[-80.74908,45.922684],[-80.745106,45.915913],[-80.739072,45.900901],[-80.733626,45.871759],[-80.724648,45.860867],[-80.705956,45.854686],[-80.687853,45.853803],[-80.679757,45.851742],[-80.691091,45.840851],[-80.695212,45.842322],[-80.704631,45.844383],[-80.714051,45.843794],[-80.718319,45.837318],[-80.716553,45.828782],[-80.711843,45.825249],[-80.705073,45.823483],[-80.697272,45.819656],[-80.687853,45.817596],[-80.679022,45.819656],[-80.672546,45.819068],[-80.668424,45.802289],[-80.664892,45.798756],[-80.660477,45.796402],[-80.656944,45.792575],[-80.650468,45.787276],[-80.641637,45.782861],[-80.636044,45.777268],[-80.639577,45.768437],[-80.644728,45.760784],[-80.6462,45.753424],[-80.645317,45.745477],[-80.642668,45.737234],[-80.63369,45.723399],[-80.619266,45.711919],[-80.602781,45.703088],[-80.587474,45.696907],[-80.602193,45.691608],[-80.608521,45.690725],[-80.608521,45.683071],[-80.598807,45.683071],[-80.590418,45.6816],[-80.574375,45.676301],[-80.579821,45.662172],[-80.573198,45.65128],[-80.559363,45.64451],[-80.52448,45.638917],[-80.517857,45.630086],[-80.519476,45.616545],[-80.525952,45.600649],[-80.512117,45.598],[-80.508732,45.589169],[-80.509173,45.579455],[-80.506083,45.573274],[-80.492836,45.572096],[-80.480767,45.576512],[-80.469287,45.582693],[-80.457807,45.587109],[-80.445591,45.587403],[-80.433669,45.58652],[-80.423661,45.587697],[-80.416743,45.593879],[-80.416302,45.60271],[-80.4216,45.611835],[-80.437201,45.628025],[-80.41689,45.627142],[-80.406293,45.617134],[-80.396285,45.587109],[-80.391428,45.578278],[-80.387601,45.573568],[-80.38451,45.568858],[-80.382597,45.559144],[-80.382155,45.54737],[-80.38348,45.540894],[-80.385835,45.535301],[-80.395107,45.497033],[-80.394813,45.481138],[-80.388779,45.463476],[-80.360961,45.435806],[-80.35478,45.422265],[-80.368909,45.409018],[-80.362875,45.39901],[-80.354927,45.390768],[-80.34536,45.384586],[-80.334174,45.381643],[-80.328581,45.395478],[-80.327992,45.409901],[-80.332261,45.423737],[-80.341092,45.4361],[-80.3302,45.436983],[-80.319603,45.435806],[-80.309447,45.433451],[-80.300028,45.429918],[-80.309742,45.415789],[-80.311214,45.404014],[-80.306798,45.37811],[-80.300175,45.366336],[-80.284721,45.363686],[-80.255284,45.367219],[-80.243657,45.364275],[-80.22938,45.35044],[-80.181988,45.341609],[-80.168447,45.341903],[-80.162854,45.350734],[-80.167564,45.358976],[-80.177719,45.363981],[-80.187286,45.369868],[-80.19023,45.381643],[-80.183754,45.3943],[-80.171391,45.401659],[-80.142396,45.409018],[-80.114284,45.411079],[-80.084553,45.405192],[-80.065125,45.390473],[-80.067333,45.367219],[-80.054381,45.361626],[-80.044814,45.351617],[-80.037897,45.339254],[-80.033187,45.326302],[-80.072631,45.278909],[-80.084406,45.27155],[-80.105895,45.265369],[-80.123704,45.25065],[-80.127825,45.23446],[-80.10825,45.223863],[-80.114431,45.213266],[-80.115167,45.203847],[-80.110604,45.195604],[-80.100743,45.189717],[-80.096622,45.198842],[-80.091176,45.203847],[-80.077488,45.213266],[-80.066303,45.217976],[-80.059532,45.2115],[-80.054087,45.201786],[-80.046727,45.196487],[-80.036719,45.196193],[-80.029654,45.195016],[-80.024209,45.192955],[-80.01891,45.189717],[-80.01788,45.186185],[-80.001837,45.164696],[-79.998452,45.161753],[-80.003897,45.137026],[-80.030685,45.127606],[-80.067039,45.128489],[-80.100743,45.134377],[-80.095592,45.124074],[-80.088086,45.11642],[-80.078519,45.110828],[-80.067333,45.107884],[-80.074839,45.106412],[-80.07793,45.10494],[-80.080874,45.101114],[-80.073662,45.096992],[-80.06071,45.084629],[-80.053645,45.079919],[-80.014053,45.070205],[-80.001837,45.062552],[-79.997716,45.05431],[-79.998305,45.045184],[-79.996391,45.035176],[-79.984764,45.024579],[-79.972695,45.021635],[-79.943406,45.019869],[-79.93325,45.014865],[-79.928393,44.997792],[-79.930306,44.978364],[-79.92751,44.960996],[-79.909112,44.949516],[-79.898515,44.951871],[-79.873053,44.963057],[-79.868048,44.960113],[-79.862897,44.953931],[-79.851122,44.948633],[-79.837582,44.944806],[-79.826985,44.943334],[-79.834932,44.925378],[-79.832136,44.91537],[-79.813444,44.90124],[-79.807409,44.898297],[-79.801375,44.898591],[-79.796076,44.897119],[-79.792986,44.887994],[-79.796371,44.883578],[-79.805054,44.879457],[-79.814769,44.876514],[-79.82095,44.875042],[-79.804907,44.868566],[-79.791072,44.865622],[-79.779886,44.860618],[-79.772527,44.847077],[-79.774735,44.835303],[-79.7818,44.827944],[-79.782536,44.821173],[-79.76561,44.812931],[-79.738675,44.81352],[-79.718364,44.828238],[-79.714979,44.848843],[-79.738381,44.867683],[-79.696434,44.884756],[-79.690547,44.887994],[-79.681863,44.877691],[-79.679655,44.86209],[-79.68201,44.846489],[-79.686867,44.836775],[-79.713507,44.816169],[-79.723957,44.802334],[-79.721014,44.788793],[-79.705854,44.779962],[-79.671413,44.767893]],[[-80.160058,44.844722],[-80.149166,44.861501],[-80.165798,44.871509],[-80.216134,44.865033],[-80.237917,44.875042],[-80.245423,44.854731],[-80.231147,44.832653],[-80.209364,44.809693],[-80.186698,44.793797],[-80.169772,44.79262],[-80.183018,44.807338],[-80.175512,44.825883],[-80.160058,44.844722]],[[-81.712681,45.299809],[-81.697816,45.32012],[-81.707677,45.318943],[-81.715183,45.320415],[-81.720923,45.323064],[-81.72578,45.326302],[-81.729313,45.32748],[-81.732698,45.328363],[-81.735789,45.329834],[-81.738732,45.333956],[-81.744767,45.326596],[-81.751096,45.32277],[-81.766697,45.32012],[-81.730932,45.300987],[-81.712681,45.299809]],[[-81.805995,45.458472],[-81.768022,45.463476],[-81.734611,45.487614],[-81.711504,45.525587],[-81.709149,45.529119],[-81.706794,45.531768],[-81.705322,45.534712],[-81.705322,45.539127],[-81.775234,45.529119],[-81.790246,45.52176],[-81.796428,45.516167],[-81.804964,45.510574],[-81.814678,45.506159],[-81.824392,45.504392],[-81.837344,45.482315],[-81.84176,45.477017],[-81.805995,45.458472]],[[-81.588754,45.786982],[-81.588018,45.799934],[-81.60568,45.805821],[-81.711504,45.799934],[-81.69605,45.818185],[-81.675886,45.837318],[-81.659843,45.85969],[-81.656899,45.888538],[-81.66573,45.905316],[-81.679712,45.908849],[-81.695167,45.902961],[-81.753598,45.848504],[-81.764784,45.828193],[-81.787155,45.797285],[-81.793484,45.77874],[-81.79216,45.758723],[-81.789216,45.744593],[-81.791865,45.739001],[-81.807761,45.744593],[-81.820418,45.759606],[-81.829985,45.768437],[-81.834401,45.768437],[-81.84647,45.791692],[-81.848677,45.803172],[-81.842496,45.819951],[-81.829838,45.840262],[-81.81983,45.86175],[-81.821302,45.881767],[-81.841171,45.893247],[-81.898278,45.896191],[-81.9102,45.906199],[-81.904901,45.925333],[-81.896217,45.939463],[-81.894598,45.953003],[-81.9102,45.970665],[-81.953618,45.988033],[-82.001305,45.984795],[-82.047962,45.967722],[-82.08829,45.943878],[-82.101095,45.932103],[-82.114341,45.915325],[-82.124938,45.896191],[-82.129206,45.878529],[-82.139804,45.855274],[-82.160703,45.844677],[-82.176305,45.84821],[-82.170859,45.868226],[-82.187196,45.88265],[-82.20736,45.905022],[-82.221342,45.929749],[-82.219282,45.950648],[-82.237238,45.945644],[-82.262406,45.934753],[-82.284631,45.930926],[-82.294345,45.94741],[-82.294345,45.974492],[-82.29773,45.987444],[-82.309652,45.990093],[-82.394576,45.972137],[-82.414151,45.970665],[-82.434904,45.965367],[-82.445942,45.952415],[-82.455509,45.936813],[-82.471846,45.923273],[-82.470669,45.937108],[-82.477439,45.94741],[-82.48995,45.952709],[-82.506581,45.950648],[-82.515707,45.944467],[-82.530425,45.924156],[-82.540728,45.915913],[-82.553974,45.912381],[-82.580761,45.908849],[-82.58915,45.902373],[-82.591947,45.888832],[-82.584146,45.881178],[-82.570164,45.877057],[-82.554415,45.874997],[-82.556329,45.870287],[-82.559567,45.859101],[-82.561922,45.854391],[-82.532044,45.860867],[-82.517767,45.858218],[-82.506581,45.847032],[-82.508347,45.827015],[-82.522918,45.805527],[-82.539697,45.791986],[-82.547645,45.796107],[-82.549706,45.807882],[-82.555004,45.818479],[-82.567956,45.83408],[-82.574874,45.839379],[-82.585765,45.846149],[-82.598129,45.852036],[-82.60902,45.854391],[-82.616379,45.849976],[-82.62624,45.840556],[-82.637132,45.83408],[-82.647435,45.837318],[-82.653175,45.847327],[-82.656118,45.857335],[-82.659945,45.864988],[-82.667893,45.868226],[-82.690264,45.863517],[-82.739865,45.845855],[-82.759882,45.847032],[-82.763561,45.852625],[-82.771803,45.87588],[-82.773422,45.8853],[-82.778721,45.891481],[-82.815075,45.89884],[-82.837594,45.915913],[-82.837152,45.93122],[-82.825672,45.948293],[-82.815075,45.970665],[-82.811101,45.984206],[-82.809776,45.992742],[-82.815516,45.996864],[-82.832148,45.998041],[-82.844511,45.994803],[-82.858788,45.981262],[-82.866589,45.978024],[-82.909713,45.975669],[-82.93444,45.971254],[-82.95166,45.964484],[-82.955928,45.957419],[-82.959019,45.947999],[-82.964465,45.939757],[-82.975798,45.936519],[-82.996109,45.937696],[-83.003909,45.940934],[-83.006853,45.94741],[-83.01274,45.955064],[-83.026576,45.961245],[-83.042766,45.964778],[-83.055276,45.964484],[-83.065284,45.959185],[-83.070289,45.95212],[-83.074557,45.944172],[-83.081916,45.936519],[-83.088981,45.93122],[-83.100461,45.925039],[-83.111352,45.925333],[-83.116062,45.940051],[-83.11827,45.953003],[-83.12401,45.958891],[-83.131958,45.962129],[-83.140347,45.967427],[-83.163896,45.975669],[-83.190095,45.96625],[-83.212761,45.947999],[-83.226007,45.929749],[-83.22483,45.886771],[-83.183913,45.874114],[-83.127984,45.873819],[-83.081916,45.868226],[-83.060869,45.857041],[-83.055129,45.85498],[-83.044385,45.854391],[-83.033346,45.852331],[-83.020247,45.842911],[-83.010533,45.840851],[-82.965789,45.839967],[-82.949011,45.832314],[-82.95166,45.813475],[-82.921635,45.81112],[-82.891757,45.803172],[-82.864528,45.800817],[-82.842451,45.813475],[-82.831854,45.804644],[-82.821257,45.802289],[-82.809335,45.801995],[-82.794617,45.799934],[-82.789465,45.798168],[-82.773864,45.789042],[-82.765622,45.787865],[-82.754436,45.797873],[-82.746194,45.799934],[-82.729415,45.789631],[-82.717935,45.785216],[-82.712636,45.789042],[-82.707779,45.796402],[-82.696446,45.797579],[-82.683788,45.794635],[-82.67481,45.789042],[-82.65553,45.77403],[-82.633452,45.766082],[-82.532191,45.750186],[-82.5082,45.741061],[-82.47111,45.712213],[-82.452565,45.705149],[-82.339088,45.694846],[-82.333495,45.689253],[-82.330404,45.681305],[-82.324664,45.672769],[-82.313626,45.667764],[-82.302587,45.671002],[-82.291401,45.676007],[-82.280068,45.676301],[-82.273003,45.670414],[-82.261082,45.650103],[-82.253281,45.642155],[-82.20839,45.628025],[-82.202209,45.624787],[-82.184105,45.611247],[-82.174244,45.608009],[-82.119492,45.608892],[-82.098593,45.601533],[-82.101978,45.580927],[-82.089909,45.581221],[-82.080048,45.577395],[-82.072836,45.569741],[-82.06842,45.559144],[-82.058706,45.564148],[-82.049139,45.566503],[-82.026768,45.566503],[-82.015876,45.568269],[-82.010431,45.572685],[-82.006604,45.579455],[-81.994093,45.594173],[-81.989825,45.600944],[-81.984379,45.605948],[-81.937428,45.61419],[-81.904607,45.637739],[-81.874876,45.665115],[-81.841613,45.687487],[-81.797164,45.696907],[-81.789657,45.699261],[-81.780385,45.703971],[-81.770082,45.706915],[-81.759927,45.703677],[-81.752715,45.694552],[-81.753009,45.685721],[-81.759338,45.67895],[-81.788627,45.670119],[-81.813059,45.64186],[-81.846911,45.631558],[-81.861629,45.621549],[-81.886209,45.597117],[-81.899602,45.587697],[-81.909022,45.587109],[-81.911377,45.594173],[-81.903282,45.608009],[-81.928744,45.602416],[-81.95612,45.591524],[-81.979375,45.576806],[-81.992622,45.559144],[-81.970397,45.557672],[-81.948025,45.565031],[-81.930658,45.568564],[-81.914321,45.539127],[-81.891802,45.528825],[-81.86472,45.524409],[-81.84176,45.525587],[-81.822037,45.532946],[-81.805112,45.545603],[-81.756541,45.600649],[-81.746239,45.608009],[-81.735494,45.610658],[-81.72372,45.610952],[-81.71798,45.613307],[-81.72578,45.621844],[-81.710473,45.646276],[-81.649982,45.703677],[-81.664406,45.709859],[-81.621723,45.740178],[-81.612597,45.744593],[-81.604797,45.751953],[-81.595671,45.768437],[-81.588754,45.786982]],[[-80.221285,45.310995],[-80.22732,45.296571],[-80.217459,45.27155],[-80.210247,45.261248],[-80.202005,45.252417],[-80.192143,45.246529],[-80.179927,45.244469],[-80.171243,45.248001],[-80.160941,45.265957],[-80.149166,45.27155],[-80.156084,45.25801],[-80.096769,45.290978],[-80.074103,45.299515],[-80.080874,45.30658],[-80.075575,45.310995],[-80.07219,45.315999],[-80.067333,45.326302],[-80.059827,45.333956],[-80.069541,45.33896],[-80.07425,45.340432],[-80.080874,45.340432],[-80.074103,45.347496],[-80.091176,45.347791],[-80.104864,45.342198],[-80.11605,45.333072],[-80.125617,45.323358],[-80.138422,45.318649],[-80.155201,45.321298],[-80.171685,45.32748],[-80.183312,45.333956],[-80.221285,45.310995]],[[-84.36711,45.774619],[-84.356218,45.78551],[-84.388598,45.792869],[-84.400962,45.800523],[-84.40523,45.813475],[-84.420095,45.826721],[-84.424805,45.821423],[-84.426424,45.808765],[-84.432017,45.799934],[-84.44232,45.800228],[-84.466016,45.810825],[-84.531954,45.8226],[-84.559182,45.823777],[-84.582731,45.813475],[-84.568896,45.801995],[-84.521357,45.771969],[-84.487799,45.744005],[-84.473522,45.737234],[-84.455713,45.733408],[-84.434666,45.73223],[-84.414208,45.733408],[-84.397871,45.737234],[-84.38536,45.746654],[-84.36711,45.774619]],[[-83.268248,45.939168],[-83.266924,45.960657],[-83.271928,45.968605],[-83.283261,45.968899],[-83.301659,45.964484],[-83.311226,45.969193],[-83.335805,45.991565],[-83.352731,46.001868],[-83.369804,46.00069],[-83.387907,45.995097],[-83.408219,45.991565],[-83.417197,45.988916],[-83.423526,45.982734],[-83.432062,45.970665],[-83.460027,45.950648],[-83.471507,45.939168],[-83.479896,45.927099],[-83.4849,45.912381],[-83.486667,45.89207],[-83.440157,45.891776],[-83.424556,45.888538],[-83.392176,45.869993],[-83.376133,45.863222],[-83.35332,45.860867],[-83.337571,45.864694],[-83.321676,45.873819],[-83.281348,45.908849],[-83.272811,45.922684],[-83.268248,45.939168]],[[-84.384183,45.958007],[-84.34253,45.95683],[-84.348712,45.96831],[-84.357837,45.975964],[-84.369612,45.979496],[-84.383594,45.978024],[-84.378001,45.991271],[-84.384183,45.997747],[-84.411412,46.0054],[-84.425394,45.995392],[-84.432017,45.991565],[-84.432017,45.984795],[-84.424069,45.983617],[-84.420095,45.982145],[-84.417004,45.980085],[-84.411412,45.978024],[-84.425099,45.970665],[-84.402286,45.962129],[-84.384183,45.958007]],[[-83.892889,46.104306],[-83.885677,46.14905],[-83.870223,46.162296],[-83.852267,46.156998],[-83.831956,46.144929],[-83.815177,46.142868],[-83.802078,46.185845],[-83.790303,46.205273],[-83.782355,46.22323],[-83.787654,46.238242],[-83.795455,46.240008],[-83.804138,46.237065],[-83.814147,46.235593],[-83.825627,46.241775],[-83.836518,46.255315],[-83.841081,46.262969],[-83.842994,46.26915],[-83.849765,46.271211],[-83.890681,46.272388],[-83.899954,46.276804],[-83.925416,46.29947],[-83.947199,46.301236],[-83.967363,46.307418],[-83.986203,46.310361],[-84.024176,46.295938],[-84.048019,46.300353],[-84.08246,46.313305],[-84.102035,46.317132],[-84.106303,46.313305],[-84.109835,46.29947],[-84.109247,46.2927],[-84.10645,46.283574],[-84.102918,46.275626],[-84.099827,46.272388],[-84.077603,46.224113],[-84.068772,46.210866],[-84.004012,46.159353],[-83.995917,46.14905],[-83.993267,46.13963],[-83.991648,46.130799],[-83.986938,46.12138],[-83.98061,46.115787],[-83.964861,46.106367],[-83.958974,46.101657],[-83.953087,46.090177],[-83.952056,46.081346],[-83.948524,46.075753],[-83.935425,46.073693],[-83.925711,46.076931],[-83.906724,46.091354],[-83.900984,46.094592],[-83.892889,46.104306]],[[-83.517133,45.940051],[-83.482251,45.994214],[-83.47916,46.0054],[-83.498588,46.017175],[-83.523757,46.020707],[-83.545539,46.029538],[-83.554959,46.056619],[-83.562024,46.076048],[-83.579539,46.090177],[-83.62384,46.107839],[-83.687423,46.110488],[-83.715388,46.106073],[-83.716271,46.09106],[-83.703907,46.084584],[-83.689336,46.082524],[-83.678739,46.076931],[-83.678445,46.059857],[-83.684627,46.050732],[-83.695371,46.045434],[-83.719361,46.038663],[-83.743499,46.029538],[-83.755421,46.0263],[-83.771022,46.025123],[-83.778087,46.021001],[-83.793541,46.002162],[-83.805021,45.998041],[-83.823566,46.006283],[-83.844613,46.021296],[-83.865808,46.0263],[-83.8845,46.0054],[-83.886855,45.990976],[-83.881556,45.983912],[-83.87405,45.981851],[-83.870223,45.981557],[-83.865808,45.993331],[-83.855946,45.990093],[-83.845497,45.980968],[-83.839462,45.974198],[-83.832692,45.968605],[-83.808259,45.95683],[-83.802372,45.945939],[-83.801931,45.943878],[-83.795455,45.944467],[-83.785005,45.949471],[-83.780884,45.950648],[-83.743647,45.950648],[-83.733785,45.947705],[-83.722452,45.941523],[-83.711266,45.937402],[-83.702436,45.940051],[-83.679622,45.955358],[-83.657692,45.955064],[-83.616334,45.936519],[-83.592638,45.930337],[-83.563201,45.927982],[-83.535384,45.930632],[-83.517133,45.940051]],[[-84.113515,46.248545],[-84.107922,46.270033],[-84.12161,46.297115],[-84.142363,46.321253],[-84.158258,46.333616],[-84.184457,46.333616],[-84.19211,46.325668],[-84.193141,46.311539],[-84.199175,46.293288],[-84.180336,46.274743],[-84.162674,46.251194],[-84.141921,46.237653],[-84.113515,46.248545]],[[-82.733389,45.934753],[-82.746194,45.936519],[-82.712047,45.911204],[-82.65759,45.902373],[-82.604752,45.914147],[-82.575462,45.950648],[-82.578259,45.967427],[-82.593124,45.971548],[-82.6127,45.972137],[-82.630067,45.978024],[-82.649348,45.972431],[-82.684672,45.96831],[-82.713225,45.958596],[-82.712636,45.936519],[-82.725735,45.929749],[-82.730151,45.933575],[-82.733389,45.934753]],[[-82.254606,46.039841],[-82.26638,46.032776],[-82.255636,46.021296],[-82.232381,46.008344],[-82.207507,45.99863],[-82.191317,45.998041],[-82.203092,46.015408],[-82.210451,46.052498],[-82.225464,46.059857],[-82.23871,46.056914],[-82.246805,46.048966],[-82.254606,46.039841]],[[-81.962008,46.046611],[-81.963479,46.032482],[-81.950527,46.018058],[-81.92742,46.011582],[-81.921091,46.009521],[-81.908875,46.000396],[-81.903282,45.998041],[-81.897542,45.99863],[-81.888711,46.004223],[-81.882824,46.0054],[-81.845587,46.007166],[-81.834401,46.0054],[-81.825275,45.99863],[-81.818799,45.990388],[-81.811735,45.985972],[-81.800843,45.991565],[-81.793926,46.001573],[-81.793043,46.011287],[-81.7979,46.019824],[-81.807761,46.025123],[-81.7979,46.041607],[-81.793484,46.046317],[-81.803345,46.058091],[-81.82086,46.063979],[-81.838522,46.063095],[-81.848677,46.053087],[-81.855595,46.053087],[-81.871932,46.061329],[-81.895187,46.060446],[-81.941108,46.053087],[-81.962008,46.046611]]]}},{"type":"Feature","properties":{"name":"Whitefish Bay","name_en":"Whitefish Bay","scalerank":3,"min_zoom":3},"geometry":{"type":"MultiPolygon","coordinates":[[[[-84.767739,47.018896],[-84.784224,47.000351],[-84.787462,47.005944],[-84.767739,47.018896]]],[[[-84.492983,46.473515],[-84.490437,46.449287],[-84.490141,46.44647],[-84.529157,46.429873],[-84.569779,46.423397],[-84.603337,46.437527],[-84.594064,46.457838],[-84.61835,46.484331],[-84.65647,46.501992],[-84.689291,46.495516],[-84.715048,46.478443],[-84.749489,46.466669],[-84.786431,46.459604],[-84.819547,46.457249],[-84.835443,46.459604],[-84.877537,46.478443],[-84.914774,46.484625],[-84.921839,46.487569],[-84.935968,46.501698],[-84.945977,46.506408],[-84.959076,46.504936],[-84.992045,46.49375],[-85.00794,46.491984],[-85.027074,46.496694],[-85.039585,46.50523],[-85.048268,46.517594],[-85.055775,46.532901],[-85.027957,46.556155],[-85.017949,46.573229],[-85.031195,46.606786],[-85.013386,46.724237],[-85.00794,46.738956],[-84.994105,46.751319],[-84.976738,46.759561],[-84.961137,46.768981],[-84.952747,46.786348],[-84.976149,46.783993],[-84.784224,47.000351],[-84.776865,46.987693],[-84.752285,46.971503],[-84.730208,46.964438],[-84.689291,46.964438],[-84.671041,46.962084],[-84.663387,46.956491],[-84.659266,46.947954],[-84.65176,46.937063],[-84.632185,46.918812],[-84.621146,46.912042],[-84.609519,46.909098],[-84.594064,46.909981],[-84.593476,46.915574],[-84.596861,46.923816],[-84.593329,46.933825],[-84.57287,46.946482],[-84.553295,46.946188],[-84.532395,46.940595],[-84.508257,46.937063],[-84.459687,46.943244],[-84.43658,46.941184],[-84.39478,46.912336],[-84.374763,46.903211],[-84.360192,46.893202],[-84.356218,46.87554],[-84.359603,46.872597],[-84.377412,46.848165],[-84.389334,46.839922],[-84.398165,46.838156],[-84.421714,46.840806],[-84.45012,46.852286],[-84.462925,46.854346],[-84.477643,46.853169],[-84.487063,46.849931],[-84.495747,46.845515],[-84.53946,46.831975],[-84.549321,46.827265],[-84.543728,46.811369],[-84.542845,46.786054],[-84.547702,46.762505],[-84.559182,46.751908],[-84.565953,46.740722],[-84.561243,46.716878],[-84.546083,46.69745],[-84.521357,46.69745],[-84.511201,46.710991],[-84.504136,46.731596],[-84.494422,46.75073],[-84.476908,46.758972],[-84.458657,46.753674],[-84.441584,46.740722],[-84.429221,46.72512],[-84.425099,46.710991],[-84.434078,46.693623],[-84.490301,46.659183],[-84.563009,46.601193],[-84.575814,46.585886],[-84.588472,46.562926],[-84.589207,46.542026],[-84.546525,46.526425],[-84.532837,46.512001],[-84.521357,46.495811],[-84.508257,46.484625],[-84.493833,46.480504],[-84.492983,46.473515]],[[-84.541815,46.900856],[-84.549321,46.882311],[-84.532542,46.882311],[-84.486622,46.895557],[-84.470137,46.89644],[-84.454389,46.895852],[-84.439376,46.896735],[-84.425099,46.902916],[-84.441584,46.907037],[-84.458951,46.905566],[-84.476613,46.906449],[-84.493981,46.916457],[-84.512378,46.922639],[-84.528863,46.915868],[-84.541815,46.900856]]]]}},{"type":"Feature","properties":{"name":"Saginaw Bay","name_en":"Saginaw Bay","scalerank":3,"min_zoom":3},"geometry":{"type":"Polygon","coordinates":[[[-83.018333,44.058181],[-83.033493,44.052],[-83.068964,44.022269],[-83.086479,44.014027],[-83.119889,44.011083],[-83.132399,44.007845],[-83.155654,43.993716],[-83.168312,43.990478],[-83.240284,43.989006],[-83.250145,43.986651],[-83.25824,43.982824],[-83.266924,43.976348],[-83.296802,43.945734],[-83.301659,43.93867],[-83.315935,43.93131],[-83.404833,43.921596],[-83.385994,43.916887],[-83.365536,43.916298],[-83.34758,43.913649],[-83.335805,43.901285],[-83.37054,43.873321],[-83.389232,43.854481],[-83.39718,43.835936],[-83.404245,43.813565],[-83.45252,43.7647],[-83.474156,43.721134],[-83.490346,43.703178],[-83.510216,43.706416],[-83.514631,43.714658],[-83.5189,43.725844],[-83.525964,43.73232],[-83.537886,43.726727],[-83.604559,43.65137],[-83.639736,43.6237],[-83.678886,43.608099],[-83.719361,43.613692],[-83.761014,43.633708],[-83.811939,43.6446],[-83.83225,43.656669],[-83.881703,43.670798],[-83.904369,43.681984],[-83.925416,43.701706],[-83.943373,43.727905],[-83.949554,43.756164],[-83.935425,43.781479],[-83.932334,43.791488],[-83.934983,43.824751],[-83.931745,43.839763],[-83.920854,43.850949],[-83.909815,43.85978],[-83.908196,43.868611],[-83.925416,43.88068],[-83.889651,43.958392],[-83.863306,43.989889],[-83.821947,44.004313],[-83.810026,44.00343],[-83.787948,43.998131],[-83.774702,43.997248],[-83.764988,44.000192],[-83.747915,44.009023],[-83.736729,44.011083],[-83.726721,44.009906],[-83.707145,44.005196],[-83.695812,44.004313],[-83.690072,44.009611],[-83.682713,44.03581],[-83.678445,44.045229],[-83.6599,44.053177],[-83.610447,44.054943],[-83.592491,44.062597],[-83.589841,44.0729],[-83.591607,44.085263],[-83.59043,44.095566],[-83.579097,44.099981],[-83.572474,44.104691],[-83.569677,44.116466],[-83.564084,44.186524],[-83.554076,44.230679],[-83.53244,44.266002],[-83.493584,44.285431],[-83.483576,44.286314],[-83.45252,44.285431],[-83.455906,44.279543],[-83.462676,44.264236],[-83.466208,44.258055],[-83.452373,44.267769],[-83.407041,44.310157],[-83.39718,44.322815],[-83.39144,44.326347],[-83.362739,44.326936],[-83.35332,44.329585],[-83.337718,44.345481],[-83.332861,44.354017],[-83.328446,44.367264],[-83.018333,44.058181]]]}},{"type":"Feature","properties":{"name":"North Channel","name_en":"North Channel","scalerank":3,"min_zoom":3},"geometry":{"type":"Polygon","coordinates":[[[-81.921091,46.009521],[-81.911819,46.002751],[-81.894598,45.953003],[-81.9102,45.970665],[-81.953618,45.988033],[-82.001305,45.984795],[-82.047962,45.967722],[-82.08829,45.943878],[-82.101095,45.932103],[-82.114341,45.915325],[-82.124938,45.896191],[-82.129206,45.878529],[-82.139804,45.855274],[-82.160703,45.844677],[-82.176305,45.84821],[-82.170859,45.868226],[-82.187196,45.88265],[-82.20736,45.905022],[-82.221342,45.929749],[-82.219282,45.950648],[-82.237238,45.945644],[-82.262406,45.934753],[-82.284631,45.930926],[-82.294345,45.94741],[-82.294345,45.974492],[-82.29773,45.987444],[-82.309652,45.990093],[-82.394576,45.972137],[-82.414151,45.970665],[-82.434904,45.965367],[-82.445942,45.952415],[-82.455509,45.936813],[-82.471846,45.923273],[-82.470669,45.937108],[-82.477439,45.94741],[-82.48995,45.952709],[-82.506581,45.950648],[-82.515707,45.944467],[-82.530425,45.924156],[-82.540728,45.915913],[-82.553974,45.912381],[-82.580761,45.908849],[-82.58915,45.902373],[-82.591947,45.888832],[-82.584146,45.881178],[-82.570164,45.877057],[-82.554415,45.874997],[-82.556329,45.870287],[-82.559567,45.859101],[-82.561922,45.854391],[-82.532044,45.860867],[-82.517767,45.858218],[-82.506581,45.847032],[-82.508347,45.827015],[-82.522918,45.805527],[-82.539697,45.791986],[-82.547645,45.796107],[-82.549706,45.807882],[-82.555004,45.818479],[-82.567956,45.83408],[-82.574874,45.839379],[-82.585765,45.846149],[-82.598129,45.852036],[-82.60902,45.854391],[-82.616379,45.849976],[-82.62624,45.840556],[-82.637132,45.83408],[-82.647435,45.837318],[-82.653175,45.847327],[-82.656118,45.857335],[-82.659945,45.864988],[-82.667893,45.868226],[-82.690264,45.863517],[-82.739865,45.845855],[-82.759882,45.847032],[-82.763561,45.852625],[-82.771803,45.87588],[-82.773422,45.8853],[-82.778721,45.891481],[-82.815075,45.89884],[-82.837594,45.915913],[-82.837152,45.93122],[-82.825672,45.948293],[-82.815075,45.970665],[-82.811101,45.984206],[-82.809776,45.992742],[-82.815516,45.996864],[-82.832148,45.998041],[-82.844511,45.994803],[-82.858788,45.981262],[-82.866589,45.978024],[-82.909713,45.975669],[-82.93444,45.971254],[-82.95166,45.964484],[-82.955928,45.957419],[-82.959019,45.947999],[-82.964465,45.939757],[-82.975798,45.936519],[-82.996109,45.937696],[-83.003909,45.940934],[-83.006853,45.94741],[-83.01274,45.955064],[-83.026576,45.961245],[-83.042766,45.964778],[-83.055276,45.964484],[-83.065284,45.959185],[-83.070289,45.95212],[-83.074557,45.944172],[-83.081916,45.936519],[-83.088981,45.93122],[-83.100461,45.925039],[-83.111352,45.925333],[-83.116062,45.940051],[-83.11827,45.953003],[-83.12401,45.958891],[-83.131958,45.962129],[-83.140347,45.967427],[-83.163896,45.975669],[-83.190095,45.96625],[-83.266924,45.960657],[-83.271928,45.968605],[-83.283261,45.968899],[-83.301659,45.964484],[-83.311226,45.969193],[-83.335805,45.991565],[-83.352731,46.001868],[-83.369804,46.00069],[-83.387907,45.995097],[-83.408219,45.991565],[-83.417197,45.988916],[-83.423526,45.982734],[-83.432062,45.970665],[-83.460027,45.950648],[-83.497411,45.97096],[-83.482251,45.994214],[-83.47916,46.0054],[-83.498588,46.017175],[-83.523757,46.020707],[-83.545539,46.029538],[-83.554959,46.056619],[-83.562024,46.076048],[-83.579539,46.090177],[-83.62384,46.107839],[-83.687423,46.110488],[-83.715388,46.106073],[-83.716271,46.09106],[-83.703907,46.084584],[-83.689336,46.082524],[-83.678739,46.076931],[-83.678592,46.068983],[-83.815177,46.142868],[-83.802078,46.185845],[-83.790303,46.205273],[-83.782355,46.22323],[-83.787654,46.238242],[-83.795455,46.240008],[-83.804138,46.237065],[-83.814147,46.235593],[-83.832544,46.299764],[-83.747326,46.293288],[-83.71318,46.279159],[-83.700669,46.277098],[-83.613979,46.286812],[-83.603382,46.286518],[-83.589105,46.279747],[-83.568794,46.257965],[-83.561141,46.251783],[-83.548189,46.2509],[-83.517869,46.258553],[-83.500355,46.259142],[-83.38776,46.23471],[-83.313875,46.227056],[-83.243963,46.208806],[-83.178467,46.201152],[-83.153005,46.195265],[-83.128867,46.194088],[-83.102374,46.204685],[-83.076176,46.191438],[-83.045709,46.182902],[-82.98301,46.17672],[-82.970646,46.178781],[-82.946214,46.187612],[-82.93179,46.190261],[-82.707632,46.200269],[-82.630067,46.223818],[-82.637573,46.210278],[-82.676282,46.191733],[-82.691,46.17672],[-82.668629,46.169361],[-82.536459,46.182607],[-82.474201,46.201741],[-82.44447,46.204685],[-82.44447,46.197031],[-82.450652,46.18614],[-82.434756,46.187612],[-82.400169,46.197031],[-82.337028,46.194382],[-82.320985,46.197031],[-82.317011,46.190555],[-82.314803,46.18349],[-82.35204,46.185257],[-82.363226,46.18349],[-82.376325,46.179369],[-82.378533,46.177309],[-82.354689,46.165829],[-82.320985,46.156115],[-82.309063,46.15582],[-82.299643,46.157881],[-82.291695,46.160824],[-82.283748,46.162296],[-82.259463,46.16053],[-82.232381,46.154937],[-82.206919,46.145517],[-82.187932,46.131977],[-82.177629,46.126384],[-82.155405,46.127856],[-82.135094,46.119319],[-82.124938,46.123734],[-82.116254,46.131388],[-82.109337,46.135803],[-82.087112,46.134037],[-82.013227,46.115198],[-81.950675,46.113726],[-81.930216,46.054853],[-81.941108,46.053087],[-81.962008,46.046611],[-81.963479,46.032482],[-81.950527,46.018058],[-81.92742,46.011582],[-81.921091,46.009521]],[[-82.733389,45.934753],[-82.746194,45.936519],[-82.712047,45.911204],[-82.65759,45.902373],[-82.604752,45.914147],[-82.575462,45.950648],[-82.578259,45.967427],[-82.593124,45.971548],[-82.6127,45.972137],[-82.630067,45.978024],[-82.649348,45.972431],[-82.684672,45.96831],[-82.713225,45.958596],[-82.712636,45.936519],[-82.725735,45.929749],[-82.730151,45.933575],[-82.733389,45.934753]],[[-82.254606,46.039841],[-82.26638,46.032776],[-82.255636,46.021296],[-82.232381,46.008344],[-82.207507,45.99863],[-82.191317,45.998041],[-82.203092,46.015408],[-82.210451,46.052498],[-82.225464,46.059857],[-82.23871,46.056914],[-82.246805,46.048966],[-82.254606,46.039841]]]}},{"type":"Feature","properties":{"name":"Georgian Bay","name_en":"Georgian Bay","scalerank":2,"min_zoom":2},"geometry":{"type":"Polygon","coordinates":[[[-79.671413,44.767893],[-79.662582,44.757885],[-79.739411,44.754647],[-79.765168,44.76701],[-79.776354,44.76495],[-79.792691,44.757885],[-79.798873,44.759945],[-79.799314,44.764655],[-79.798873,44.769365],[-79.802847,44.771426],[-79.873347,44.769365],[-79.881736,44.771426],[-79.881884,44.78114],[-79.876438,44.794975],[-79.874524,44.807632],[-79.885563,44.812931],[-79.926774,44.812931],[-79.941787,44.814697],[-79.942081,44.819113],[-79.935605,44.825589],[-79.930012,44.833537],[-79.925302,44.838541],[-79.918532,44.843251],[-79.915735,44.850315],[-79.923389,44.861501],[-79.934133,44.867388],[-79.947527,44.86886],[-79.985941,44.866505],[-80.005664,44.862384],[-80.015819,44.861501],[-80.028035,44.856791],[-80.035247,44.846489],[-80.040399,44.834714],[-80.046139,44.826766],[-80.061151,44.819113],[-80.06851,44.820585],[-80.075134,44.825294],[-80.087791,44.826766],[-80.099713,44.825294],[-80.10825,44.822351],[-80.113401,44.81558],[-80.115167,44.802334],[-80.113842,44.774664],[-80.107808,44.759945],[-80.093384,44.751998],[-80.067333,44.74405],[-80.048346,44.734925],[-80.008607,44.708432],[-79.994772,44.703133],[-79.99227,44.69283],[-80.005222,44.627482],[-80.005222,44.548886],[-80.013023,44.531225],[-80.031126,44.515035],[-80.067333,44.490897],[-80.108691,44.475295],[-80.150638,44.486776],[-80.195381,44.508559],[-80.245423,44.525043],[-80.32446,44.531519],[-80.365818,44.552419],[-80.425868,44.559189],[-80.450889,44.56596],[-80.495191,44.599223],[-80.512264,44.606876],[-80.535813,44.610409],[-80.557302,44.609525],[-80.577466,44.61188],[-80.598071,44.623949],[-80.616322,44.656035],[-80.623975,44.690476],[-80.639135,44.71844],[-80.680493,44.72992],[-80.763063,44.719323],[-80.826204,44.690476],[-80.937473,44.593335],[-80.942772,44.628659],[-80.88905,44.751703],[-80.89744,44.790854],[-80.934971,44.81087],[-80.985455,44.815286],[-81.032994,44.806161],[-81.078032,44.784083],[-81.119096,44.754647],[-81.127338,44.753469],[-81.131459,44.763478],[-81.131312,44.777607],[-81.126161,44.788793],[-81.117919,44.794975],[-81.051687,44.822351],[-81.036821,44.831476],[-81.006502,44.860912],[-81.000614,44.869155],[-80.998259,44.87828],[-81.00032,44.889466],[-81.00709,44.910954],[-81.005766,44.922434],[-80.987662,44.940096],[-80.961906,44.957169],[-80.953075,44.97071],[-80.985307,44.977481],[-81.007679,44.975126],[-81.03167,44.966295],[-81.044327,44.950988],[-81.032994,44.929205],[-81.050068,44.927439],[-81.070967,44.910366],[-81.087746,44.908599],[-81.08701,44.925084],[-81.105408,44.925378],[-81.149121,44.91537],[-81.149121,44.922434],[-81.126161,44.936858],[-81.112914,44.95246],[-81.116888,44.964823],[-81.200929,44.977481],[-81.204462,44.981307],[-81.191951,45.001618],[-81.190774,45.011038],[-81.210202,45.018103],[-81.235517,45.0078],[-81.257153,45.001913],[-81.266425,45.021635],[-81.262746,45.089045],[-81.266425,45.107884],[-81.280555,45.122602],[-81.301307,45.134082],[-81.319852,45.148801],[-81.327947,45.17235],[-81.319999,45.192366],[-81.286148,45.220037],[-81.279524,45.237404],[-81.30219,45.252417],[-81.607446,45.252122],[-81.722395,45.611541],[-81.72578,45.621844],[-81.710473,45.646276],[-81.649982,45.703677],[-81.664406,45.709859],[-81.621723,45.740178],[-81.612597,45.744593],[-81.604797,45.751953],[-81.595671,45.768437],[-81.588754,45.786982],[-81.588018,45.799934],[-81.60568,45.805821],[-81.711504,45.799934],[-81.69605,45.818185],[-81.675886,45.837318],[-81.659843,45.85969],[-81.656899,45.888538],[-81.66573,45.905316],[-81.679712,45.908849],[-81.642328,45.955653],[-81.540184,46.0054],[-81.50383,46.018352],[-81.489259,46.019824],[-81.495882,46.008638],[-81.508834,45.992742],[-81.506774,45.983912],[-81.49338,45.981851],[-81.47248,45.984795],[-81.461736,45.988621],[-81.453199,45.993037],[-81.44378,45.996569],[-81.430239,45.998041],[-81.417728,45.995686],[-81.395504,45.986855],[-81.261274,45.96625],[-81.227128,45.969488],[-81.195336,45.980085],[-81.163398,45.998041],[-81.180471,46.01217],[-81.20299,46.008638],[-81.22492,45.996569],[-81.239197,45.984795],[-81.245967,45.991565],[-81.2155,46.009521],[-81.179441,46.018058],[-81.156186,46.01011],[-81.163398,45.978024],[-81.17635,45.944761],[-81.161632,45.936519],[-81.060076,45.956241],[-81.020042,45.95683],[-80.953075,45.944172],[-80.930703,45.943878],[-80.923197,45.946233],[-80.903621,45.954769],[-80.903327,45.95683],[-80.893024,45.953886],[-80.877865,45.941229],[-80.869328,45.936519],[-80.851519,45.933281],[-80.834151,45.935636],[-80.81855,45.943289],[-80.806481,45.95683],[-80.80236,45.941523],[-80.801183,45.927688],[-80.797945,45.916797],[-80.787348,45.909732],[-80.787348,45.913264],[-80.782638,45.920035],[-80.775867,45.926805],[-80.769244,45.929749],[-80.758353,45.92916],[-80.752613,45.926805],[-80.74908,45.922684],[-80.745106,45.915913],[-80.739072,45.900901],[-80.733626,45.871759],[-80.724648,45.860867],[-80.705956,45.854686],[-80.687853,45.853803],[-80.679757,45.851742],[-80.691091,45.840851],[-80.695212,45.842322],[-80.704631,45.844383],[-80.714051,45.843794],[-80.718319,45.837318],[-80.716553,45.828782],[-80.711843,45.825249],[-80.705073,45.823483],[-80.697272,45.819656],[-80.687853,45.817596],[-80.679022,45.819656],[-80.672546,45.819068],[-80.668424,45.802289],[-80.664892,45.798756],[-80.660477,45.796402],[-80.656944,45.792575],[-80.650468,45.787276],[-80.641637,45.782861],[-80.636044,45.777268],[-80.639577,45.768437],[-80.644728,45.760784],[-80.6462,45.753424],[-80.645317,45.745477],[-80.642668,45.737234],[-80.63369,45.723399],[-80.619266,45.711919],[-80.602781,45.703088],[-80.587474,45.696907],[-80.602193,45.691608],[-80.608521,45.690725],[-80.608521,45.683071],[-80.598807,45.683071],[-80.590418,45.6816],[-80.574375,45.676301],[-80.579821,45.662172],[-80.573198,45.65128],[-80.559363,45.64451],[-80.52448,45.638917],[-80.517857,45.630086],[-80.519476,45.616545],[-80.525952,45.600649],[-80.512117,45.598],[-80.508732,45.589169],[-80.509173,45.579455],[-80.506083,45.573274],[-80.492836,45.572096],[-80.480767,45.576512],[-80.469287,45.582693],[-80.457807,45.587109],[-80.445591,45.587403],[-80.433669,45.58652],[-80.423661,45.587697],[-80.416743,45.593879],[-80.416302,45.60271],[-80.4216,45.611835],[-80.437201,45.628025],[-80.41689,45.627142],[-80.406293,45.617134],[-80.396285,45.587109],[-80.391428,45.578278],[-80.387601,45.573568],[-80.38451,45.568858],[-80.382597,45.559144],[-80.382155,45.54737],[-80.38348,45.540894],[-80.385835,45.535301],[-80.395107,45.497033],[-80.394813,45.481138],[-80.388779,45.463476],[-80.360961,45.435806],[-80.35478,45.422265],[-80.368909,45.409018],[-80.362875,45.39901],[-80.354927,45.390768],[-80.34536,45.384586],[-80.334174,45.381643],[-80.328581,45.395478],[-80.327992,45.409901],[-80.332261,45.423737],[-80.341092,45.4361],[-80.3302,45.436983],[-80.319603,45.435806],[-80.309447,45.433451],[-80.300028,45.429918],[-80.309742,45.415789],[-80.311214,45.404014],[-80.306798,45.37811],[-80.300175,45.366336],[-80.284721,45.363686],[-80.255284,45.367219],[-80.243657,45.364275],[-80.22938,45.35044],[-80.181988,45.341609],[-80.168447,45.341903],[-80.162854,45.350734],[-80.167564,45.358976],[-80.177719,45.363981],[-80.187286,45.369868],[-80.19023,45.381643],[-80.183754,45.3943],[-80.171391,45.401659],[-80.142396,45.409018],[-80.114284,45.411079],[-80.084553,45.405192],[-80.065125,45.390473],[-80.067333,45.367219],[-80.054381,45.361626],[-80.044814,45.351617],[-80.037897,45.339254],[-80.033187,45.326302],[-80.072631,45.278909],[-80.084406,45.27155],[-80.105895,45.265369],[-80.123704,45.25065],[-80.127825,45.23446],[-80.10825,45.223863],[-80.114431,45.213266],[-80.115167,45.203847],[-80.110604,45.195604],[-80.100743,45.189717],[-80.096622,45.198842],[-80.091176,45.203847],[-80.077488,45.213266],[-80.066303,45.217976],[-80.059532,45.2115],[-80.054087,45.201786],[-80.046727,45.196487],[-80.036719,45.196193],[-80.029654,45.195016],[-80.024209,45.192955],[-80.01891,45.189717],[-80.01788,45.186185],[-80.001837,45.164696],[-79.998452,45.161753],[-80.003897,45.137026],[-80.030685,45.127606],[-80.067039,45.128489],[-80.100743,45.134377],[-80.095592,45.124074],[-80.088086,45.11642],[-80.078519,45.110828],[-80.067333,45.107884],[-80.074839,45.106412],[-80.07793,45.10494],[-80.080874,45.101114],[-80.073662,45.096992],[-80.06071,45.084629],[-80.053645,45.079919],[-80.014053,45.070205],[-80.001837,45.062552],[-79.997716,45.05431],[-79.998305,45.045184],[-79.996391,45.035176],[-79.984764,45.024579],[-79.972695,45.021635],[-79.943406,45.019869],[-79.93325,45.014865],[-79.928393,44.997792],[-79.930306,44.978364],[-79.92751,44.960996],[-79.909112,44.949516],[-79.898515,44.951871],[-79.873053,44.963057],[-79.868048,44.960113],[-79.862897,44.953931],[-79.851122,44.948633],[-79.837582,44.944806],[-79.826985,44.943334],[-79.834932,44.925378],[-79.832136,44.91537],[-79.813444,44.90124],[-79.807409,44.898297],[-79.801375,44.898591],[-79.796076,44.897119],[-79.792986,44.887994],[-79.796371,44.883578],[-79.805054,44.879457],[-79.814769,44.876514],[-79.82095,44.875042],[-79.804907,44.868566],[-79.791072,44.865622],[-79.779886,44.860618],[-79.772527,44.847077],[-79.774735,44.835303],[-79.7818,44.827944],[-79.782536,44.821173],[-79.76561,44.812931],[-79.738675,44.81352],[-79.718364,44.828238],[-79.714979,44.848843],[-79.738381,44.867683],[-79.696434,44.884756],[-79.690547,44.887994],[-79.681863,44.877691],[-79.679655,44.86209],[-79.68201,44.846489],[-79.686867,44.836775],[-79.713507,44.816169],[-79.723957,44.802334],[-79.721014,44.788793],[-79.705854,44.779962],[-79.671413,44.767893]],[[-80.216134,44.865033],[-80.237917,44.875042],[-80.245423,44.854731],[-80.231147,44.832653],[-80.209364,44.809693],[-80.186698,44.793797],[-80.169772,44.79262],[-80.183018,44.807338],[-80.175512,44.825883],[-80.160058,44.844722],[-80.149166,44.861501],[-80.165798,44.871509],[-80.216134,44.865033]],[[-80.183312,45.333956],[-80.221285,45.310995],[-80.22732,45.296571],[-80.217459,45.27155],[-80.210247,45.261248],[-80.202005,45.252417],[-80.192143,45.246529],[-80.179927,45.244469],[-80.171243,45.248001],[-80.160941,45.265957],[-80.149166,45.27155],[-80.156084,45.25801],[-80.096769,45.290978],[-80.074103,45.299515],[-80.080874,45.30658],[-80.075575,45.310995],[-80.07219,45.315999],[-80.067333,45.326302],[-80.059827,45.333956],[-80.069541,45.33896],[-80.07425,45.340432],[-80.080874,45.340432],[-80.074103,45.347496],[-80.091176,45.347791],[-80.104864,45.342198],[-80.11605,45.333072],[-80.125617,45.323358],[-80.138422,45.318649],[-80.155201,45.321298],[-80.171685,45.32748],[-80.183312,45.333956]]]}},{"type":"Feature","properties":{"name":"Rye Patch Reservoir","name_en":"Rye Patch","scalerank":8,"min_zoom":6},"geometry":{"type":"Polygon","coordinates":[[[-118.259607,40.713911],[-118.251953,40.710378],[-118.232967,40.698898],[-118.279035,40.68418],[-118.295519,40.673877],[-118.307294,40.661514],[-118.318921,40.644146],[-118.323484,40.626484],[-118.313917,40.612944],[-118.292428,40.59381],[-118.285363,40.568789],[-118.290368,40.54053],[-118.30538,40.512566],[-118.301701,40.56143],[-118.304203,40.577326],[-118.312298,40.591161],[-118.33305,40.615593],[-118.338791,40.632077],[-118.332315,40.661219],[-118.312151,40.692128],[-118.285511,40.713616],[-118.259607,40.713911]]]}},{"type":"Feature","properties":{"name":"Lake Novillo","name_en":"Novillo","scalerank":8,"min_zoom":6},"geometry":{"type":"Polygon","coordinates":[[[-109.373637,29.185728],[-109.34891,29.182196],[-109.337283,29.168066],[-109.353326,29.154526],[-109.377463,29.140102],[-109.398658,29.110077],[-109.41941,29.105072],[-109.477106,29.106544],[-109.495651,29.104484],[-109.506542,29.106544],[-109.516109,29.111843],[-109.523615,29.118613],[-109.53171,29.124501],[-109.544074,29.126855],[-109.587787,29.125384],[-109.606184,29.121557],[-109.649603,29.105072],[-109.657404,29.098302],[-109.658287,29.087999],[-109.657404,29.068571],[-109.655785,29.060329],[-109.651664,29.053853],[-109.640036,29.041195],[-109.637534,29.036486],[-109.636651,29.031481],[-109.636945,29.02059],[-109.635179,29.012642],[-109.631205,29.010582],[-109.626495,29.009404],[-109.622522,29.004106],[-109.617665,28.986149],[-109.615898,28.966133],[-109.611924,28.956419],[-109.593968,28.949059],[-109.588523,28.941406],[-109.592791,28.92345],[-109.607067,28.911381],[-109.622374,28.908437],[-109.629439,28.918151],[-109.631794,28.931398],[-109.637387,28.948176],[-109.650486,28.976141],[-109.675507,29.009404],[-109.68684,29.028243],[-109.694641,29.067983],[-109.708329,29.104189],[-109.71142,29.123323],[-109.710684,29.163062],[-109.712744,29.181607],[-109.745124,29.323196],[-109.759842,29.359697],[-109.714658,29.363819],[-109.707004,29.355576],[-109.705238,29.329378],[-109.707298,29.317898],[-109.716718,29.294937],[-109.718779,29.281102],[-109.715541,29.268445],[-109.701558,29.244895],[-109.69832,29.233121],[-109.691256,29.220463],[-109.67433,29.204273],[-109.654019,29.191321],[-109.636945,29.188378],[-109.628556,29.197208],[-109.626643,29.211044],[-109.626054,29.223701],[-109.622522,29.229294],[-109.613102,29.224879],[-109.608098,29.213693],[-109.60221,29.188378],[-109.586904,29.19397],[-109.569536,29.1872],[-109.540688,29.168066],[-109.506395,29.156881],[-109.495503,29.146872],[-109.492265,29.126855],[-109.469452,29.133626],[-109.436042,29.132743],[-109.420588,29.143929],[-109.393506,29.17572],[-109.373637,29.185728]]]}},{"type":"Feature","properties":{"name":"Lake Mohave","name_en":"Mohave","scalerank":7,"min_zoom":5.7},"geometry":{"type":"Polygon","coordinates":[[[-114.599483,35.415945],[-114.59389,35.396811],[-114.589033,35.359721],[-114.590946,35.352657],[-114.597864,35.356189],[-114.611699,35.36973],[-114.6273,35.392102],[-114.635543,35.400932],[-114.642019,35.405642],[-114.654676,35.413296],[-114.659386,35.417711],[-114.666157,35.427131],[-114.671014,35.43655],[-114.67278,35.446853],[-114.667923,35.47158],[-114.671749,35.480705],[-114.677342,35.487475],[-114.68058,35.492774],[-114.678814,35.514263],[-114.672191,35.52957],[-114.66439,35.542227],[-114.659386,35.554296],[-114.658209,35.576079],[-114.659386,35.592858],[-114.657031,35.609342],[-114.645109,35.630536],[-114.645698,35.616113],[-114.635984,35.551941],[-114.643785,35.540461],[-114.654382,35.531041],[-114.659386,35.51338],[-114.654382,35.498661],[-114.61847,35.451857],[-114.607578,35.433901],[-114.599483,35.415945]]]}},{"type":"Feature","properties":{"name":"Cabonga Reservoir","name_en":"Cabonga","scalerank":5,"min_zoom":4.7},"geometry":{"type":"Polygon","coordinates":[[[-76.640493,47.609096],[-76.599282,47.627935],[-76.592659,47.632939],[-76.594278,47.650601],[-76.561309,47.677683],[-76.522011,47.701821],[-76.503908,47.718305],[-76.498904,47.714184],[-76.498904,47.71124],[-76.501406,47.708297],[-76.503908,47.704175],[-76.507588,47.69505],[-76.513475,47.687102],[-76.521275,47.681215],[-76.530695,47.677388],[-76.530695,47.670618],[-76.524072,47.671207],[-76.503908,47.670618],[-76.515241,47.656489],[-76.531578,47.650601],[-76.571612,47.650012],[-76.563075,47.634411],[-76.557924,47.629113],[-76.58265,47.613806],[-76.702604,47.579954],[-76.712171,47.572889],[-76.722326,47.56082],[-76.730863,47.546691],[-76.733954,47.53315],[-76.729685,47.521375],[-76.716145,47.51225],[-76.705695,47.519904],[-76.69024,47.539037],[-76.68141,47.546396],[-76.640493,47.56082],[-76.639757,47.564353],[-76.641229,47.577893],[-76.640493,47.581131],[-76.633575,47.582897],[-76.628866,47.582309],[-76.624892,47.581131],[-76.620035,47.581131],[-76.62342,47.577305],[-76.616797,47.571417],[-76.60826,47.567002],[-76.606347,47.567591],[-76.607966,47.5723],[-76.603403,47.574067],[-76.592659,47.574361],[-76.598252,47.55611],[-76.608849,47.548751],[-76.621801,47.544041],[-76.634311,47.533444],[-76.642259,47.514016],[-76.638727,47.498415],[-76.625775,47.488701],[-76.606347,47.485757],[-76.574555,47.493411],[-76.544236,47.505185],[-76.512445,47.508718],[-76.475943,47.491939],[-76.463139,47.504597],[-76.452983,47.504302],[-76.446213,47.494294],[-76.442533,47.478104],[-76.459606,47.461031],[-76.46152,47.455143],[-76.456074,47.450434],[-76.442533,47.444841],[-76.440473,47.446901],[-76.428256,47.443958],[-76.416187,47.439542],[-76.414568,47.437187],[-76.398967,47.438365],[-76.371738,47.443663],[-76.356579,47.444841],[-76.343921,47.441603],[-76.339653,47.434244],[-76.34451,47.426884],[-76.411183,47.416876],[-76.43488,47.408634],[-76.453866,47.388912],[-76.48345,47.341813],[-76.477415,47.328273],[-76.473736,47.315615],[-76.473147,47.30384],[-76.475943,47.293243],[-76.484922,47.288239],[-76.497874,47.28294],[-76.50435,47.273226],[-76.478004,47.229072],[-76.487276,47.210821],[-76.512592,47.200518],[-76.544972,47.196986],[-76.53673,47.180207],[-76.525985,47.168138],[-76.500523,47.145767],[-76.489631,47.138996],[-76.466377,47.133992],[-76.456074,47.128694],[-76.45416,47.121923],[-76.457693,47.114564],[-76.456957,47.107794],[-76.442533,47.101612],[-76.422516,47.105733],[-76.38366,47.132226],[-76.369825,47.132226],[-76.316398,47.097785],[-76.304623,47.081595],[-76.329203,47.0866],[-76.353635,47.084833],[-76.372327,47.073353],[-76.384102,47.038913],[-76.393816,47.033025],[-76.403383,47.034203],[-76.407651,47.043328],[-76.410447,47.052159],[-76.417365,47.058635],[-76.435027,47.067466],[-76.443416,47.070115],[-76.469173,47.074236],[-76.49699,47.097785],[-76.507293,47.101612],[-76.531725,47.105733],[-76.554244,47.116625],[-76.572789,47.131932],[-76.585888,47.149299],[-76.571612,47.142529],[-76.571906,47.173731],[-76.58633,47.224656],[-76.609585,47.272343],[-76.637402,47.293243],[-76.639315,47.290005],[-76.671696,47.278819],[-76.675228,47.279702],[-76.68715,47.269694],[-76.69024,47.262629],[-76.687591,47.25527],[-76.68141,47.245556],[-76.677288,47.243201],[-76.670518,47.242318],[-76.664336,47.240258],[-76.66154,47.235253],[-76.661098,47.2276],[-76.659479,47.223773],[-76.65477,47.21818],[-76.641523,47.196397],[-76.632839,47.18845],[-76.620035,47.184034],[-76.620035,47.176675],[-76.64535,47.170788],[-76.66154,47.182857],[-76.68141,47.21818],[-76.691859,47.227306],[-76.712318,47.238197],[-76.722326,47.245556],[-76.732335,47.257036],[-76.730568,47.261157],[-76.723209,47.26469],[-76.716145,47.273521],[-76.71482,47.284707],[-76.717322,47.309139],[-76.716145,47.320619],[-76.711288,47.32945],[-76.69863,47.344168],[-76.695686,47.355354],[-76.702309,47.381552],[-76.718647,47.383907],[-76.733806,47.368306],[-76.73675,47.341813],[-76.752498,47.353588],[-76.785614,47.354765],[-76.805631,47.361536],[-76.785614,47.381552],[-76.779138,47.391855],[-76.79474,47.400097],[-76.791502,47.408045],[-76.780757,47.415404],[-76.764715,47.416876],[-76.774723,47.443075],[-76.776931,47.453966],[-76.777667,47.468095],[-76.771338,47.483402],[-76.757208,47.483697],[-76.743079,47.47987],[-76.73675,47.481931],[-76.751321,47.50548],[-76.813726,47.504597],[-76.825501,47.526674],[-76.795623,47.517254],[-76.786645,47.519315],[-76.774281,47.530206],[-76.744109,47.574361],[-76.721443,47.590551],[-76.696569,47.598499],[-76.640493,47.609096]],[[-76.530695,47.491939],[-76.606347,47.464563],[-76.589862,47.459559],[-76.553067,47.461914],[-76.537466,47.457793],[-76.530548,47.448962],[-76.536141,47.443075],[-76.548504,47.442191],[-76.561603,47.447784],[-76.5722,47.449551],[-76.575144,47.43807],[-76.569846,47.423941],[-76.554833,47.416876],[-76.54718,47.411872],[-76.545266,47.400392],[-76.547474,47.386851],[-76.551595,47.375665],[-76.529223,47.380375],[-76.504497,47.396859],[-76.482714,47.418348],[-76.469173,47.437187],[-76.477415,47.441897],[-76.483891,47.448373],[-76.48816,47.45691],[-76.489631,47.468095],[-76.493752,47.477809],[-76.504202,47.48458],[-76.530695,47.491939]],[[-76.733218,47.457793],[-76.747641,47.452789],[-76.747347,47.441014],[-76.732923,47.413932],[-76.724534,47.413932],[-76.715409,47.416287],[-76.709374,47.416876],[-76.668016,47.389795],[-76.656683,47.389206],[-76.647263,47.402452],[-76.664631,47.407162],[-76.667869,47.425118],[-76.657566,47.443663],[-76.634311,47.451022],[-76.647999,47.458087],[-76.661834,47.462208],[-76.675669,47.460442],[-76.688916,47.451022],[-76.689505,47.457498],[-76.68818,47.462208],[-76.68141,47.471333],[-76.690976,47.48458],[-76.704076,47.478104],[-76.718794,47.465152],[-76.733218,47.457793]]]}},{"type":"Feature","properties":{"name":"Lake Abitibi","name_en":"Abitibi","scalerank":5,"min_zoom":4.7},"geometry":{"type":"Polygon","coordinates":[[[-80.1761,48.78773],[-80.19023,48.807747],[-80.19023,48.820699],[-80.184048,48.828352],[-80.172568,48.830118],[-80.156084,48.82482],[-80.147989,48.826292],[-80.126059,48.84307],[-80.115167,48.849252],[-80.136509,48.876922],[-80.12753,48.910774],[-80.098536,48.932851],[-80.059827,48.923726],[-80.047022,48.904004],[-80.025386,48.906359],[-79.974903,48.926081],[-79.93693,48.946686],[-79.907935,48.951985],[-79.895424,48.959344],[-79.878498,48.944037],[-79.885416,48.929319],[-79.900576,48.916661],[-79.909112,48.907536],[-79.902783,48.887225],[-79.887329,48.887225],[-79.86746,48.89429],[-79.84759,48.896645],[-79.829487,48.886047],[-79.829192,48.871035],[-79.836551,48.852784],[-79.845382,48.809218],[-79.856421,48.794206],[-79.873494,48.785375],[-79.895424,48.780371],[-79.882914,48.762709],[-79.875555,48.744753],[-79.865399,48.731212],[-79.844499,48.725913],[-79.836551,48.721498],[-79.821539,48.702953],[-79.810059,48.698538],[-79.776943,48.697949],[-79.75148,48.700304],[-79.742355,48.702953],[-79.69246,48.731212],[-79.679655,48.733272],[-79.665967,48.731506],[-79.654929,48.728563],[-79.644332,48.728857],[-79.631821,48.73651],[-79.628289,48.742103],[-79.629908,48.746519],[-79.63344,48.750934],[-79.635354,48.756527],[-79.633882,48.765064],[-79.630497,48.768596],[-79.626081,48.770362],[-79.587519,48.800976],[-79.58016,48.810102],[-79.577069,48.816578],[-79.571477,48.820404],[-79.556758,48.821287],[-79.544101,48.818344],[-79.541157,48.810396],[-79.54101,48.800388],[-79.5363,48.790968],[-79.519963,48.774483],[-79.512162,48.768302],[-79.49818,48.76006],[-79.493323,48.75535],[-79.489055,48.744458],[-79.484492,48.739454],[-79.479046,48.73916],[-79.469479,48.746519],[-79.464034,48.746225],[-79.45638,48.738865],[-79.450787,48.72974],[-79.444311,48.722087],[-79.421498,48.715905],[-79.396183,48.701776],[-79.385586,48.698538],[-79.358504,48.700598],[-79.276818,48.719732],[-79.247087,48.722675],[-79.230603,48.712078],[-79.255182,48.660859],[-79.26107,48.657621],[-79.267398,48.657032],[-79.273433,48.65556],[-79.279026,48.649967],[-79.281528,48.644375],[-79.281086,48.641431],[-79.279762,48.63937],[-79.279026,48.636427],[-79.276965,48.609051],[-79.27358,48.594627],[-79.262983,48.572255],[-79.268282,48.559009],[-79.276524,48.546057],[-79.279026,48.533988],[-79.223097,48.499253],[-79.202638,48.479825],[-79.230603,48.478942],[-79.224421,48.459808],[-79.236932,48.448622],[-79.25842,48.443913],[-79.279026,48.444796],[-79.311847,48.450389],[-79.34673,48.451566],[-79.333336,48.46599],[-79.293891,48.48424],[-79.279026,48.499253],[-79.289476,48.511911],[-79.304194,48.510733],[-79.321709,48.503668],[-79.340401,48.499253],[-79.332747,48.505729],[-79.310376,48.51927],[-79.305666,48.523096],[-79.299484,48.560775],[-79.286826,48.598454],[-79.286238,48.616116],[-79.296099,48.633189],[-79.314791,48.645846],[-79.335102,48.651145],[-79.357474,48.651439],[-79.451376,48.641725],[-79.467419,48.646729],[-79.476986,48.652028],[-79.489938,48.654972],[-79.501124,48.652911],[-79.50495,48.643197],[-79.499063,48.637015],[-79.487288,48.634366],[-79.475955,48.629951],[-79.470804,48.619648],[-79.482579,48.610228],[-79.509366,48.607873],[-79.553373,48.609051],[-79.571771,48.607579],[-79.589727,48.608756],[-79.607389,48.614349],[-79.625051,48.626418],[-79.647717,48.633777],[-79.69614,48.62583],[-79.711005,48.636427],[-79.701586,48.655266],[-79.726754,48.664097],[-79.750744,48.660859],[-79.738381,48.643197],[-79.76561,48.628479],[-79.798873,48.624652],[-79.893511,48.630834],[-79.906316,48.634366],[-79.916471,48.643197],[-79.91706,48.652028],[-79.914999,48.685585],[-79.912645,48.694711],[-79.891892,48.72974],[-79.902636,48.747696],[-79.924419,48.747696],[-79.936341,48.729446],[-79.937813,48.71355],[-79.942964,48.701481],[-79.952678,48.693828],[-79.967985,48.691178],[-79.981673,48.696183],[-79.983734,48.708546],[-79.977993,48.739454],[-79.99801,48.732095],[-80.013023,48.723558],[-80.022442,48.725619],[-80.02568,48.749757],[-80.02362,48.7736],[-80.016702,48.792734],[-80.004192,48.808041],[-79.984764,48.821287],[-80.025386,48.844542],[-80.02568,48.849252],[-80.0351,48.844542],[-80.045697,48.833945],[-80.052468,48.821582],[-80.049965,48.811279],[-80.037602,48.784197],[-80.050554,48.761826],[-80.076753,48.752406],[-80.10457,48.763592],[-80.125764,48.774189],[-80.15211,48.779488],[-80.1761,48.78773]]]}},{"type":"Feature","properties":{"name":"Dozois Reservoir","name_en":"Dozois","scalerank":6,"min_zoom":5},"geometry":{"type":"Polygon","coordinates":[[[-77.217299,47.567002],[-77.203612,47.562881],[-77.195369,47.546396],[-77.202876,47.538448],[-77.20685,47.530501],[-77.204936,47.52373],[-77.195369,47.519904],[-77.192279,47.523436],[-77.145327,47.555227],[-77.133111,47.569651],[-77.119718,47.579954],[-77.099701,47.581131],[-77.10809,47.57024],[-77.113095,47.565236],[-77.120306,47.56082],[-77.112506,47.558465],[-77.092931,47.546396],[-77.103969,47.534327],[-77.107207,47.519315],[-77.103233,47.504008],[-77.092931,47.491939],[-77.072619,47.484285],[-77.057901,47.490173],[-77.045096,47.50077],[-77.031556,47.506068],[-76.997704,47.506657],[-76.982544,47.503714],[-76.976362,47.495471],[-76.97283,47.481342],[-76.96341,47.478104],[-76.935299,47.485757],[-76.942216,47.463386],[-76.942216,47.443663],[-76.946779,47.435421],[-76.966354,47.447784],[-76.977834,47.450728],[-76.997115,47.43807],[-77.007271,47.441014],[-77.014041,47.449256],[-77.022578,47.46368],[-77.031556,47.471333],[-77.052308,47.462503],[-77.073797,47.463974],[-77.093078,47.472805],[-77.107207,47.485757],[-77.115449,47.503125],[-77.118835,47.518432],[-77.125605,47.529323],[-77.144444,47.533444],[-77.147535,47.523142],[-77.178296,47.461031],[-77.187127,47.45691],[-77.198166,47.453966],[-77.207291,47.448667],[-77.209646,47.437187],[-77.204347,47.4313],[-77.182712,47.42659],[-77.174911,47.416876],[-77.180798,47.413344],[-77.183742,47.410106],[-77.18595,47.406279],[-77.189188,47.402452],[-77.163578,47.400392],[-77.152392,47.397448],[-77.140765,47.3895],[-77.180945,47.379786],[-77.189188,47.375665],[-77.193898,47.363891],[-77.194339,47.35035],[-77.196547,47.339458],[-77.206261,47.335043],[-77.20994,47.337987],[-77.214356,47.351527],[-77.216416,47.355354],[-77.226719,47.359769],[-77.232606,47.361536],[-77.247177,47.361536],[-77.257333,47.360064],[-77.269402,47.355354],[-77.281471,47.349172],[-77.291626,47.341813],[-77.287652,47.32474],[-77.302371,47.328273],[-77.340049,47.347995],[-77.333868,47.355943],[-77.326509,47.362713],[-77.318266,47.367129],[-77.308994,47.368895],[-77.296189,47.37331],[-77.272493,47.39215],[-77.26116,47.396271],[-77.256008,47.405985],[-77.25542,47.453672],[-77.250563,47.471333],[-77.262632,47.474571],[-77.269108,47.480459],[-77.273229,47.486935],[-77.277938,47.491939],[-77.310319,47.507246],[-77.318855,47.51225],[-77.331366,47.539037],[-77.333132,47.546396],[-77.329452,47.556699],[-77.323123,47.561703],[-77.313262,47.562881],[-77.298985,47.56082],[-77.304578,47.569357],[-77.320621,47.586724],[-77.322387,47.591728],[-77.316942,47.598793],[-77.315176,47.605564],[-77.317825,47.612923],[-77.325773,47.622342],[-77.307228,47.624992],[-77.29089,47.633234],[-77.276614,47.635883],[-77.264251,47.622342],[-77.268372,47.609685],[-77.276172,47.599971],[-77.286769,47.592611],[-77.298985,47.588196],[-77.280588,47.57495],[-77.272787,47.558171],[-77.271315,47.53992],[-77.271757,47.523142],[-77.264251,47.520198],[-77.247619,47.51902],[-77.23084,47.519609],[-77.223334,47.523142],[-77.224217,47.536682],[-77.227897,47.545513],[-77.235992,47.550812],[-77.250563,47.55405],[-77.233784,47.562586],[-77.217299,47.567002]]]}},{"type":"Feature","properties":{"name":"Dozois Reservoir","name_en":"Dozois","scalerank":7,"min_zoom":5.7},"geometry":{"type":"Polygon","coordinates":[[[-77.455293,47.509601],[-77.482816,47.513133],[-77.496945,47.51225],[-77.491647,47.504891],[-77.48885,47.502242],[-77.483405,47.499298],[-77.483405,47.491939],[-77.505776,47.495766],[-77.535507,47.489584],[-77.561558,47.476632],[-77.572744,47.461031],[-77.57922,47.45691],[-77.607921,47.447196],[-77.614249,47.441014],[-77.618665,47.428651],[-77.627937,47.423941],[-77.637357,47.427768],[-77.641625,47.441014],[-77.632794,47.456615],[-77.612042,47.471628],[-77.524027,47.515488],[-77.508278,47.531972],[-77.52491,47.546396],[-77.518876,47.559643],[-77.496945,47.595555],[-77.525793,47.600854],[-77.543749,47.581426],[-77.569359,47.530206],[-77.583194,47.520787],[-77.590995,47.524613],[-77.599237,47.532267],[-77.614249,47.533444],[-77.628526,47.526674],[-77.633383,47.517549],[-77.628673,47.50754],[-77.614249,47.499298],[-77.682542,47.499298],[-77.676213,47.509012],[-77.663703,47.535505],[-77.660906,47.546396],[-77.662525,47.559348],[-77.666499,47.570534],[-77.667677,47.582014],[-77.660906,47.595555],[-77.669737,47.609979],[-77.662084,47.616161],[-77.647071,47.618516],[-77.634119,47.622342],[-77.629262,47.627052],[-77.617487,47.64648],[-77.612042,47.650012],[-77.606007,47.650012],[-77.599678,47.649424],[-77.593202,47.650012],[-77.544485,47.670618],[-77.526235,47.666497],[-77.52491,47.636472],[-77.543602,47.647952],[-77.560675,47.649718],[-77.576129,47.644125],[-77.635149,47.597027],[-77.641625,47.584664],[-77.642361,47.566707],[-77.641331,47.557877],[-77.637946,47.55405],[-77.633236,47.552872],[-77.625877,47.547574],[-77.620578,47.546396],[-77.616752,47.548751],[-77.608951,47.558465],[-77.585255,47.568474],[-77.555377,47.601737],[-77.534918,47.609096],[-77.506218,47.624108],[-77.480755,47.658843],[-77.442341,47.724781],[-77.399364,47.773645],[-77.383762,47.804554],[-77.380966,47.841938],[-77.373018,47.835168],[-77.368014,47.826925],[-77.365953,47.8178],[-77.366689,47.807203],[-77.371105,47.796606],[-77.378611,47.771585],[-77.405104,47.724487],[-77.408342,47.714773],[-77.413493,47.705059],[-77.437042,47.685631],[-77.442341,47.67415],[-77.445137,47.670912],[-77.458384,47.662081],[-77.462946,47.656489],[-77.465301,47.648246],[-77.465007,47.644125],[-77.463682,47.640593],[-77.462946,47.632939],[-77.459414,47.622931],[-77.444696,47.601737],[-77.442341,47.595555],[-77.450141,47.589373],[-77.474132,47.586135],[-77.483405,47.581131],[-77.49253,47.564353],[-77.486643,47.556405],[-77.474132,47.552284],[-77.462946,47.546396],[-77.457353,47.538743],[-77.442341,47.506068],[-77.455293,47.509601]]]}},{"type":"Feature","properties":{"name":"Lac Saint-Jean","name_en":"Saint-Jean","scalerank":4,"min_zoom":4},"geometry":{"type":"Polygon","coordinates":[[[-71.939792,48.432432],[-71.9707,48.430077],[-72.001461,48.431549],[-72.028837,48.437731],[-72.103753,48.480414],[-72.131865,48.486301],[-72.128332,48.480414],[-72.121709,48.464518],[-72.118177,48.458336],[-72.165275,48.472466],[-72.203248,48.506612],[-72.213109,48.520447],[-72.21414,48.551061],[-72.219144,48.581675],[-72.241368,48.59551],[-72.270363,48.597865],[-72.29509,48.60493],[-72.31702,48.615527],[-72.337184,48.629656],[-72.361174,48.651439],[-72.371624,48.664686],[-72.367945,48.670573],[-72.351313,48.668218],[-72.321288,48.65821],[-72.303038,48.657621],[-72.323496,48.694711],[-72.328647,48.711784],[-72.330413,48.73651],[-72.320405,48.748285],[-72.296709,48.748285],[-72.245048,48.739454],[-72.220027,48.741515],[-72.173959,48.750934],[-72.117441,48.752995],[-72.105372,48.755939],[-72.093892,48.763592],[-72.084178,48.772717],[-72.074611,48.779193],[-72.066958,48.778605],[-72.062836,48.767419],[-72.039287,48.72974],[-72.006907,48.70413],[-71.96496,48.689412],[-71.912122,48.684997],[-71.875179,48.686174],[-71.863699,48.684997],[-71.855898,48.680876],[-71.837353,48.667335],[-71.807034,48.658798],[-71.790255,48.645258],[-71.761849,48.615821],[-71.785987,48.599042],[-71.789225,48.59551],[-71.784957,48.588445],[-71.777892,48.589034],[-71.76965,48.591095],[-71.761849,48.58874],[-71.749486,48.580497],[-71.74875,48.576671],[-71.75449,48.568134],[-71.761408,48.562836],[-71.77068,48.558715],[-71.789225,48.554593],[-71.77436,48.533694],[-71.771857,48.522802],[-71.782013,48.504846],[-71.786428,48.491894],[-71.789225,48.486301],[-71.789519,48.483357],[-71.788489,48.475115],[-71.789225,48.472466],[-71.795995,48.469228],[-71.799969,48.470405],[-71.803502,48.47276],[-71.809095,48.472466],[-71.939792,48.432432]]]}},{"type":"Feature","properties":{"name":"Lake Péribonca","name_en":"Péribonca","scalerank":7,"min_zoom":5.7},"geometry":{"type":"Polygon","coordinates":[[[-71.16061,50.104126],[-71.150896,50.09294],[-71.138091,50.082638],[-71.14913,50.072629],[-71.171649,50.056439],[-71.179744,50.048491],[-71.193432,50.02347],[-71.202704,50.013756],[-71.214479,50.043193],[-71.232141,50.064093],[-71.252305,50.07469],[-71.267759,50.062327],[-71.263932,50.042604],[-71.218306,50.019349],[-71.206973,49.996683],[-71.211094,49.98432],[-71.229492,49.972545],[-71.233613,49.962831],[-71.236115,49.950174],[-71.242591,49.936339],[-71.251422,49.924564],[-71.261577,49.918088],[-71.273205,49.950468],[-71.274529,49.962831],[-71.269819,49.976961],[-71.24995,49.999333],[-71.247889,50.014345],[-71.265698,50.030535],[-71.329575,50.049374],[-71.343558,50.072041],[-71.333844,50.087936],[-71.291602,50.12326],[-71.282036,50.140627],[-71.280564,50.154462],[-71.274824,50.180367],[-71.275265,50.203033],[-71.275118,50.20421],[-71.278356,50.204799],[-71.288953,50.212452],[-71.296165,50.215985],[-71.303083,50.216279],[-71.309706,50.218045],[-71.316182,50.225993],[-71.306468,50.235413],[-71.294399,50.238651],[-71.281152,50.235413],[-71.267759,50.225993],[-71.262902,50.239239],[-71.265551,50.248953],[-71.270997,50.257196],[-71.274529,50.267498],[-71.273793,50.282511],[-71.268642,50.281333],[-71.261283,50.269853],[-71.254071,50.253958],[-71.225665,50.222166],[-71.220661,50.212452],[-71.221397,50.192141],[-71.231258,50.182133],[-71.242591,50.172713],[-71.247889,50.154757],[-71.242444,50.135623],[-71.228461,50.124143],[-71.209475,50.118844],[-71.189311,50.117373],[-71.171796,50.113546],[-71.16061,50.104126]]]}},{"type":"Feature","properties":{"name":"Lake Mead","name_en":"Mead","scalerank":4,"min_zoom":4},"geometry":{"type":"Polygon","coordinates":[[[-113.651042,35.871032],[-113.637501,35.858669],[-113.631614,35.842773],[-113.635588,35.830704],[-113.646921,35.835414],[-113.662375,35.845422],[-113.678712,35.849543],[-113.678712,35.855725],[-113.673561,35.858669],[-113.670911,35.861907],[-113.668998,35.866028],[-113.665613,35.870149],[-113.684158,35.877214],[-113.699318,35.880452],[-113.709767,35.888105],[-113.71536,35.924312],[-113.720512,35.941091],[-113.728165,35.954043],[-113.737732,35.959636],[-113.755541,35.963757],[-113.762606,35.974648],[-113.768052,36.006734],[-113.777471,36.025867],[-113.788657,36.036465],[-113.803522,36.042941],[-113.855772,36.056776],[-113.871373,36.063252],[-113.877997,36.071788],[-113.883442,36.082385],[-113.90861,36.110939],[-113.915822,36.116532],[-113.920827,36.122713],[-113.926125,36.127717],[-113.932601,36.130955],[-113.942757,36.129189],[-113.951293,36.123302],[-113.96086,36.118887],[-113.974254,36.123302],[-113.980582,36.135665],[-113.980582,36.152444],[-113.982496,36.168045],[-113.994712,36.178054],[-113.995153,36.196599],[-114.017525,36.19807],[-114.044018,36.190417],[-114.056823,36.181586],[-114.057559,36.175404],[-114.063152,36.154505],[-114.083463,36.113294],[-114.086259,36.095337],[-114.102302,36.055598],[-114.11599,36.030283],[-114.116137,36.026456],[-114.118934,36.024984],[-114.131886,36.020863],[-114.143071,36.019391],[-114.179573,36.020863],[-114.207096,36.014387],[-114.217546,36.013504],[-114.227407,36.014682],[-114.26744,36.02469],[-114.319396,36.044118],[-114.330434,36.051772],[-114.327785,36.083563],[-114.329404,36.099164],[-114.337352,36.116532],[-114.35575,36.13331],[-114.35781,36.137137],[-114.365905,36.132722],[-114.372087,36.124479],[-114.376355,36.114177],[-114.378857,36.10358],[-114.383125,36.109467],[-114.389013,36.113588],[-114.396666,36.116237],[-114.406233,36.116532],[-114.396372,36.100636],[-114.393723,36.087684],[-114.399904,36.078853],[-114.416094,36.075615],[-114.429046,36.070316],[-114.437436,36.060602],[-114.446267,36.05501],[-114.460838,36.062074],[-114.451418,36.077676],[-114.460102,36.086506],[-114.488213,36.096221],[-114.496603,36.106818],[-114.507494,36.132427],[-114.516031,36.144496],[-114.530602,36.153622],[-114.543554,36.153622],[-114.570635,36.144496],[-114.629067,36.137137],[-114.644668,36.128306],[-114.683524,36.090333],[-114.704129,36.081797],[-114.707073,36.048534],[-114.717229,36.025279],[-114.741367,36.013504],[-114.732388,36.034404],[-114.72709,36.04088],[-114.739895,36.039703],[-114.749756,36.037936],[-114.758881,36.033815],[-114.769331,36.027045],[-114.797737,36.045884],[-114.806863,36.048239],[-114.816282,36.052066],[-114.813486,36.061486],[-114.806421,36.072671],[-114.803477,36.081797],[-114.81275,36.097987],[-114.844541,36.120653],[-114.858671,36.137137],[-114.743869,36.130072],[-114.713991,36.137137],[-114.721203,36.153916],[-114.714727,36.154799],[-114.701922,36.148617],[-114.690147,36.144496],[-114.675135,36.147734],[-114.645109,36.165102],[-114.58712,36.165102],[-114.544584,36.171578],[-114.457011,36.171872],[-114.433462,36.226329],[-114.420068,36.248701],[-114.414622,36.262242],[-114.412415,36.277843],[-114.416683,36.29315],[-114.425072,36.30257],[-114.430518,36.310518],[-114.426103,36.322587],[-114.431401,36.351434],[-114.39593,36.393234],[-114.370468,36.437683],[-114.406233,36.473595],[-114.405791,36.482132],[-114.410943,36.494201],[-114.41212,36.505975],[-114.399315,36.514512],[-114.391073,36.509508],[-114.36149,36.479777],[-114.352659,36.481249],[-114.351187,36.485664],[-114.352364,36.492435],[-114.350893,36.500677],[-114.346036,36.520399],[-114.344122,36.52452],[-114.342356,36.557783],[-114.337352,36.589575],[-114.3322,36.579861],[-114.324253,36.568969],[-114.330287,36.528347],[-114.331023,36.50833],[-114.324253,36.493318],[-114.336322,36.478011],[-114.3322,36.463587],[-114.322339,36.449457],[-114.316746,36.435622],[-114.318512,36.416783],[-114.324105,36.405303],[-114.350893,36.377338],[-114.363992,36.352612],[-114.372675,36.319937],[-114.381212,36.23987],[-114.385775,36.228096],[-114.388424,36.216321],[-114.385186,36.199248],[-114.376061,36.185707],[-114.349715,36.161864],[-114.336763,36.143319],[-114.289518,36.10358],[-114.288635,36.100047],[-114.289518,36.085623],[-114.287751,36.079736],[-114.283778,36.07797],[-114.278921,36.077381],[-114.275241,36.075615],[-114.268029,36.070316],[-114.260376,36.067373],[-114.253311,36.063546],[-114.255371,36.062074],[-114.261553,36.05501],[-114.241389,36.04088],[-114.232117,36.037053],[-114.220636,36.034698],[-114.204446,36.033815],[-114.179131,36.039114],[-114.162647,36.04088],[-114.151314,36.045001],[-114.147634,36.055304],[-114.146162,36.081797],[-114.141305,36.093277],[-114.127765,36.116826],[-114.117903,36.146851],[-114.101125,36.166574],[-114.063593,36.199248],[-114.022677,36.223091],[-114.021793,36.23781],[-114.01885,36.249879],[-114.012521,36.259593],[-114.001482,36.26754],[-113.984704,36.236338],[-113.981024,36.226329],[-113.980288,36.220737],[-113.981024,36.202486],[-113.978816,36.194244],[-113.974254,36.18924],[-113.969397,36.185413],[-113.967336,36.181586],[-113.965128,36.172461],[-113.9588,36.160098],[-113.948938,36.149206],[-113.935986,36.144496],[-113.918766,36.142436],[-113.910818,36.136843],[-113.906108,36.128012],[-113.898455,36.116532],[-113.882559,36.099164],[-113.864897,36.083563],[-113.84282,36.072377],[-113.813531,36.067962],[-113.790423,36.06178],[-113.767757,36.045296],[-113.754952,36.023218],[-113.76187,35.999963],[-113.716096,35.963757],[-113.706677,35.952571],[-113.690045,35.906061],[-113.678712,35.890166],[-113.651042,35.871032]]]}},{"type":"Feature","properties":{"name":"Lake Powell","name_en":"Powell","scalerank":4,"min_zoom":4},"geometry":{"type":"Polygon","coordinates":[[[-110.41024,37.910681],[-110.380804,37.91333],[-110.362995,37.905088],[-110.376682,37.884188],[-110.391989,37.865643],[-110.392725,37.846804],[-110.3836,37.812658],[-110.382423,37.800883],[-110.400232,37.802355],[-110.426577,37.808831],[-110.438205,37.809125],[-110.429226,37.79794],[-110.420248,37.791464],[-110.413625,37.782633],[-110.410829,37.764676],[-110.415391,37.72111],[-110.417599,37.713457],[-110.43011,37.709336],[-110.447624,37.706392],[-110.459693,37.700799],[-110.455572,37.689319],[-110.44733,37.677545],[-110.445416,37.665181],[-110.45204,37.655467],[-110.493987,37.645459],[-110.520479,37.630152],[-110.545206,37.611018],[-110.621888,37.537722],[-110.644259,37.521826],[-110.630424,37.501809],[-110.638372,37.488857],[-110.658536,37.482087],[-110.681497,37.480321],[-110.700189,37.474433],[-110.687825,37.461776],[-110.650441,37.43911],[-110.696068,37.407907],[-110.705046,37.398193],[-110.710786,37.379354],[-110.712699,37.363752],[-110.715937,37.349623],[-110.726093,37.336082],[-110.743166,37.324308],[-110.75862,37.319303],[-110.775251,37.316065],[-110.794974,37.309589],[-110.809103,37.30017],[-110.819995,37.286629],[-110.836038,37.254249],[-110.828531,37.247479],[-110.848548,37.228345],[-110.856938,37.218042],[-110.862678,37.206562],[-110.84634,37.204501],[-110.821319,37.190078],[-110.808073,37.185368],[-110.795563,37.185662],[-110.761564,37.191255],[-110.690033,37.195376],[-110.669575,37.205385],[-110.6578,37.227756],[-110.641757,37.213332],[-110.643376,37.194787],[-110.658242,37.179186],[-110.681497,37.172416],[-110.873275,37.178597],[-110.896382,37.171827],[-110.916693,37.155931],[-110.934944,37.137681],[-110.952017,37.123846],[-110.971004,37.115898],[-111.016777,37.105006],[-111.037677,37.103535],[-111.062992,37.105006],[-111.076533,37.104123],[-111.085806,37.099708],[-111.087866,37.094998],[-111.08978,37.08499],[-111.092576,37.082929],[-111.09861,37.08499],[-111.105528,37.089111],[-111.110385,37.093526],[-111.109796,37.095881],[-111.166756,37.087639],[-111.170141,37.082046],[-111.171171,37.065856],[-111.161899,37.047605],[-111.132904,37.020229],[-111.143795,37.014048],[-111.157042,37.018169],[-111.186037,37.039069],[-111.199136,37.042012],[-111.211646,37.034359],[-111.216945,37.02229],[-111.216503,37.007572],[-111.212088,36.993442],[-111.223274,36.996975],[-111.236962,37.004039],[-111.248736,37.013459],[-111.25374,37.024645],[-111.256684,37.041129],[-111.263602,37.03848],[-111.277584,37.017875],[-111.292891,37.01081],[-111.363538,37.007866],[-111.385468,37.000213],[-111.393122,36.995503],[-111.374724,36.988144],[-111.371192,36.976369],[-111.375607,36.964889],[-111.387235,36.959296],[-111.407693,36.956941],[-111.458912,36.94134],[-111.473483,36.932215],[-111.489673,36.970776],[-111.507629,36.997858],[-111.555464,37.048783],[-111.532798,37.051432],[-111.441839,37.035242],[-111.426679,37.04525],[-111.434038,37.068211],[-111.459207,37.110305],[-111.437276,37.099119],[-111.363538,37.030238],[-111.350881,37.022879],[-111.3394,37.024645],[-111.314527,37.032887],[-111.305696,37.039952],[-111.326596,37.076453],[-111.327331,37.102063],[-111.314232,37.118253],[-111.276554,37.112071],[-111.268606,37.118547],[-111.265073,37.130322],[-111.266692,37.144451],[-111.273021,37.153282],[-111.308345,37.172416],[-111.284501,37.171827],[-111.266545,37.168883],[-111.251533,37.161524],[-111.236667,37.148278],[-111.229897,37.134443],[-111.218711,37.098236],[-111.212088,37.089699],[-111.198106,37.092937],[-111.186773,37.105301],[-111.167786,37.133854],[-111.16602,37.144157],[-111.182063,37.170061],[-111.184859,37.185368],[-111.115978,37.155343],[-111.118922,37.126495],[-111.11274,37.123846],[-110.994406,37.12885],[-110.965705,37.137681],[-110.949074,37.150927],[-110.900798,37.202735],[-110.886227,37.23276],[-110.86724,37.255426],[-110.862678,37.26779],[-110.866504,37.28604],[-110.876218,37.300464],[-110.887993,37.314005],[-110.897413,37.329312],[-110.848695,37.307235],[-110.839129,37.306057],[-110.830739,37.321953],[-110.840012,37.328134],[-110.855024,37.333433],[-110.862678,37.346679],[-110.848695,37.353744],[-110.780109,37.342853],[-110.754057,37.343736],[-110.741694,37.352567],[-110.738014,37.362575],[-110.739781,37.387596],[-110.734335,37.403197],[-110.722413,37.412323],[-110.710491,37.419387],[-110.705046,37.428513],[-110.710639,37.440287],[-110.746551,37.472667],[-110.780697,37.521826],[-110.773927,37.528008],[-110.757737,37.51535],[-110.750819,37.511229],[-110.739781,37.507991],[-110.756265,37.538605],[-110.760239,37.549202],[-110.761269,37.564803],[-110.756265,37.571574],[-110.749789,37.571279],[-110.739339,37.554206],[-110.698864,37.507991],[-110.671783,37.502987],[-110.660744,37.515644],[-110.65574,37.533012],[-110.639697,37.550379],[-110.603196,37.604248],[-110.570963,37.632213],[-110.549769,37.645753],[-110.506497,37.657528],[-110.497372,37.67254],[-110.493692,37.692557],[-110.486627,37.713457],[-110.474411,37.727292],[-110.460871,37.737889],[-110.449538,37.751136],[-110.444975,37.771152],[-110.450421,37.772624],[-110.462195,37.781455],[-110.47294,37.791464],[-110.475736,37.796173],[-110.480887,37.801472],[-110.478974,37.812952],[-110.472351,37.829731],[-110.464109,37.835618],[-110.440412,37.845627],[-110.431287,37.850631],[-110.420101,37.863288],[-110.413772,37.877418],[-110.416274,37.890075],[-110.431287,37.898612],[-110.41024,37.910681]]]}},{"type":"Feature","properties":{"name":"Fort Peck Lake","name_en":"Fort Peck","scalerank":5,"min_zoom":4.7},"geometry":{"type":"Polygon","coordinates":[[[-106.22556,47.617044],[-106.220261,47.605564],[-106.201863,47.578188],[-106.2104,47.568768],[-106.228209,47.564058],[-106.237923,47.550223],[-106.245871,47.535505],[-106.26471,47.521964],[-106.287229,47.511661],[-106.306215,47.506068],[-106.30283,47.516371],[-106.297532,47.527263],[-106.285021,47.546396],[-106.275749,47.554344],[-106.244104,47.574361],[-106.239836,47.589079],[-106.244988,47.596438],[-106.253083,47.601737],[-106.257792,47.609096],[-106.255585,47.622342],[-106.241308,47.640887],[-106.237923,47.650012],[-106.246018,47.668263],[-106.264416,47.677094],[-106.284874,47.684159],[-106.298709,47.697405],[-106.296796,47.701232],[-106.282077,47.70653],[-106.278987,47.710946],[-106.282077,47.716833],[-106.288259,47.720071],[-106.294735,47.722426],[-106.298709,47.724781],[-106.309012,47.74362],[-106.31696,47.748036],[-106.333591,47.74627],[-106.308717,47.774823],[-106.331383,47.785714],[-106.360378,47.795134],[-106.354049,47.820744],[-106.415866,47.860188],[-106.429701,47.875495],[-106.426316,47.879911],[-106.419104,47.886976],[-106.416307,47.893746],[-106.426022,47.89669],[-106.429701,47.89875],[-106.434117,47.90346],[-106.439562,47.90817],[-106.44648,47.91023],[-106.463406,47.908759],[-106.467968,47.90346],[-106.470176,47.89404],[-106.487544,47.867253],[-106.487102,47.843998],[-106.490487,47.834579],[-106.50447,47.826042],[-106.519629,47.825748],[-106.533023,47.82722],[-106.542295,47.82457],[-106.556278,47.798372],[-106.55613,47.771879],[-106.545828,47.718305],[-106.557749,47.725075],[-106.600432,47.759516],[-106.59896,47.762754],[-106.5969,47.769819],[-106.597489,47.776589],[-106.624129,47.787481],[-106.63605,47.789247],[-106.641349,47.783654],[-106.711113,47.731846],[-106.712438,47.72272],[-106.70346,47.704175],[-106.726273,47.70918],[-106.734515,47.708885],[-106.737606,47.700643],[-106.739814,47.691223],[-106.745407,47.691518],[-106.752177,47.697405],[-106.758064,47.704175],[-106.75983,47.713006],[-106.758064,47.724781],[-106.759095,47.734789],[-106.768514,47.73891],[-106.820028,47.73891],[-106.844313,47.733023],[-106.846373,47.718599],[-106.838426,47.69976],[-106.833127,47.680626],[-106.836807,47.66061],[-106.846521,47.63971],[-106.859914,47.621165],[-106.87478,47.609096],[-106.872425,47.633528],[-106.865654,47.655605],[-106.863447,47.673267],[-106.87478,47.68357],[-106.895532,47.684453],[-106.92335,47.679449],[-106.970301,47.663848],[-106.969712,47.645891],[-106.987963,47.632939],[-107.033,47.616161],[-107.039182,47.622342],[-107.018724,47.634411],[-107.01004,47.642065],[-107.005183,47.650012],[-107.005036,47.659432],[-107.00901,47.669146],[-107.017105,47.673267],[-107.029321,47.667086],[-107.052723,47.659432],[-107.142357,47.670618],[-107.240969,47.670618],[-107.265695,47.673562],[-107.371225,47.699171],[-107.381822,47.697405],[-107.392125,47.689163],[-107.393596,47.680332],[-107.393596,47.670618],[-107.398895,47.660021],[-107.406107,47.650601],[-107.414055,47.633528],[-107.419648,47.62558],[-107.428626,47.624697],[-107.47749,47.629113],[-107.511931,47.647069],[-107.525324,47.650012],[-107.538718,47.649718],[-107.561237,47.644125],[-107.624231,47.638827],[-107.649104,47.632645],[-107.669857,47.622342],[-107.692229,47.601737],[-107.707389,47.583192],[-107.724167,47.567002],[-107.751838,47.55405],[-107.806442,47.53786],[-107.821602,47.52167],[-107.8269,47.488701],[-107.831021,47.474866],[-107.840736,47.467212],[-107.861635,47.457793],[-107.878267,47.444546],[-107.880916,47.436599],[-107.881505,47.420114],[-107.888717,47.400097],[-107.906673,47.378903],[-107.929045,47.362124],[-107.950386,47.355354],[-107.920508,47.39215],[-107.91624,47.406279],[-107.91624,47.464563],[-107.911824,47.47516],[-107.904465,47.487523],[-107.900491,47.501064],[-107.929928,47.571123],[-107.967459,47.595555],[-108.204275,47.601737],[-108.192353,47.607918],[-108.178518,47.609979],[-108.009406,47.616161],[-107.997043,47.613806],[-107.972611,47.604092],[-107.940231,47.598499],[-107.922127,47.589668],[-107.907262,47.576716],[-107.895782,47.56082],[-107.881505,47.519904],[-107.879297,47.492233],[-107.875323,47.477221],[-107.86973,47.472805],[-107.85825,47.471333],[-107.847947,47.476632],[-107.847947,47.488112],[-107.854865,47.509306],[-107.850302,47.532267],[-107.838233,47.548457],[-107.819688,47.557877],[-107.796434,47.56082],[-107.777447,47.56553],[-107.726817,47.590257],[-107.71151,47.601737],[-107.705475,47.611451],[-107.696203,47.633528],[-107.689727,47.642653],[-107.680013,47.649718],[-107.670299,47.654722],[-107.661762,47.660315],[-107.656169,47.670618],[-107.676186,47.670029],[-107.700765,47.673267],[-107.723431,47.680038],[-107.73815,47.691223],[-107.722695,47.697405],[-107.709449,47.69505],[-107.683545,47.68357],[-107.668385,47.682098],[-107.621434,47.68357],[-107.554761,47.677388],[-107.519879,47.667969],[-107.484113,47.647363],[-107.469248,47.644125],[-107.439812,47.642653],[-107.433188,47.649129],[-107.422886,47.691223],[-107.40596,47.708297],[-107.333399,47.752451],[-107.327217,47.74627],[-107.345909,47.728313],[-107.34429,47.717716],[-107.328836,47.712418],[-107.289097,47.708885],[-107.242293,47.696228],[-107.227869,47.687397],[-107.212562,47.681509],[-107.189308,47.682687],[-107.126019,47.696228],[-107.10821,47.696816],[-107.074064,47.691223],[-107.057285,47.690635],[-107.020931,47.695933],[-106.933064,47.697405],[-106.919523,47.700643],[-106.907454,47.711535],[-106.899653,47.722132],[-106.900684,47.733318],[-106.915696,47.74627],[-106.933064,47.75304],[-106.955877,47.757455],[-106.998265,47.759516],[-106.980309,47.771291],[-106.962647,47.777178],[-106.944102,47.777472],[-106.891558,47.762754],[-106.879489,47.766286],[-106.888468,47.787481],[-106.882139,47.793662],[-106.866979,47.783948],[-106.852555,47.780121],[-106.823266,47.779827],[-106.816496,47.782182],[-106.81002,47.786303],[-106.803249,47.788069],[-106.795596,47.783654],[-106.787648,47.777472],[-106.778375,47.773645],[-106.76822,47.772468],[-106.758064,47.773057],[-106.769839,47.791602],[-106.772194,47.798078],[-106.751294,47.801021],[-106.70346,47.813973],[-106.714793,47.832224],[-106.695512,47.834284],[-106.664751,47.831341],[-106.641349,47.834579],[-106.648119,47.841938],[-106.629133,47.847531],[-106.621479,47.84812],[-106.620596,47.8596],[-106.607203,47.863132],[-106.588805,47.86431],[-106.573056,47.869314],[-106.578355,47.874907],[-106.583654,47.885209],[-106.586744,47.889625],[-106.563637,47.895218],[-106.549802,47.914351],[-106.554806,47.934663],[-106.587333,47.944377],[-106.622951,47.944377],[-106.639877,47.949086],[-106.638258,47.96145],[-106.626925,47.965865],[-106.573056,47.971752],[-106.559074,47.976757],[-106.536555,47.988237],[-106.525369,47.992064],[-106.515803,47.992064],[-106.500201,47.986176],[-106.490487,47.985293],[-106.484894,47.988237],[-106.48092,47.992652],[-106.475916,47.997068],[-106.448835,48.002366],[-106.419693,48.01679],[-106.408654,48.020028],[-106.375538,48.022089],[-106.36082,48.02621],[-106.346543,48.033863],[-106.338301,48.020911],[-106.341833,47.991181],[-106.321081,47.980583],[-106.285021,47.951147],[-106.301358,47.948203],[-106.343305,47.960861],[-106.363911,47.964982],[-106.372889,47.955857],[-106.368179,47.934957],[-106.354049,47.899928],[-106.355374,47.881383],[-106.353461,47.873729],[-106.346543,47.862543],[-106.340067,47.857245],[-106.33315,47.856656],[-106.326379,47.857245],[-106.319903,47.855184],[-106.318284,47.850769],[-106.318726,47.845176],[-106.31799,47.838994],[-106.312986,47.834579],[-106.288553,47.830752],[-106.237628,47.834873],[-106.216729,47.828397],[-106.231005,47.818978],[-106.263091,47.812207],[-106.278987,47.807203],[-106.270744,47.787481],[-106.267065,47.770702],[-106.257057,47.760105],[-106.230417,47.759516],[-106.230711,47.754806],[-106.232183,47.751862],[-106.237923,47.74627],[-106.230417,47.73891],[-106.24381,47.740677],[-106.247048,47.742148],[-106.251611,47.74627],[-106.253818,47.729785],[-106.244693,47.711535],[-106.223646,47.68357],[-106.211283,47.65325],[-106.209958,47.642653],[-106.213932,47.634117],[-106.221291,47.626169],[-106.22556,47.617044]]]}},{"type":"Feature","properties":{"name":"Lake Sakakawea","name_en":"Sakakawea","scalerank":5,"min_zoom":4.7},"geometry":{"type":"Polygon","coordinates":[[[-102.100193,47.544336],[-102.091068,47.56082],[-102.157594,47.56553],[-102.192182,47.572006],[-102.241635,47.597321],[-102.27431,47.604975],[-102.305218,47.604975],[-102.32391,47.595555],[-102.317581,47.581131],[-102.373363,47.590845],[-102.396913,47.586135],[-102.423847,47.564058],[-102.430028,47.539332],[-102.434591,47.530501],[-102.441214,47.540215],[-102.442686,47.555227],[-102.436063,47.575244],[-102.441214,47.588196],[-102.421345,47.594672],[-102.41325,47.595555],[-102.418401,47.600559],[-102.426938,47.616161],[-102.372333,47.616161],[-102.360559,47.61881],[-102.337451,47.627346],[-102.32759,47.629113],[-102.30198,47.630584],[-102.296093,47.636472],[-102.298301,47.649129],[-102.297123,47.670618],[-102.293149,47.677977],[-102.279756,47.693873],[-102.276076,47.704175],[-102.278284,47.716833],[-102.285643,47.727136],[-102.293591,47.735378],[-102.305954,47.759516],[-102.326854,47.767464],[-102.351728,47.768641],[-102.418401,47.761282],[-102.503472,47.784537],[-102.60076,47.798078],[-102.624898,47.804848],[-102.64359,47.817506],[-102.654628,47.835756],[-102.657719,47.855184],[-102.652126,47.934074],[-102.646828,47.949381],[-102.632993,47.964982],[-102.617833,47.971752],[-102.596491,47.979112],[-102.578094,47.987648],[-102.57147,47.998834],[-102.580596,48.007665],[-102.598258,48.01002],[-102.618127,48.010314],[-102.632993,48.012669],[-102.752357,48.096857],[-102.818,48.122467],[-102.861272,48.13012],[-102.996091,48.136302],[-103.043189,48.147194],[-103.088521,48.149843],[-103.131793,48.142778],[-103.17477,48.129826],[-103.192432,48.115697],[-103.216864,48.076546],[-103.232465,48.057707],[-103.250863,48.049465],[-103.343882,48.045344],[-103.388478,48.038279],[-103.403785,48.030037],[-103.418503,48.018262],[-103.438373,48.007371],[-103.460744,47.999717],[-103.482675,47.998834],[-103.500925,48.007076],[-103.519912,48.021794],[-103.547876,48.050348],[-103.558768,48.071248],[-103.569365,48.115697],[-103.578343,48.129826],[-103.74878,48.034746],[-103.77071,48.02621],[-103.775273,48.050053],[-103.789549,48.063005],[-103.804709,48.072131],[-103.811627,48.085377],[-103.800293,48.090676],[-103.729793,48.108337],[-103.707569,48.117757],[-103.662973,48.143661],[-103.643839,48.160146],[-103.635597,48.161912],[-103.59571,48.156613],[-103.580109,48.158379],[-103.573192,48.161323],[-103.566274,48.162206],[-103.550967,48.156613],[-103.534188,48.144839],[-103.523886,48.12806],[-103.518881,48.107749],[-103.51741,48.085377],[-103.510639,48.0633],[-103.493419,48.050936],[-103.471047,48.045932],[-103.448528,48.046815],[-103.407612,48.054174],[-103.3795,48.071836],[-103.363604,48.07684],[-103.345207,48.086849],[-103.334904,48.088909],[-103.286187,48.081256],[-103.270438,48.08155],[-103.24056,48.099212],[-103.201998,48.158379],[-103.16432,48.171037],[-103.154017,48.171626],[-103.126347,48.177219],[-103.085136,48.177219],[-102.996091,48.190759],[-102.711146,48.133653],[-102.673173,48.114813],[-102.594284,48.048876],[-102.577799,48.040634],[-102.533939,48.032686],[-102.528935,48.025915],[-102.543653,48.005899],[-102.595167,47.954679],[-102.605028,47.938195],[-102.607089,47.926126],[-102.603851,47.907581],[-102.605028,47.89669],[-102.627105,47.871669],[-102.632993,47.862543],[-102.607236,47.831635],[-102.572059,47.819566],[-102.482131,47.807203],[-102.435474,47.79219],[-102.410895,47.792485],[-102.400151,47.810735],[-102.392939,47.816623],[-102.37822,47.820744],[-102.366887,47.826631],[-102.369095,47.838111],[-102.413397,47.879322],[-102.420462,47.901988],[-102.426938,47.944377],[-102.426496,47.969398],[-102.418254,47.976462],[-102.376013,47.971752],[-102.367035,47.967926],[-102.353935,47.94997],[-102.345546,47.944377],[-102.332005,47.943199],[-102.325529,47.946732],[-102.322144,47.952619],[-102.317581,47.958212],[-102.282994,47.98235],[-102.267245,47.984999],[-102.24193,47.979112],[-102.24193,47.971752],[-102.259003,47.965865],[-102.276959,47.956151],[-102.284171,47.945554],[-102.269306,47.938195],[-102.275046,47.927304],[-102.28476,47.920533],[-102.296976,47.917295],[-102.310811,47.917001],[-102.297565,47.911113],[-102.291677,47.900516],[-102.290206,47.886976],[-102.290353,47.872257],[-102.286084,47.864604],[-102.267392,47.845176],[-102.263124,47.838111],[-102.259739,47.825454],[-102.245315,47.800138],[-102.24193,47.787481],[-102.245609,47.772762],[-102.251791,47.761576],[-102.253116,47.751274],[-102.24193,47.73891],[-102.226329,47.751274],[-102.211757,47.750685],[-102.187325,47.73891],[-102.16775,47.737733],[-102.126686,47.74156],[-102.105345,47.73891],[-102.105345,47.73214],[-102.125214,47.724192],[-102.213965,47.724781],[-102.213965,47.718305],[-102.211316,47.712418],[-102.206017,47.684159],[-102.202485,47.681509],[-102.199836,47.678566],[-102.201013,47.670618],[-102.205281,47.665319],[-102.211905,47.663848],[-102.218969,47.662965],[-102.224857,47.660021],[-102.235307,47.638532],[-102.220294,47.630584],[-102.173049,47.629113],[-102.126981,47.61881],[-102.104609,47.609979],[-102.079146,47.593495],[-102.067225,47.590257],[-102.02984,47.586135],[-102.018213,47.580837],[-101.995547,47.567591],[-101.970379,47.559054],[-101.949038,47.557582],[-101.909887,47.56082],[-101.898407,47.559643],[-101.875299,47.554933],[-101.862053,47.55405],[-101.846893,47.555816],[-101.822902,47.564647],[-101.811128,47.567591],[-101.76035,47.564058],[-101.702066,47.553461],[-101.645254,47.549929],[-101.598303,47.567591],[-101.589325,47.577893],[-101.592857,47.584075],[-101.602571,47.592317],[-101.611991,47.609096],[-101.599922,47.606741],[-101.579463,47.597616],[-101.567542,47.595555],[-101.517794,47.601737],[-101.47938,47.592317],[-101.41771,47.609096],[-101.392248,47.601737],[-101.362811,47.617927],[-101.334111,47.62352],[-101.265966,47.622342],[-101.236235,47.632351],[-101.208417,47.651779],[-101.181041,47.665025],[-101.152635,47.656489],[-101.166323,47.646186],[-101.155137,47.629996],[-101.115104,47.598793],[-101.105243,47.577599],[-101.124376,47.567885],[-101.155285,47.56553],[-101.1806,47.567591],[-101.226226,47.580543],[-101.252278,47.583192],[-101.249923,47.55405],[-101.27303,47.545219],[-101.340145,47.538448],[-101.345297,47.536682],[-101.371642,47.501947],[-101.382092,47.496649],[-101.395927,47.50283],[-101.414619,47.516371],[-101.439788,47.530501],[-101.46628,47.541686],[-101.488358,47.546396],[-101.506167,47.543453],[-101.564304,47.525202],[-101.591679,47.511367],[-101.618025,47.513133],[-101.629064,47.509306],[-101.637306,47.504597],[-101.673365,47.491939],[-101.690291,47.491645],[-101.720464,47.498709],[-101.734888,47.499298],[-101.744307,47.496649],[-101.762852,47.485757],[-101.793908,47.477515],[-101.800384,47.474866],[-101.827024,47.473688],[-101.86794,47.481342],[-101.898113,47.479576],[-101.893108,47.451022],[-101.91651,47.454555],[-101.939471,47.466918],[-101.952864,47.484874],[-101.947713,47.506068],[-101.989218,47.517549],[-102.051918,47.543158],[-102.064428,47.546102],[-102.074289,47.543453],[-102.081649,47.537565],[-102.088566,47.534327],[-102.096072,47.534916],[-102.105345,47.540215],[-102.100193,47.544336]]]}},{"type":"Feature","properties":{"name":"Lake Oahe","name_en":"Oahe","scalerank":5,"min_zoom":4.7},"geometry":{"type":"Polygon","coordinates":[[[-100.25247,45.053132],[-100.264097,45.029289],[-100.279551,45.008389],[-100.296036,44.998086],[-100.315758,45.002796],[-100.339896,45.015454],[-100.365359,45.023401],[-100.388613,45.014865],[-100.39921,44.999852],[-100.406275,44.981013],[-100.408777,44.95923],[-100.405981,44.936564],[-100.401418,44.926261],[-100.388613,44.90595],[-100.384934,44.895059],[-100.381254,44.891232],[-100.379046,44.887111],[-100.378605,44.881224],[-100.381401,44.876514],[-100.390232,44.870626],[-100.392293,44.864445],[-100.400829,44.852965],[-100.438361,44.82971],[-100.456611,44.803511],[-100.52196,44.757885],[-100.539769,44.750231],[-100.56273,44.744344],[-100.586868,44.744344],[-100.608062,44.754647],[-100.642355,44.784378],[-100.663402,44.795564],[-100.68651,44.798802],[-100.673852,44.783495],[-100.628962,44.744933],[-100.614832,44.737279],[-100.595404,44.722267],[-100.600997,44.689004],[-100.624988,44.634252],[-100.620572,44.61188],[-100.605854,44.598634],[-100.585984,44.58892],[-100.566998,44.576557],[-100.544921,44.572436],[-100.497234,44.606582],[-100.474862,44.613647],[-100.48752,44.597456],[-100.491788,44.580678],[-100.485901,44.567137],[-100.467356,44.559778],[-100.473832,44.548003],[-100.485459,44.535934],[-100.536678,44.501494],[-100.550661,44.489425],[-100.546098,44.484126],[-100.479866,44.486187],[-100.44675,44.492369],[-100.420257,44.504437],[-100.399652,44.489425],[-100.389938,44.479711],[-100.384934,44.469702],[-100.385817,44.458517],[-100.391263,44.44527],[-100.399505,44.436734],[-100.409366,44.439089],[-100.429677,44.449097],[-100.459113,44.453218],[-100.490169,44.452924],[-100.51519,44.44998],[-100.546098,44.437028],[-100.556106,44.435556],[-100.566704,44.439383],[-100.58363,44.453218],[-100.593932,44.456162],[-100.611888,44.463815],[-100.659134,44.518861],[-100.622191,44.516801],[-100.6113,44.518861],[-100.600997,44.522982],[-100.582599,44.534168],[-100.570383,44.538584],[-100.570383,44.545354],[-100.593196,44.545354],[-100.622633,44.550064],[-100.648242,44.560367],[-100.659134,44.576557],[-100.665021,44.576851],[-100.676796,44.583033],[-100.685774,44.589803],[-100.683419,44.593335],[-100.67709,44.59834],[-100.674588,44.610114],[-100.672527,44.655446],[-100.673411,44.668398],[-100.676649,44.675757],[-100.681211,44.680762],[-100.68077,44.687238],[-100.669731,44.699895],[-100.667376,44.714908],[-100.68386,44.72992],[-100.707998,44.740517],[-100.728015,44.74405],[-100.737876,44.740517],[-100.748179,44.734041],[-100.758629,44.729332],[-100.769079,44.72992],[-100.772906,44.737868],[-100.771139,44.749937],[-100.773347,44.760534],[-100.789243,44.765244],[-100.866661,44.770248],[-100.891976,44.765244],[-100.92259,44.747582],[-100.932893,44.74405],[-100.944814,44.74611],[-100.952615,44.751703],[-100.961887,44.752881],[-100.99883,44.727271],[-101.021791,44.723444],[-101.109658,44.738457],[-101.132324,44.739929],[-101.148956,44.733453],[-101.163968,44.722856],[-101.183102,44.71373],[-101.221517,44.703133],[-101.206062,44.726682],[-101.187076,44.743167],[-101.138653,44.768188],[-101.107303,44.772014],[-101.039747,44.759357],[-100.973662,44.781728],[-100.967628,44.788793],[-100.970571,44.794386],[-100.976753,44.800862],[-100.981757,44.807044],[-100.981315,44.812931],[-100.97587,44.816463],[-100.961004,44.818818],[-100.941871,44.825294],[-100.925828,44.828238],[-100.91214,44.826472],[-100.906253,44.816758],[-100.899188,44.807632],[-100.882851,44.804983],[-100.850912,44.806161],[-100.869163,44.830004],[-100.875786,44.842367],[-100.878288,44.857969],[-100.869751,44.860029],[-100.820151,44.820585],[-100.779382,44.812637],[-100.759512,44.815286],[-100.748621,44.833537],[-100.753478,44.843545],[-100.781001,44.8668],[-100.789537,44.881224],[-100.779234,44.881518],[-100.772758,44.882695],[-100.768049,44.886522],[-100.76275,44.895059],[-100.747738,44.886228],[-100.732725,44.884167],[-100.717124,44.883873],[-100.700198,44.881224],[-100.690189,44.874159],[-100.678709,44.862679],[-100.666935,44.855025],[-100.633524,44.862384],[-100.612477,44.840013],[-100.584071,44.79262],[-100.557725,44.782906],[-100.543154,44.796447],[-100.536973,44.820585],[-100.535648,44.843545],[-100.547128,44.882695],[-100.546098,44.891526],[-100.534029,44.895942],[-100.522255,44.888288],[-100.512982,44.876514],[-100.508272,44.867683],[-100.49326,44.875925],[-100.483693,44.870038],[-100.474715,44.859735],[-100.461174,44.854731],[-100.453668,44.858852],[-100.426439,44.887994],[-100.438361,44.901535],[-100.446014,44.920668],[-100.453668,44.96394],[-100.454109,44.989255],[-100.453668,44.991021],[-100.457936,45.002207],[-100.471771,45.022224],[-100.474862,45.028406],[-100.471035,45.052543],[-100.460291,45.053427],[-100.443954,45.04489],[-100.423348,45.039003],[-100.414517,45.041063],[-100.399946,45.051072],[-100.388613,45.053132],[-100.3371,45.053132],[-100.346519,45.074032],[-100.349904,45.084923],[-100.351376,45.097287],[-100.351082,45.110828],[-100.349904,45.118481],[-100.325325,45.173527],[-100.322823,45.192366],[-100.3371,45.202964],[-100.3031,45.23917],[-100.310018,45.28097],[-100.337394,45.310995],[-100.364917,45.312761],[-100.38876,45.346908],[-100.40289,45.357505],[-100.484723,45.367219],[-100.506948,45.367513],[-100.515631,45.365747],[-100.595257,45.336605],[-100.614832,45.333956],[-100.662519,45.333956],[-100.675177,45.332189],[-100.699756,45.326302],[-100.714327,45.326302],[-100.680622,45.351617],[-100.618512,45.369574],[-100.477217,45.392828],[-100.46294,45.396949],[-100.450283,45.405486],[-100.437919,45.406369],[-100.395384,45.381643],[-100.369627,45.375461],[-100.347991,45.366041],[-100.326944,45.366041],[-100.302953,45.389002],[-100.310312,45.40372],[-100.322676,45.421676],[-100.336364,45.436689],[-100.36006,45.451701],[-100.372276,45.47054],[-100.387583,45.489674],[-100.409366,45.498211],[-100.435712,45.499094],[-100.454698,45.502921],[-100.470741,45.511163],[-100.487814,45.525587],[-100.508419,45.55414],[-100.520783,45.56562],[-100.535648,45.566503],[-100.533735,45.581221],[-100.537267,45.589464],[-100.546098,45.592996],[-100.559786,45.593879],[-100.570236,45.598589],[-100.579067,45.608892],[-100.590253,45.628025],[-100.606443,45.647453],[-100.621602,45.65805],[-100.64,45.660405],[-100.666051,45.655401],[-100.666051,45.66276],[-100.646771,45.673357],[-100.626901,45.677184],[-100.587162,45.676301],[-100.578037,45.672474],[-100.570825,45.663055],[-100.559786,45.645687],[-100.548306,45.638034],[-100.526228,45.632441],[-100.51519,45.628025],[-100.504446,45.618017],[-100.499147,45.609186],[-100.491788,45.605065],[-100.474862,45.608009],[-100.462499,45.615368],[-100.456023,45.624787],[-100.451018,45.635384],[-100.443071,45.645687],[-100.43895,45.653046],[-100.426439,45.686898],[-100.420257,45.690725],[-100.352995,45.690136],[-100.342987,45.693669],[-100.3371,45.703677],[-100.339896,45.715157],[-100.36006,45.737823],[-100.364917,45.748126],[-100.370216,45.767554],[-100.405981,45.819656],[-100.419227,45.862634],[-100.431443,45.876763],[-100.457494,45.881767],[-100.48178,45.880295],[-100.491052,45.883239],[-100.498264,45.902373],[-100.507242,45.907671],[-100.518722,45.911204],[-100.529467,45.915913],[-100.543154,45.928277],[-100.556401,45.946233],[-100.566409,45.967427],[-100.572444,45.99598],[-100.577595,46.005989],[-100.585101,46.01482],[-100.593932,46.018352],[-100.607473,46.020707],[-100.612919,46.027183],[-100.627048,46.073398],[-100.631316,46.080463],[-100.641325,46.086939],[-100.652805,46.090766],[-100.662078,46.097242],[-100.666051,46.111666],[-100.663991,46.117258],[-100.659428,46.119908],[-100.655013,46.121674],[-100.652952,46.124912],[-100.653983,46.130505],[-100.656043,46.134037],[-100.658251,46.136098],[-100.659134,46.138747],[-100.663255,46.143751],[-100.672086,46.150522],[-100.681358,46.159058],[-100.68651,46.16995],[-100.670467,46.16995],[-100.657221,46.177309],[-100.634996,46.200858],[-100.621308,46.207628],[-100.604677,46.210866],[-100.588487,46.216754],[-100.576712,46.231177],[-100.574799,46.246484],[-100.579803,46.258553],[-100.58672,46.269739],[-100.590253,46.282691],[-100.586132,46.295938],[-100.567734,46.32037],[-100.563613,46.337443],[-100.56582,46.369823],[-100.574504,46.394549],[-100.592166,46.410151],[-100.621602,46.415449],[-100.622633,46.420748],[-100.597612,46.457249],[-100.596287,46.469612],[-100.597465,46.48698],[-100.602322,46.503464],[-100.6113,46.512295],[-100.59246,46.534372],[-100.593049,46.558805],[-100.606001,46.582354],[-100.624988,46.601193],[-100.650745,46.614145],[-100.709765,46.632101],[-100.752447,46.658005],[-100.780853,46.668308],[-100.806022,46.680966],[-100.816766,46.700983],[-100.806169,46.719822],[-100.780853,46.715701],[-100.728015,46.683909],[-100.718154,46.689502],[-100.707557,46.691269],[-100.696813,46.689208],[-100.68651,46.683909],[-100.655307,46.675079],[-100.645446,46.670074],[-100.638381,46.663598],[-100.628962,46.647997],[-100.621602,46.638872],[-100.601291,46.62798],[-100.581569,46.627392],[-100.56376,46.624448],[-100.549336,46.607375],[-100.544773,46.587652],[-100.549336,46.522304],[-100.548159,46.500521],[-100.549042,46.489335],[-100.552721,46.481387],[-100.561258,46.473145],[-100.567439,46.464903],[-100.570677,46.455483],[-100.570383,46.443414],[-100.563024,46.425458],[-100.540505,46.394255],[-100.535648,46.371589],[-100.535648,46.330672],[-100.538297,46.319192],[-100.544479,46.309478],[-100.551397,46.300942],[-100.556106,46.293288],[-100.55905,46.280042],[-100.557137,46.272977],[-100.553016,46.267384],[-100.549336,46.259142],[-100.54757,46.248251],[-100.549336,46.220875],[-100.558756,46.206156],[-100.598495,46.170833],[-100.604529,46.149344],[-100.597906,46.136392],[-100.586132,46.130505],[-100.571561,46.126972],[-100.556106,46.12138],[-100.581127,46.105778],[-100.586868,46.089588],[-100.579067,46.072515],[-100.530202,46.004517],[-100.508419,45.980674],[-100.484723,45.970665],[-100.468533,45.961245],[-100.422318,45.918857],[-100.412751,45.906199],[-100.405686,45.893836],[-100.389202,45.892659],[-100.370804,45.897368],[-100.357558,45.902373],[-100.337835,45.914147],[-100.326061,45.916208],[-100.310312,45.909732],[-100.327974,45.897957],[-100.348138,45.879412],[-100.364917,45.858218],[-100.371835,45.837318],[-100.365947,45.818479],[-100.352259,45.798462],[-100.323412,45.765199],[-100.301629,45.726343],[-100.304278,45.696023],[-100.328563,45.671002],[-100.413781,45.630675],[-100.427911,45.615368],[-100.433209,45.590347],[-100.438655,45.577395],[-100.448075,45.567386],[-100.451754,45.555906],[-100.439391,45.539127],[-100.424526,45.530296],[-100.376397,45.508513],[-100.361237,45.504392],[-100.335186,45.504098],[-100.32297,45.501154],[-100.313403,45.494678],[-100.306633,45.482904],[-100.305308,45.47319],[-100.305455,45.462887],[-100.302953,45.450524],[-100.294122,45.435806],[-100.270132,45.413139],[-100.26189,45.401954],[-100.258357,45.383409],[-100.264686,45.371634],[-100.276461,45.361331],[-100.288529,45.347496],[-100.295889,45.332484],[-100.295005,45.322475],[-100.257327,45.274788],[-100.250409,45.260659],[-100.247613,45.247707],[-100.249673,45.238582],[-100.258946,45.224452],[-100.26189,45.216504],[-100.261742,45.207379],[-100.256444,45.193249],[-100.255119,45.18589],[-100.257621,45.17441],[-100.271604,45.141441],[-100.278668,45.131433],[-100.300304,45.113477],[-100.307663,45.101408],[-100.310312,45.083746],[-100.302806,45.069617],[-100.285144,45.065201],[-100.264244,45.067262],[-100.247613,45.073149],[-100.25247,45.053132]]]}},{"type":"Feature","properties":{"name":"Réservoir Gouin","name_en":"Gouin","scalerank":5,"min_zoom":4.7},"geometry":{"type":"Polygon","coordinates":[[[-74.112494,48.36885],[-74.07143,48.352365],[-74.057153,48.348539],[-74.081438,48.340296],[-74.10484,48.348539],[-74.127506,48.361785],[-74.149731,48.36885],[-74.201392,48.372971],[-74.229798,48.371793],[-74.248932,48.362668],[-74.251728,48.352954],[-74.248637,48.342946],[-74.244222,48.33382],[-74.242161,48.327933],[-74.245399,48.317336],[-74.250109,48.308799],[-74.254525,48.307033],[-74.256438,48.317925],[-74.261001,48.332937],[-74.285727,48.370616],[-74.297354,48.383274],[-74.306038,48.3871],[-74.329293,48.392399],[-74.338418,48.396814],[-74.341951,48.405351],[-74.343864,48.416831],[-74.349015,48.427134],[-74.383898,48.437731],[-74.44071,48.478942],[-74.464701,48.48895],[-74.490163,48.495721],[-74.514006,48.494838],[-74.533287,48.482474],[-74.539911,48.463635],[-74.537261,48.441263],[-74.530049,48.421541],[-74.523279,48.409766],[-74.510916,48.400052],[-74.482068,48.386512],[-74.468674,48.376503],[-74.459991,48.362668],[-74.451748,48.335881],[-74.44071,48.321751],[-74.45322,48.302912],[-74.474267,48.279952],[-74.49399,48.268766],[-74.502821,48.283778],[-74.499435,48.293492],[-74.485012,48.313215],[-74.481774,48.324695],[-74.482362,48.33853],[-74.485306,48.346184],[-74.502821,48.362668],[-74.535495,48.384157],[-74.551391,48.397697],[-74.569347,48.435965],[-74.590836,48.436553],[-74.604376,48.423013],[-74.591571,48.403585],[-74.598489,48.396814],[-74.624982,48.416831],[-74.635579,48.428606],[-74.639994,48.441263],[-74.648531,48.439203],[-74.664132,48.429194],[-74.672963,48.414182],[-74.660453,48.396814],[-74.668106,48.363551],[-74.673552,48.355309],[-74.686945,48.347655],[-74.695482,48.348244],[-74.700045,48.355309],[-74.701516,48.365906],[-74.699309,48.376209],[-74.687093,48.400347],[-74.690036,48.406823],[-74.703577,48.427428],[-74.708287,48.437731],[-74.708876,48.448917],[-74.707404,48.457453],[-74.707845,48.466579],[-74.719031,48.486007],[-74.722711,48.488362],[-74.728745,48.486301],[-74.734191,48.479531],[-74.7311,48.474526],[-74.725213,48.468933],[-74.721975,48.461869],[-74.717118,48.390044],[-74.721975,48.376503],[-74.735663,48.381213],[-74.744199,48.40329],[-74.753766,48.457453],[-74.763774,48.478942],[-74.777021,48.500136],[-74.790856,48.513677],[-74.811903,48.519564],[-74.839132,48.524568],[-74.862681,48.533105],[-74.872836,48.550767],[-74.865772,48.587857],[-74.870776,48.598159],[-74.893147,48.59551],[-74.906983,48.587268],[-74.936861,48.561953],[-74.95467,48.554593],[-74.933034,48.580497],[-74.927441,48.595216],[-74.941718,48.601692],[-74.950843,48.594627],[-74.960851,48.578437],[-74.975128,48.54694],[-74.985578,48.532516],[-74.988816,48.524568],[-74.985725,48.51662],[-74.981162,48.508967],[-74.97763,48.4916],[-74.975128,48.486301],[-74.962617,48.479236],[-74.948046,48.478059],[-74.935242,48.48424],[-74.92803,48.499253],[-74.913753,48.492483],[-74.939951,48.464224],[-75.017369,48.480414],[-75.029732,48.444796],[-75.030321,48.428311],[-75.025023,48.425073],[-75.009568,48.42419],[-75.000885,48.418892],[-74.986461,48.395931],[-74.975717,48.390633],[-74.962176,48.392693],[-74.953934,48.395637],[-74.948046,48.394165],[-74.941718,48.383274],[-74.939657,48.372971],[-74.940834,48.361491],[-74.943778,48.350305],[-74.947899,48.341768],[-74.950548,48.348833],[-74.955258,48.352954],[-74.962323,48.35472],[-74.972037,48.355309],[-74.986608,48.358547],[-74.990288,48.366495],[-74.990876,48.375914],[-74.996175,48.383274],[-75.023698,48.387983],[-75.031057,48.37091],[-75.029732,48.335292],[-75.039299,48.335292],[-75.050779,48.340296],[-75.060346,48.346772],[-75.064615,48.351777],[-75.062701,48.362079],[-75.054017,48.380919],[-75.051515,48.390633],[-75.052987,48.433315],[-75.057255,48.454215],[-75.064615,48.465107],[-75.086103,48.438614],[-75.094051,48.421541],[-75.088752,48.406823],[-75.078744,48.392693],[-75.079774,48.378858],[-75.092432,48.348539],[-75.111566,48.282012],[-75.127314,48.261407],[-75.146448,48.280835],[-75.149244,48.296142],[-75.144093,48.306444],[-75.137028,48.316747],[-75.133349,48.33176],[-75.130258,48.339413],[-75.123193,48.344712],[-75.11289,48.348539],[-75.114068,48.357958],[-75.124812,48.367084],[-75.12599,48.376503],[-75.123782,48.386217],[-75.12128,48.388572],[-75.117011,48.389161],[-75.109505,48.393871],[-75.105384,48.400935],[-75.107003,48.407411],[-75.11083,48.413887],[-75.11289,48.420658],[-75.115098,48.473055],[-75.119808,48.486301],[-75.087133,48.484829],[-75.070943,48.486301],[-75.057697,48.492483],[-75.05284,48.498664],[-75.047541,48.513382],[-75.044009,48.519858],[-75.036061,48.529867],[-75.023551,48.54017],[-75.002945,48.552533],[-74.996469,48.559598],[-74.988816,48.574905],[-74.983959,48.588151],[-74.976453,48.619059],[-74.975128,48.633189],[-74.981457,48.644963],[-74.995733,48.634955],[-75.019871,48.605518],[-75.031351,48.595804],[-75.042979,48.5908],[-75.056667,48.589034],[-75.075065,48.58874],[-75.079922,48.586385],[-75.085662,48.582264],[-75.090371,48.582558],[-75.093904,48.598748],[-75.097583,48.60228],[-75.103029,48.602575],[-75.109505,48.598454],[-75.117453,48.586679],[-75.113332,48.578143],[-75.101116,48.572255],[-75.085073,48.568134],[-75.100674,48.551944],[-75.127167,48.551355],[-75.180594,48.560775],[-75.16985,48.538992],[-75.156309,48.51927],[-75.151452,48.499842],[-75.166906,48.478942],[-75.179858,48.47276],[-75.195312,48.467462],[-75.208706,48.46128],[-75.215476,48.451566],[-75.212091,48.434787],[-75.198697,48.433904],[-75.181624,48.43832],[-75.166906,48.437731],[-75.154837,48.426251],[-75.152482,48.413887],[-75.159253,48.402996],[-75.174412,48.396814],[-75.176915,48.399464],[-75.177209,48.406234],[-75.179417,48.413299],[-75.187364,48.41742],[-75.19281,48.415654],[-75.215476,48.403585],[-75.232108,48.399464],[-75.26022,48.395931],[-75.270669,48.396814],[-75.294219,48.407117],[-75.308937,48.409766],[-75.325274,48.403585],[-75.331456,48.409766],[-75.294513,48.445384],[-75.286124,48.467462],[-75.304816,48.486301],[-75.326746,48.464812],[-75.354269,48.395637],[-75.372961,48.376503],[-75.382381,48.385628],[-75.352503,48.472466],[-75.369281,48.46599],[-75.381203,48.457453],[-75.403869,48.434787],[-75.418146,48.424485],[-75.423003,48.427723],[-75.421531,48.454804],[-75.417263,48.467756],[-75.406813,48.479531],[-75.35839,48.514266],[-75.357065,48.522213],[-75.35942,48.54017],[-75.333516,48.528395],[-75.325274,48.526629],[-75.294955,48.538109],[-75.287448,48.537226],[-75.269934,48.527806],[-75.249917,48.528395],[-75.232402,48.53752],[-75.222247,48.554593],[-75.23932,48.559303],[-75.258306,48.561364],[-75.326746,48.559009],[-75.333958,48.562836],[-75.325274,48.574905],[-75.316737,48.580203],[-75.307759,48.582264],[-75.287448,48.581969],[-75.277881,48.58403],[-75.277587,48.589623],[-75.279648,48.596099],[-75.276851,48.601692],[-75.265518,48.614938],[-75.259042,48.616999],[-75.256393,48.605518],[-75.254185,48.601986],[-75.23932,48.585207],[-75.211208,48.582558],[-75.171763,48.599042],[-75.140413,48.624063],[-75.136587,48.646729],[-75.148067,48.664686],[-75.135851,48.664686],[-75.116275,48.660859],[-75.078891,48.682936],[-75.069619,48.692062],[-75.085073,48.698538],[-75.073593,48.712373],[-75.061818,48.722381],[-75.029732,48.739454],[-75.023551,48.733272],[-75.031646,48.727385],[-75.043126,48.716788],[-75.051957,48.703836],[-75.051515,48.691178],[-75.045775,48.689118],[-75.037533,48.69265],[-75.029438,48.69736],[-75.023551,48.698538],[-75.018547,48.693828],[-75.003092,48.670573],[-74.969535,48.703542],[-74.951137,48.715905],[-74.92803,48.718849],[-74.92803,48.712078],[-74.937744,48.706191],[-74.948782,48.69736],[-74.957908,48.686469],[-74.961587,48.6744],[-74.95467,48.664391],[-74.939215,48.663214],[-74.923025,48.666746],[-74.913753,48.670573],[-74.909043,48.681759],[-74.902714,48.712667],[-74.89668,48.718849],[-74.891087,48.717377],[-74.882403,48.711784],[-74.879018,48.712078],[-74.87578,48.717082],[-74.875191,48.728563],[-74.872836,48.733272],[-74.849287,48.747402],[-74.841192,48.755644],[-74.837954,48.770951],[-74.833833,48.771245],[-74.804544,48.752995],[-74.792328,48.752112],[-74.776138,48.753289],[-74.762008,48.757116],[-74.755974,48.763592],[-74.755238,48.778605],[-74.751411,48.789496],[-74.743169,48.793617],[-74.728745,48.788024],[-74.735663,48.774189],[-74.71962,48.775367],[-74.709464,48.780959],[-74.702252,48.788024],[-74.694599,48.794206],[-74.680469,48.798327],[-74.648678,48.804509],[-74.636315,48.811279],[-74.628809,48.810985],[-74.58745,48.819227],[-74.581416,48.821287],[-74.567728,48.820699],[-74.55507,48.818344],[-74.551096,48.814223],[-74.564343,48.807747],[-74.571407,48.78979],[-74.556542,48.782137],[-74.509591,48.774189],[-74.490016,48.761237],[-74.48825,48.748579],[-74.500613,48.736805],[-74.523279,48.725913],[-74.559191,48.702953],[-74.586714,48.668512],[-74.596281,48.632011],[-74.577884,48.601692],[-74.583182,48.59345],[-74.589805,48.579614],[-74.592896,48.566662],[-74.588186,48.560775],[-74.577442,48.564896],[-74.573762,48.57461],[-74.571407,48.58609],[-74.564343,48.59551],[-74.550949,48.596982],[-74.475445,48.59551],[-74.475445,48.58874],[-74.510621,48.578437],[-74.517097,48.574905],[-74.517686,48.563424],[-74.513123,48.549884],[-74.506059,48.538698],[-74.499141,48.533988],[-74.486042,48.533694],[-74.480155,48.534577],[-74.465289,48.550767],[-74.458813,48.561069],[-74.455281,48.570783],[-74.450718,48.580203],[-74.44071,48.58874],[-74.43129,48.592861],[-74.421429,48.594333],[-74.410832,48.593155],[-74.385075,48.581086],[-74.384339,48.579026],[-74.38949,48.576082],[-74.400676,48.544879],[-74.431732,48.536343],[-74.434528,48.519858],[-74.428052,48.50985],[-74.41613,48.502197],[-74.388019,48.491011],[-74.376097,48.487773],[-74.371829,48.486301],[-74.356375,48.474526],[-74.340479,48.448917],[-74.334592,48.444796],[-74.319579,48.44038],[-74.315311,48.430077],[-74.314575,48.418597],[-74.310454,48.409766],[-74.292056,48.407411],[-74.273953,48.418303],[-74.245546,48.448034],[-74.22288,48.463635],[-74.201686,48.469228],[-74.19315,48.463635],[-74.208015,48.444796],[-74.218023,48.438614],[-74.229356,48.433904],[-74.240248,48.427723],[-74.248932,48.41742],[-74.239806,48.412121],[-74.236863,48.407117],[-74.239806,48.401818],[-74.248932,48.396814],[-74.248932,48.390633],[-74.149584,48.402113],[-74.104399,48.39858],[-74.112494,48.36885]],[[-74.605259,48.733272],[-74.605259,48.746225],[-74.625423,48.735922],[-74.690478,48.687057],[-74.72536,48.653794],[-74.74258,48.640842],[-74.759359,48.632011],[-74.772017,48.620531],[-74.777168,48.598454],[-74.773341,48.583147],[-74.763922,48.569017],[-74.694599,48.506612],[-74.675024,48.48218],[-74.670461,48.478942],[-74.66266,48.482474],[-74.664721,48.491305],[-74.670314,48.501902],[-74.678114,48.522802],[-74.718442,48.564307],[-74.732719,48.574905],[-74.74052,48.582264],[-74.742433,48.58874],[-74.734191,48.59551],[-74.722269,48.596393],[-74.710347,48.59345],[-74.701516,48.58874],[-74.690478,48.596688],[-74.66634,48.603164],[-74.653094,48.609051],[-74.667959,48.611111],[-74.669284,48.618176],[-74.660011,48.626124],[-74.627337,48.633483],[-74.627631,48.642608],[-74.639994,48.657621],[-74.651622,48.678226],[-74.650886,48.687352],[-74.636315,48.691178],[-74.629544,48.696771],[-74.605259,48.733272]],[[-74.61203,48.767419],[-74.600697,48.768007],[-74.596281,48.769774],[-74.591571,48.774189],[-74.605259,48.777133],[-74.644704,48.775367],[-74.653094,48.777427],[-74.660894,48.774778],[-74.69975,48.753289],[-74.715057,48.752995],[-74.730511,48.74387],[-74.735663,48.739454],[-74.763186,48.74122],[-74.798068,48.735333],[-74.828976,48.721204],[-74.844872,48.698538],[-74.812345,48.701481],[-74.637345,48.753584],[-74.61203,48.767419]]]}},{"type":"Feature","properties":{"name":"Lower Arrow Lake","name_en":"Arrow Lakes","scalerank":5,"min_zoom":4.7},"geometry":{"type":"Polygon","coordinates":[[[-117.966126,49.378224],[-117.918291,49.353498],[-117.907106,49.341723],[-117.911668,49.341429],[-117.920205,49.342312],[-117.958914,49.352615],[-118.078278,49.405895],[-118.091966,49.417375],[-118.102563,49.431504],[-118.111247,49.44946],[-118.157021,49.520108],[-118.171739,49.558081],[-118.1607,49.596054],[-118.169973,49.622547],[-118.164085,49.649039],[-118.153047,49.673472],[-118.147012,49.69496],[-118.143038,49.726163],[-118.131705,49.75295],[-118.114485,49.777088],[-118.092408,49.80152],[-118.091525,49.791806],[-118.092555,49.783269],[-118.095204,49.775027],[-118.099325,49.767374],[-118.099914,49.750006],[-118.125377,49.647862],[-118.12729,49.630789],[-118.124935,49.612244],[-118.105507,49.561907],[-118.092555,49.505095],[-118.082105,49.47978],[-118.064296,49.45417],[-118.05208,49.443279],[-118.009691,49.422085],[-117.997475,49.412665],[-117.978195,49.389116],[-117.966126,49.378224]]]}},{"type":"Feature","properties":{"name":"Amistad Reservoir","name_en":"Amistad","scalerank":5,"min_zoom":4.7},"geometry":{"type":"Polygon","coordinates":[[[-100.934806,29.505408],[-100.918763,29.506585],[-100.906253,29.503642],[-100.924062,29.499815],[-100.933334,29.486274],[-100.942607,29.47656],[-100.960857,29.483919],[-100.972337,29.480387],[-101.010752,29.484802],[-101.02915,29.477149],[-101.037097,29.465963],[-101.040188,29.457132],[-101.045487,29.451245],[-101.060205,29.449184],[-101.067711,29.45095],[-101.076101,29.453894],[-101.085962,29.454483],[-101.098031,29.449184],[-101.113043,29.466552],[-101.142774,29.475383],[-101.174124,29.475971],[-101.193699,29.469495],[-101.198703,29.473911],[-101.198851,29.476854],[-101.184132,29.497754],[-101.184868,29.512767],[-101.195171,29.521892],[-101.214157,29.518065],[-101.245213,29.493044],[-101.265818,29.487157],[-101.290545,29.49746],[-101.297315,29.503936],[-101.300995,29.512767],[-101.294372,29.520715],[-101.273177,29.524247],[-101.259195,29.533372],[-101.243888,29.554861],[-101.231966,29.580176],[-101.227845,29.599899],[-101.239178,29.616677],[-101.26052,29.613439],[-101.281272,29.597249],[-101.290545,29.575761],[-101.295255,29.570168],[-101.306146,29.574583],[-101.317626,29.584003],[-101.323955,29.592539],[-101.323661,29.603137],[-101.318804,29.616383],[-101.311445,29.628158],[-101.303497,29.634045],[-101.303939,29.627274],[-101.303055,29.613145],[-101.303497,29.60608],[-101.262286,29.634928],[-101.239473,29.642581],[-101.214157,29.634045],[-101.20356,29.612851],[-101.213716,29.56222],[-101.20047,29.544558],[-101.198262,29.554567],[-101.194877,29.563692],[-101.189284,29.569873],[-101.1806,29.571934],[-101.184721,29.56693],[-101.177951,29.555155],[-101.16912,29.545147],[-101.166912,29.544558],[-101.157787,29.531312],[-101.145276,29.518065],[-101.138506,29.513356],[-101.123052,29.506291],[-101.115104,29.500698],[-101.097736,29.49275],[-101.073599,29.489218],[-101.05211,29.491278],[-101.042838,29.500698],[-101.035331,29.53455],[-101.032535,29.541614],[-101.022674,29.546324],[-101.003246,29.546324],[-100.995739,29.552212],[-100.988233,29.544558],[-100.999713,29.531606],[-100.996181,29.522481],[-100.985289,29.519243],[-100.974545,29.524247],[-100.972485,29.533961],[-100.972779,29.550445],[-100.974839,29.566341],[-100.978077,29.575761],[-100.976164,29.593423],[-100.956883,29.616089],[-100.919352,29.646997],[-100.923031,29.633456],[-100.932598,29.625214],[-100.944226,29.61756],[-100.954675,29.60608],[-100.959238,29.5946],[-100.961004,29.581942],[-100.960857,29.55545],[-100.954675,29.514239],[-100.948788,29.505996],[-100.934806,29.505408]]]}},{"type":"Feature","properties":{"name":"Réservoir Baskatong","name_en":"Baskatong","scalerank":5,"min_zoom":4.7},"geometry":{"type":"Polygon","coordinates":[[[-75.727964,46.884666],[-75.67542,46.916457],[-75.675273,46.900561],[-75.678069,46.884666],[-75.688372,46.854346],[-75.705151,46.829325],[-75.70883,46.821083],[-75.707947,46.812841],[-75.700588,46.795768],[-75.70206,46.786348],[-75.715306,46.775751],[-75.757989,46.755734],[-75.770205,46.738956],[-75.768145,46.724826],[-75.758136,46.711285],[-75.745479,46.697745],[-75.73547,46.683909],[-75.749158,46.683026],[-75.762405,46.686853],[-75.772413,46.695095],[-75.776534,46.707753],[-75.783746,46.721882],[-75.799642,46.721588],[-75.815243,46.715112],[-75.821866,46.710991],[-75.837468,46.71364],[-75.847034,46.721294],[-75.851597,46.733068],[-75.852922,46.74867],[-75.856748,46.751613],[-75.876765,46.796945],[-75.894574,46.798417],[-75.921214,46.787526],[-75.947118,46.771924],[-75.96272,46.758972],[-75.971992,46.74396],[-75.9742,46.738661],[-76.013497,46.738956],[-76.025566,46.74131],[-76.035133,46.748964],[-76.044553,46.765743],[-76.035575,46.775457],[-76.014528,46.785465],[-76.003047,46.793707],[-75.989065,46.781638],[-75.976555,46.788703],[-75.972139,46.803127],[-75.982589,46.81343],[-75.982589,46.821083],[-75.969637,46.825793],[-75.956391,46.833446],[-75.945794,46.844044],[-75.941525,46.858173],[-75.945646,46.868181],[-75.966841,46.885843],[-75.975672,46.895557],[-75.959776,46.894674],[-75.914297,46.87554],[-75.871319,46.873774],[-75.859692,46.868181],[-75.868817,46.84787],[-75.860134,46.837273],[-75.842472,46.835213],[-75.82481,46.840806],[-75.810975,46.853463],[-75.800231,46.871419],[-75.793313,46.892025],[-75.790811,46.912925],[-75.780655,46.952664],[-75.757106,46.978862],[-75.729878,47.002117],[-75.70883,47.03332],[-75.70574,47.025961],[-75.706476,47.019485],[-75.710008,47.012714],[-75.733116,46.98475],[-75.752102,46.953841],[-75.766526,46.921167],[-75.770205,46.895557],[-75.754898,46.877895],[-75.727964,46.884666]]]}},{"type":"Feature","properties":{"name":"Lake Chelan","name_en":"Chelan","scalerank":5,"min_zoom":4.7},"geometry":{"type":"Polygon","coordinates":[[[-120.026527,47.873141],[-120.001212,47.855479],[-119.981195,47.834873],[-120.008865,47.851063],[-120.116308,47.869314],[-120.160021,47.88256],[-120.182393,47.89404],[-120.192107,47.906698],[-120.192401,47.950558],[-120.196375,47.968809],[-120.205648,47.985293],[-120.244062,48.015613],[-120.295576,48.037396],[-120.445849,48.071836],[-120.463216,48.078312],[-120.480878,48.092147],[-120.49383,48.108632],[-120.514436,48.146605],[-120.52621,48.163384],[-120.52989,48.165444],[-120.541517,48.168976],[-120.545491,48.171037],[-120.549465,48.176336],[-120.551084,48.186638],[-120.552998,48.190759],[-120.568452,48.206655],[-120.579196,48.214603],[-120.614814,48.223434],[-120.623498,48.237563],[-120.626736,48.257874],[-120.634831,48.280835],[-120.643367,48.291432],[-120.657497,48.303501],[-120.662207,48.314392],[-120.661471,48.323518],[-120.656908,48.330877],[-120.65161,48.334115],[-120.644692,48.326461],[-120.625558,48.310566],[-120.621143,48.303795],[-120.618935,48.292904],[-120.59568,48.251398],[-120.589499,48.244922],[-120.57272,48.232265],[-120.537985,48.214897],[-120.529448,48.208421],[-120.451736,48.10245],[-120.419062,48.083316],[-120.280711,48.053291],[-120.226253,48.033863],[-120.179449,48.006193],[-120.157372,47.971752],[-120.159727,47.951441],[-120.166056,47.938195],[-120.16635,47.92642],[-120.151043,47.91023],[-120.136472,47.901988],[-120.118516,47.895512],[-120.099824,47.891097],[-120.083781,47.889625],[-120.054786,47.885209],[-120.026527,47.873141]]]}},{"type":"Feature","properties":{"name":"Millerton Lake","name_en":"Millerton","scalerank":5,"min_zoom":4.7},"geometry":{"type":"Polygon","coordinates":[[[-119.623248,37.045545],[-119.608236,37.05467],[-119.600877,37.062618],[-119.600877,37.042012],[-119.60382,37.033182],[-119.608236,37.028766],[-119.620599,37.021407],[-119.622365,37.021113],[-119.647975,37.007866],[-119.682121,36.999918],[-119.698017,37.000507],[-119.692718,37.011104],[-119.658572,37.032298],[-119.651655,37.035242],[-119.639733,37.038186],[-119.623248,37.045545]]]}},{"type":"Feature","properties":{"name":"Réservoir Pipmuacan","name_en":"Pipmuacan","scalerank":5,"min_zoom":4.7},"geometry":{"type":"Polygon","coordinates":[[[-70.0382,49.411782],[-70.027603,49.396769],[-70.043498,49.405306],[-70.073671,49.432682],[-70.086328,49.438275],[-70.090597,49.442101],[-70.103402,49.46565],[-70.112968,49.470066],[-70.137548,49.476836],[-70.144318,49.480074],[-70.149028,49.492438],[-70.15153,49.513043],[-70.149764,49.532177],[-70.140639,49.540713],[-70.123124,49.545423],[-70.127539,49.556315],[-70.142994,49.568089],[-70.158595,49.575448],[-70.161097,49.6093],[-70.209814,49.637265],[-70.274722,49.648745],[-70.325941,49.634027],[-70.350667,49.611361],[-70.365091,49.591638],[-70.368771,49.585162],[-70.370243,49.578686],[-70.368329,49.570738],[-70.363767,49.566617],[-70.359204,49.564262],[-70.356555,49.561907],[-70.34949,49.539241],[-70.339776,49.519225],[-70.324616,49.503623],[-70.30195,49.493615],[-70.335802,49.485962],[-70.39232,49.525406],[-70.425583,49.513632],[-70.427055,49.533943],[-70.43618,49.547778],[-70.451634,49.554843],[-70.472681,49.555137],[-70.461201,49.527761],[-70.459582,49.513043],[-70.469591,49.506567],[-70.482395,49.504506],[-70.513598,49.486256],[-70.503148,49.46565],[-70.500352,49.439158],[-70.506239,49.411782],[-70.521104,49.389999],[-70.52655,49.43798],[-70.536264,49.457997],[-70.57041,49.477131],[-70.573943,49.482135],[-70.577917,49.483018],[-70.592635,49.470655],[-70.597639,49.4683],[-70.610444,49.46565],[-70.627517,49.464473],[-70.643707,49.46565],[-70.65872,49.463296],[-70.671966,49.45211],[-70.695957,49.465356],[-70.70935,49.457703],[-70.709203,49.440335],[-70.692424,49.424734],[-70.717592,49.423556],[-70.7407,49.44946],[-70.753652,49.487139],[-70.747617,49.520991],[-70.740258,49.513632],[-70.739964,49.529233],[-70.751591,49.546012],[-70.768959,49.555726],[-70.785296,49.551605],[-70.797365,49.541596],[-70.812966,49.532765],[-70.827685,49.530999],[-70.836957,49.540713],[-70.807668,49.540419],[-70.809875,49.556315],[-70.829009,49.573093],[-70.850056,49.575448],[-70.85874,49.560141],[-70.859034,49.536003],[-70.853147,49.512749],[-70.843286,49.499797],[-70.909812,49.45211],[-70.939837,49.420024],[-70.957352,49.372337],[-70.969126,49.354675],[-70.982667,49.343784],[-70.993412,49.349082],[-70.993117,49.364389],[-70.986641,49.38735],[-70.977663,49.408249],[-70.969862,49.417375],[-70.959412,49.424145],[-70.949551,49.440629],[-70.942192,49.459763],[-70.939396,49.476248],[-70.933508,49.490966],[-70.919673,49.504212],[-70.903778,49.515692],[-70.891709,49.527173],[-70.871986,49.559847],[-70.841667,49.626668],[-70.82268,49.657576],[-70.822828,49.644329],[-70.835632,49.604296],[-70.833277,49.596054],[-70.794127,49.601647],[-70.775729,49.599586],[-70.744379,49.573093],[-70.740258,49.568089],[-70.737462,49.561319],[-70.735696,49.546895],[-70.733488,49.540713],[-70.722155,49.531588],[-70.709645,49.52364],[-70.703904,49.512749],[-70.712883,49.493615],[-70.654746,49.522168],[-70.645179,49.523935],[-70.642088,49.538064],[-70.633846,49.550722],[-70.62266,49.561319],[-70.610444,49.568089],[-70.617509,49.555726],[-70.62163,49.528056],[-70.627223,49.517164],[-70.647828,49.502446],[-70.656806,49.492438],[-70.658278,49.480074],[-70.643118,49.470949],[-70.620599,49.493321],[-70.57306,49.567795],[-70.566289,49.593699],[-70.555692,49.614599],[-70.505945,49.631672],[-70.477686,49.650511],[-70.465322,49.671117],[-70.486958,49.68554],[-70.474153,49.692605],[-70.448102,49.694371],[-70.419107,49.691722],[-70.397619,49.68554],[-70.418666,49.67406],[-70.422934,49.65787],[-70.411306,49.646684],[-70.384667,49.649922],[-70.383783,49.653749],[-70.385255,49.667879],[-70.384667,49.671705],[-70.377896,49.673177],[-70.338893,49.670233],[-70.311223,49.664052],[-70.29518,49.664346],[-70.311811,49.69967],[-70.312253,49.71115],[-70.29518,49.705263],[-70.287821,49.712622],[-70.30298,49.737937],[-70.342867,49.822714],[-70.421904,49.897188],[-70.425583,49.918088],[-70.403506,49.904547],[-70.367593,49.874228],[-70.342867,49.863631],[-70.345075,49.887474],[-70.335802,49.90337],[-70.325058,49.906019],[-70.322556,49.890712],[-70.31137,49.869812],[-70.308132,49.857449],[-70.312547,49.845969],[-70.314461,49.834194],[-70.305483,49.821831],[-70.278695,49.800931],[-70.266332,49.794161],[-70.261034,49.787685],[-70.258531,49.781798],[-70.25912,49.778265],[-70.260739,49.774733],[-70.261034,49.767374],[-70.262358,49.766785],[-70.264566,49.761192],[-70.266627,49.753244],[-70.267215,49.746768],[-70.26383,49.73882],[-70.257796,49.734994],[-70.25132,49.731756],[-70.246757,49.726457],[-70.243666,49.71115],[-70.243519,49.699376],[-70.240575,49.68819],[-70.229684,49.674943],[-70.217909,49.670528],[-70.168309,49.671705],[-70.146673,49.680536],[-70.125185,49.70173],[-70.112233,49.728518],[-70.116501,49.753833],[-70.106198,49.739998],[-70.095601,49.70909],[-70.086328,49.69496],[-70.083532,49.678476],[-70.088389,49.656987],[-70.085298,49.638737],[-70.040113,49.625196],[-70.024806,49.611361],[-69.9886,49.568678],[-69.982271,49.559258],[-69.973881,49.551899],[-69.95931,49.548072],[-69.949449,49.550133],[-69.927666,49.558669],[-69.92119,49.558375],[-69.913684,49.554254],[-69.894845,49.549544],[-69.887044,49.54454],[-69.880568,49.536003],[-69.858491,49.483901],[-69.85437,49.464179],[-69.848482,49.457703],[-69.841418,49.452993],[-69.835236,49.445045],[-69.821254,49.393531],[-69.808596,49.376164],[-69.791964,49.365272],[-69.733533,49.342901],[-69.746338,49.332009],[-69.762822,49.328182],[-69.832734,49.330832],[-69.84966,49.329065],[-69.869971,49.322295],[-69.874239,49.336425],[-69.869088,49.348788],[-69.86114,49.362329],[-69.857019,49.37999],[-69.862906,49.389116],[-69.904117,49.411193],[-69.913978,49.422085],[-69.923398,49.438275],[-69.923987,49.452698],[-69.907797,49.45888],[-69.889252,49.462707],[-69.88984,49.471832],[-69.898671,49.484195],[-69.904117,49.496559],[-69.921926,49.524818],[-69.96196,49.527761],[-70.004937,49.51687],[-70.064104,49.48184],[-70.075731,49.470066],[-70.076026,49.45211],[-70.066165,49.435331],[-70.0382,49.411782]],[[-70.500499,49.540125],[-70.486958,49.540713],[-70.497114,49.551899],[-70.498438,49.563379],[-70.497408,49.575743],[-70.500646,49.589283],[-70.507269,49.601352],[-70.518602,49.597231],[-70.53126,49.58369],[-70.541563,49.568089],[-70.546567,49.555137],[-70.551424,49.526878],[-70.555839,49.513632],[-70.543918,49.513632],[-70.534939,49.510688],[-70.529494,49.504212],[-70.527875,49.493615],[-70.522723,49.499797],[-70.518897,49.506273],[-70.513598,49.520991],[-70.520074,49.521874],[-70.535381,49.527173],[-70.524195,49.533354],[-70.512715,49.537475],[-70.500499,49.540125]],[[-70.099722,49.486256],[-70.083826,49.492438],[-70.040113,49.522757],[-70.027603,49.534532],[-70.020685,49.552488],[-70.024806,49.568678],[-70.03717,49.584868],[-70.054979,49.603413],[-70.087947,49.614304],[-70.108259,49.570738],[-70.113263,49.514221],[-70.099722,49.486256]]]}},{"type":"Feature","properties":{"name":"Lake Francis Case","name_en":"Francis Case","scalerank":6,"min_zoom":5},"geometry":{"type":"Polygon","coordinates":[[[-98.604472,43.097083],[-98.571798,43.089429],[-98.548837,43.05911],[-98.69911,43.072062],[-98.720599,43.070001],[-98.758278,43.119749],[-98.772996,43.134761],[-98.792424,43.140943],[-98.867045,43.148596],[-98.883971,43.154484],[-98.915321,43.185686],[-98.917529,43.189513],[-98.918706,43.1954],[-98.915468,43.196283],[-98.908256,43.200699],[-98.901044,43.20688],[-98.897659,43.212768],[-98.904135,43.233962],[-98.920619,43.243382],[-98.96654,43.250741],[-99.004955,43.265459],[-99.04072,43.286653],[-99.07207,43.311968],[-99.151401,43.397923],[-99.183928,43.420883],[-99.220429,43.435013],[-99.295198,43.453557],[-99.323898,43.472691],[-99.330374,43.503894],[-99.32537,43.513019],[-99.318011,43.519201],[-99.311535,43.52656],[-99.30918,43.53804],[-99.311976,43.545693],[-99.348183,43.573069],[-99.354806,43.580134],[-99.364373,43.627527],[-99.37394,43.638713],[-99.388217,43.647543],[-99.405731,43.652842],[-99.450622,43.656374],[-99.46534,43.661673],[-99.494777,43.689049],[-99.476968,43.704944],[-99.457834,43.715836],[-99.436492,43.721723],[-99.412207,43.723784],[-99.418095,43.736736],[-99.430458,43.754692],[-99.432666,43.767644],[-99.428397,43.782951],[-99.417653,43.790016],[-99.39116,43.798258],[-99.350391,43.827989],[-99.331405,43.8483],[-99.323457,43.867139],[-99.327136,43.878914],[-99.336262,43.889805],[-99.348478,43.898047],[-99.360988,43.901285],[-99.372321,43.907467],[-99.37497,43.921891],[-99.364373,43.99401],[-99.356867,43.993127],[-99.342885,43.986062],[-99.336114,43.973699],[-99.350097,43.956626],[-99.350097,43.918653],[-99.345976,43.908939],[-99.327578,43.89687],[-99.323457,43.890983],[-99.319336,43.881857],[-99.311535,43.871849],[-99.306972,43.861252],[-99.312565,43.849772],[-99.343915,43.822396],[-99.35098,43.803556],[-99.367758,43.793842],[-99.38807,43.787366],[-99.405437,43.778241],[-99.415887,43.762345],[-99.413679,43.748216],[-99.403671,43.735264],[-99.39116,43.723784],[-99.404848,43.712598],[-99.445912,43.68846],[-99.449886,43.678452],[-99.440466,43.673742],[-99.42722,43.673153],[-99.40161,43.674625],[-99.386451,43.673447],[-99.375265,43.669621],[-99.366139,43.663145],[-99.357603,43.654903],[-99.344945,43.634591],[-99.331993,43.592792],[-99.319777,43.576013],[-99.284601,43.548637],[-99.274592,43.532741],[-99.275034,43.510664],[-99.280038,43.504188],[-99.286808,43.501539],[-99.291224,43.496535],[-99.28931,43.483583],[-99.285337,43.476518],[-99.278272,43.469748],[-99.268999,43.465038],[-99.165089,43.442666],[-99.132267,43.420883],[-99.080606,43.352002],[-99.048521,43.319033],[-98.966687,43.273112],[-98.924593,43.268697],[-98.905165,43.263693],[-98.887503,43.252801],[-98.874404,43.237494],[-98.866309,43.219244],[-98.863513,43.198933],[-98.856006,43.181859],[-98.837903,43.176266],[-98.795956,43.175089],[-98.787272,43.17244],[-98.761074,43.161254],[-98.753715,43.162726],[-98.74459,43.166258],[-98.736936,43.164492],[-98.729577,43.133878],[-98.718538,43.118571],[-98.703084,43.107091],[-98.686011,43.100026],[-98.64377,43.095905],[-98.604472,43.097083]]]}},{"type":"Feature","properties":{"name":"Falcon Lake","name_en":"Falcon International","scalerank":6,"min_zoom":5},"geometry":{"type":"Polygon","coordinates":[[[-99.129618,26.694819],[-99.127852,26.683633],[-99.152284,26.673919],[-99.138154,26.662439],[-99.136535,26.650959],[-99.144336,26.645955],[-99.158466,26.653608],[-99.164794,26.628587],[-99.1645,26.616518],[-99.158466,26.605038],[-99.148604,26.620051],[-99.145366,26.604155],[-99.144778,26.564121],[-99.213953,26.568537],[-99.242801,26.579723],[-99.254575,26.6018],[-99.258844,26.614752],[-99.277683,26.638007],[-99.281951,26.649781],[-99.277389,26.657729],[-99.26635,26.653314],[-99.252662,26.644483],[-99.240299,26.639184],[-99.244861,26.652431],[-99.240299,26.697763],[-99.242507,26.713658],[-99.252368,26.743683],[-99.254575,26.75899],[-99.252368,26.799024],[-99.254575,26.810504],[-99.257666,26.813153],[-99.262229,26.814036],[-99.266497,26.817863],[-99.268263,26.827872],[-99.271649,26.832876],[-99.289458,26.84465],[-99.308444,26.830521],[-99.316539,26.822279],[-99.323457,26.810504],[-99.328166,26.797258],[-99.329197,26.789016],[-99.331699,26.78254],[-99.340383,26.77312],[-99.366728,26.761345],[-99.380269,26.777241],[-99.391896,26.796963],[-99.412207,26.796963],[-99.410883,26.808149],[-99.405437,26.818452],[-99.396606,26.824928],[-99.384979,26.824928],[-99.377178,26.816686],[-99.374823,26.804028],[-99.374234,26.791076],[-99.371291,26.783128],[-99.360694,26.780479],[-99.359369,26.790487],[-99.36452,26.810504],[-99.357897,26.822279],[-99.351274,26.83111],[-99.346123,26.840824],[-99.344062,26.855247],[-99.348772,26.899696],[-99.355101,26.920302],[-99.36452,26.934726],[-99.403377,26.952093],[-99.413974,26.964162],[-99.401758,26.985651],[-99.399991,26.999192],[-99.418831,27.007728],[-99.441938,27.013615],[-99.453271,27.019797],[-99.455332,27.025979],[-99.464751,27.039225],[-99.466959,27.047467],[-99.462544,27.057181],[-99.452388,27.053355],[-99.432813,27.037164],[-99.373057,27.015676],[-99.36452,27.006551],[-99.36717,26.970638],[-99.36349,26.957981],[-99.350244,26.940907],[-99.344062,26.940907],[-99.334937,26.945617],[-99.323604,26.943557],[-99.312271,26.937081],[-99.302998,26.927367],[-99.28828,26.898519],[-99.280038,26.892926],[-99.261493,26.89322],[-99.240593,26.904995],[-99.222637,26.926189],[-99.205122,26.942674],[-99.185841,26.940907],[-99.205269,26.926484],[-99.211893,26.908527],[-99.2141,26.887628],[-99.220429,26.865845],[-99.235295,26.87968],[-99.239121,26.867905],[-99.235295,26.844945],[-99.226611,26.824928],[-99.224109,26.831404],[-99.220429,26.83788],[-99.207183,26.815508],[-99.20365,26.797846],[-99.206741,26.77989],[-99.213659,26.756047],[-99.19482,26.750748],[-99.186725,26.739268],[-99.185253,26.722489],[-99.185841,26.701295],[-99.179513,26.701295],[-99.166413,26.728377],[-99.150223,26.75222],[-99.129765,26.766055],[-99.103714,26.762228],[-99.094,26.755164],[-99.092528,26.748982],[-99.099151,26.744567],[-99.129471,26.739562],[-99.145808,26.72455],[-99.158466,26.721312],[-99.129618,26.694819]]]}},{"type":"Feature","properties":{"name":"Kentucky Lake","name_en":"Kentucky","scalerank":6,"min_zoom":5},"geometry":{"type":"Polygon","coordinates":[[[-87.908457,36.173933],[-87.903012,36.168928],[-87.899626,36.158037],[-87.90154,36.150972],[-87.911107,36.130367],[-87.916405,36.109761],[-87.923764,36.099753],[-87.94069,36.081797],[-87.952759,36.06384],[-87.969685,36.046179],[-87.978663,36.03411],[-87.984845,36.021452],[-87.996914,35.96935],[-87.993087,35.951982],[-87.975425,35.945212],[-87.989702,35.931671],[-88.011485,35.941091],[-88.032237,35.961402],[-88.043718,35.979947],[-88.021052,35.986128],[-88.008688,35.994959],[-88.003243,36.007323],[-88.002065,36.024101],[-88.007364,36.030283],[-88.030913,36.036759],[-88.036211,36.044707],[-88.031354,36.055598],[-88.019727,36.061486],[-87.995295,36.067962],[-87.980871,36.078264],[-87.947166,36.109173],[-87.94069,36.120064],[-87.941868,36.143613],[-87.945694,36.159509],[-87.952023,36.172166],[-87.961149,36.185413],[-87.950699,36.22368],[-87.966594,36.262831],[-87.990143,36.301687],[-88.002065,36.339365],[-88.009571,36.3532],[-88.042982,36.392351],[-88.050488,36.394117],[-88.055934,36.376161],[-88.079483,36.345841],[-88.084634,36.322587],[-88.076392,36.284319],[-88.077275,36.262831],[-88.091405,36.246935],[-88.103915,36.244874],[-88.107153,36.252528],[-88.10524,36.294622],[-88.107595,36.302275],[-88.115395,36.311695],[-88.123196,36.310812],[-88.133352,36.303747],[-88.14233,36.300804],[-88.146156,36.311695],[-88.145273,36.318465],[-88.139975,36.339071],[-88.136148,36.345841],[-88.119369,36.360265],[-88.103621,36.377044],[-88.099941,36.394706],[-88.118781,36.411484],[-88.101855,36.416783],[-88.086548,36.42532],[-88.075362,36.437977],[-88.071094,36.455639],[-88.068886,36.474478],[-88.063882,36.486842],[-88.057258,36.498322],[-88.050488,36.514512],[-88.049605,36.54336],[-88.058436,36.580449],[-88.075215,36.611946],[-88.098322,36.62431],[-88.098322,36.630491],[-88.087725,36.639617],[-88.08066,36.652863],[-88.079777,36.66817],[-88.088019,36.682005],[-88.098911,36.695252],[-88.221808,36.932215],[-88.239911,36.953114],[-88.261842,36.971659],[-88.279209,36.992854],[-88.28333,37.021407],[-88.263755,37.012576],[-88.246387,37.001979],[-88.230345,36.988733],[-88.215038,36.973131],[-88.20812,36.973131],[-88.197229,36.953998],[-88.173532,36.928977],[-88.160433,36.911609],[-88.105093,36.775024],[-88.068886,36.709087],[-88.063587,36.688775],[-88.059025,36.677295],[-88.027528,36.620483],[-88.023995,36.573679],[-88.012368,36.52452],[-88.03783,36.443276],[-88.03003,36.418255],[-88.007805,36.400299],[-87.979988,36.351434],[-87.957322,36.325825],[-87.939513,36.297271],[-87.920232,36.185413],[-87.914639,36.177759],[-87.908457,36.173933]]]}},{"type":"Feature","properties":{"name":"J. Strom Thurmond Lake","name_en":"Strom Thurmond","scalerank":6,"min_zoom":5},"geometry":{"type":"Polygon","coordinates":[[[-82.211776,33.711282],[-82.188226,33.682435],[-82.186607,33.669188],[-82.20839,33.663595],[-82.218104,33.665656],[-82.225316,33.670366],[-82.232823,33.677136],[-82.244008,33.67537],[-82.262553,33.666539],[-82.273886,33.663595],[-82.273739,33.679491],[-82.295081,33.68479],[-82.322898,33.685967],[-82.342768,33.684201],[-82.424748,33.650055],[-82.459777,33.64505],[-82.468755,33.639752],[-82.480383,33.634453],[-82.491863,33.638869],[-82.506581,33.650055],[-82.517767,33.6477],[-82.535282,33.63828],[-82.544113,33.636219],[-82.555004,33.637103],[-82.570311,33.641518],[-82.581644,33.64299],[-82.581644,33.650055],[-82.535871,33.662124],[-82.520858,33.663595],[-82.506876,33.660357],[-82.490391,33.653881],[-82.474348,33.650055],[-82.461838,33.653293],[-82.439319,33.66389],[-82.409588,33.671838],[-82.384567,33.683318],[-82.376178,33.704512],[-82.357191,33.700685],[-82.317305,33.716875],[-82.294345,33.718347],[-82.27683,33.705395],[-82.265939,33.699213],[-82.256666,33.70098],[-82.254164,33.710988],[-82.259168,33.722468],[-82.267263,33.732771],[-82.273886,33.738658],[-82.268588,33.753082],[-82.275211,33.762796],[-82.301115,33.779575],[-82.321426,33.800475],[-82.334673,33.806362],[-82.355867,33.806951],[-82.355867,33.81431],[-82.347036,33.822552],[-82.358075,33.826379],[-82.377061,33.824613],[-82.393398,33.817548],[-82.407381,33.814015],[-82.424601,33.819903],[-82.44241,33.829028],[-82.458158,33.834915],[-82.458158,33.841686],[-82.436523,33.841391],[-82.416653,33.836093],[-82.397078,33.834032],[-82.376178,33.841686],[-82.396489,33.85346],[-82.495395,33.883485],[-82.501136,33.887606],[-82.489508,33.889667],[-82.478764,33.892905],[-82.483474,33.89997],[-82.509819,33.922341],[-82.533663,33.914982],[-82.557212,33.898498],[-82.567956,33.879659],[-82.568692,33.853166],[-82.572519,33.844041],[-82.581644,33.834915],[-82.588414,33.834327],[-82.585912,33.845807],[-82.580025,33.860819],[-82.575462,33.869062],[-82.582527,33.894966],[-82.568545,33.913805],[-82.520858,33.937943],[-82.520858,33.944713],[-82.56148,33.945007],[-82.580172,33.940886],[-82.595921,33.930584],[-82.601367,33.939709],[-82.600631,33.947362],[-82.594007,33.95325],[-82.581644,33.957959],[-82.60902,33.978859],[-82.58915,33.9715],[-82.584882,33.983569],[-82.586795,33.995049],[-82.595921,34.019776],[-82.566337,34.009768],[-82.56251,34.003586],[-82.561922,33.989456],[-82.558389,33.972678],[-82.550294,33.96002],[-82.541169,33.957665],[-82.534546,33.9715],[-82.513793,33.959431],[-82.461838,33.906151],[-82.455215,33.901442],[-82.449475,33.899675],[-82.443882,33.898792],[-82.4377,33.896437],[-82.433873,33.893199],[-82.425484,33.884663],[-82.424748,33.883191],[-82.402524,33.878187],[-82.396783,33.875832],[-82.391191,33.870828],[-82.381477,33.858759],[-82.376178,33.855521],[-82.355278,33.854343],[-82.36249,33.871122],[-82.389866,33.906151],[-82.39384,33.916454],[-82.414887,33.934116],[-82.424748,33.944713],[-82.431224,33.957959],[-82.439319,33.983569],[-82.44447,33.993283],[-82.420333,33.958843],[-82.405026,33.947068],[-82.396783,33.957959],[-82.389866,33.957959],[-82.390455,33.949717],[-82.388394,33.944419],[-82.383096,33.937943],[-82.381918,33.925874],[-82.378827,33.912039],[-82.373676,33.901147],[-82.357633,33.889078],[-82.344681,33.855521],[-82.339088,33.844924],[-82.301115,33.820491],[-82.280068,33.801063],[-82.269471,33.795765],[-82.260198,33.800769],[-82.253281,33.800769],[-82.253281,33.79341],[-82.250337,33.771038],[-82.238416,33.771921],[-82.225316,33.777514],[-82.219282,33.769566],[-82.220901,33.738953],[-82.218988,33.726295],[-82.211776,33.711282]]]}},{"type":"Feature","properties":{"name":"Shasta Lake","name_en":"Shasta","scalerank":6,"min_zoom":5},"geometry":{"type":"Polygon","coordinates":[[[-122.166702,40.762481],[-122.144624,40.764541],[-122.094582,40.78338],[-122.10827,40.765424],[-122.127698,40.751884],[-122.1511,40.743936],[-122.176563,40.742464],[-122.190987,40.746291],[-122.214977,40.758948],[-122.224986,40.762481],[-122.22896,40.760714],[-122.231609,40.75571],[-122.235289,40.751],[-122.241765,40.748646],[-122.248829,40.749823],[-122.255305,40.754533],[-122.262223,40.755416],[-122.361865,40.748646],[-122.375111,40.744524],[-122.38512,40.735105],[-122.39292,40.725685],[-122.399691,40.72127],[-122.410582,40.723919],[-122.417941,40.729512],[-122.427361,40.734222],[-122.44414,40.735105],[-122.435603,40.746585],[-122.42692,40.756005],[-122.420002,40.766896],[-122.416764,40.78338],[-122.390566,40.771312],[-122.384678,40.785441],[-122.391301,40.810168],[-122.403076,40.831362],[-122.367016,40.832539],[-122.349649,40.830773],[-122.334195,40.824297],[-122.347,40.811934],[-122.355095,40.795744],[-122.35377,40.781909],[-122.338022,40.776021],[-122.318446,40.777493],[-122.307555,40.782792],[-122.267227,40.835189],[-122.261193,40.849024],[-122.259132,40.868746],[-122.252803,40.873456],[-122.23941,40.880521],[-122.227341,40.893178],[-122.224986,40.913784],[-122.211298,40.893473],[-122.223661,40.86698],[-122.272673,40.811345],[-122.279002,40.78338],[-122.259721,40.76984],[-122.190692,40.793978],[-122.163611,40.790445],[-122.180684,40.781909],[-122.190692,40.772783],[-122.187749,40.765424],[-122.166702,40.762481]]]}},{"type":"Feature","properties":{"name":"Wheeler Lake","name_en":"Wheeler","scalerank":6,"min_zoom":5},"geometry":{"type":"Polygon","coordinates":[[[-86.917039,34.587604],[-86.911005,34.582306],[-86.898494,34.574652],[-86.937056,34.584955],[-87.002257,34.632642],[-87.052005,34.646772],[-87.07158,34.654719],[-87.089684,34.664728],[-87.097779,34.674147],[-87.108964,34.68239],[-87.131778,34.687688],[-87.149587,34.695636],[-87.145466,34.711826],[-87.174608,34.732137],[-87.192417,34.741851],[-87.211109,34.745972],[-87.236718,34.747738],[-87.272336,34.740379],[-87.279107,34.739791],[-87.291323,34.744795],[-87.34475,34.780707],[-87.367122,34.792776],[-87.388022,34.798075],[-87.409363,34.796014],[-87.432912,34.787183],[-87.447336,34.796603],[-87.485456,34.810144],[-87.524901,34.819563],[-87.540061,34.81662],[-87.570675,34.800724],[-87.602024,34.789538],[-87.668403,34.775409],[-87.700489,34.773348],[-87.686212,34.791893],[-87.662663,34.80043],[-87.636759,34.806611],[-87.615124,34.818386],[-87.597609,34.830749],[-87.573324,34.841641],[-87.546831,34.848411],[-87.499733,34.847822],[-87.460435,34.831927],[-87.443804,34.8281],[-87.324292,34.8281],[-87.320023,34.821329],[-87.31237,34.799252],[-87.306924,34.794542],[-87.301331,34.791304],[-87.287791,34.776586],[-87.279107,34.773348],[-87.267627,34.774231],[-87.234952,34.780707],[-87.193005,34.773642],[-87.115882,34.723012],[-87.070991,34.705056],[-87.028309,34.697991],[-87.007262,34.691515],[-86.991366,34.680918],[-86.986067,34.67297],[-86.970025,34.638235],[-86.960311,34.629993],[-86.927342,34.60821],[-86.921896,34.602617],[-86.919541,34.592609],[-86.917039,34.587604]]]}},{"type":"Feature","properties":{"name":"Franklin D. Roosevelt Lake","name_en":"Franklin D. Roosevelt","scalerank":7,"min_zoom":5.7},"geometry":{"type":"Polygon","coordinates":[[[-118.084018,48.667041],[-118.079897,48.665274],[-118.071949,48.664391],[-118.090347,48.615821],[-118.099031,48.609051],[-118.114338,48.609051],[-118.122874,48.605518],[-118.126407,48.594627],[-118.12729,48.571667],[-118.130381,48.554888],[-118.15393,48.513677],[-118.156432,48.50514],[-118.158198,48.491894],[-118.1607,48.486301],[-118.168501,48.479825],[-118.189254,48.470405],[-118.196024,48.465107],[-118.195877,48.412416],[-118.151869,48.266705],[-118.168207,48.232265],[-118.173064,48.256697],[-118.209123,48.341768],[-118.225313,48.396814],[-118.227227,48.425662],[-118.222811,48.458336],[-118.210301,48.491894],[-118.175418,48.545174],[-118.148779,48.598159],[-118.147012,48.605518],[-118.142744,48.610523],[-118.124052,48.622003],[-118.119784,48.626418],[-118.118459,48.645846],[-118.113896,48.660859],[-118.105507,48.673222],[-118.092408,48.684997],[-118.090494,48.682053],[-118.089906,48.680876],[-118.089023,48.679993],[-118.086226,48.677932],[-118.092408,48.670573],[-118.087256,48.669101],[-118.084018,48.667041]]]}},{"type":"Feature","properties":{"name":"Caballo Reservoir","name_en":"Caballo","scalerank":7,"min_zoom":5.7},"geometry":{"type":"Polygon","coordinates":[[[-107.280561,33.114312],[-107.273201,33.111368],[-107.265548,33.102243],[-107.265695,33.077222],[-107.279825,33.002159],[-107.286006,32.910318],[-107.293513,32.910318],[-107.311322,32.943581],[-107.313382,32.954472],[-107.311174,32.970368],[-107.301755,33.001276],[-107.297781,33.032479],[-107.289097,33.059855],[-107.286006,33.074867],[-107.289391,33.081343],[-107.296456,33.087819],[-107.301019,33.095473],[-107.296603,33.105187],[-107.288067,33.112251],[-107.280561,33.114312]]]}},{"type":"Feature","properties":{"name":"Elephant Butte Reservoir","name_en":"Elephant Butte","scalerank":7,"min_zoom":5.7},"geometry":{"type":"Polygon","coordinates":[[[-107.156339,33.293874],[-107.148538,33.281511],[-107.147214,33.260905],[-107.152071,33.239711],[-107.163109,33.224993],[-107.158694,33.210569],[-107.16046,33.192318],[-107.167672,33.177011],[-107.179888,33.170241],[-107.184745,33.179072],[-107.199905,33.218811],[-107.210943,33.231174],[-107.201671,33.239122],[-107.178858,33.249425],[-107.16988,33.259139],[-107.174442,33.270914],[-107.183568,33.331258],[-107.187247,33.338912],[-107.194018,33.347154],[-107.197256,33.355102],[-107.190485,33.362755],[-107.180624,33.363638],[-107.17194,33.35834],[-107.165464,33.349803],[-107.153395,33.310358],[-107.148833,33.300056],[-107.156339,33.293874]]]}},{"type":"Feature","properties":{"name":"Red Bluff Lake","name_en":"Red Bluff","scalerank":7,"min_zoom":5.7},"geometry":{"type":"Polygon","coordinates":[[[-103.8783,31.950985],[-103.883746,31.939799],[-103.886837,31.929202],[-103.882568,31.919194],[-103.882274,31.911834],[-103.897139,31.908891],[-103.912593,31.911246],[-103.916567,31.917722],[-103.916862,31.926553],[-103.921572,31.936855],[-103.927164,31.942743],[-103.932169,31.946864],[-103.937909,31.949513],[-103.945415,31.950396],[-103.950125,31.953634],[-103.948506,31.960993],[-103.944385,31.968058],[-103.94203,31.971002],[-103.970583,32.001027],[-103.981475,32.020455],[-103.983094,32.046653],[-103.973674,32.034879],[-103.970436,32.028108],[-103.968817,32.018689],[-103.958661,32.012507],[-103.948359,32.008386],[-103.93732,32.006325],[-103.924662,32.005737],[-103.918481,32.000438],[-103.90391,31.967469],[-103.884629,31.958344],[-103.8783,31.950985]]]}},{"type":"Feature","properties":{"name":"Brantley Lake","name_en":"Brantley","scalerank":7,"min_zoom":5.7},"geometry":{"type":"Polygon","coordinates":[[[-104.289085,32.750183],[-104.28467,32.744885],[-104.270393,32.717803],[-104.293942,32.633615],[-104.311457,32.61507],[-104.327647,32.608006],[-104.338391,32.607417],[-104.344278,32.613304],[-104.346192,32.624784],[-104.33898,32.639503],[-104.32485,32.653338],[-104.314548,32.665701],[-104.318816,32.676592],[-104.312487,32.688661],[-104.313812,32.69867],[-104.317491,32.707795],[-104.318816,32.717803],[-104.315136,32.728106],[-104.309691,32.736643],[-104.305275,32.746062],[-104.305275,32.75872],[-104.298799,32.757248],[-104.293648,32.754599],[-104.289085,32.750183]]]}},{"type":"Feature","properties":{"name":"Lake C.W. McConaughy","name_en":"McConaughy","scalerank":7,"min_zoom":5.7},"geometry":{"type":"Polygon","coordinates":[[[-101.685729,41.215213],[-101.752255,41.226104],[-101.911948,41.29057],[-101.966994,41.303522],[-102.009235,41.29734],[-101.984656,41.309998],[-101.951392,41.315591],[-101.918129,41.31353],[-101.893108,41.303522],[-101.883836,41.309704],[-101.873533,41.31147],[-101.862642,41.309409],[-101.852192,41.303522],[-101.767709,41.274674],[-101.707365,41.267904],[-101.681461,41.262017],[-101.638778,41.242883],[-101.638778,41.236113],[-101.646431,41.231697],[-101.663063,41.219923],[-101.673513,41.215507],[-101.685729,41.215213]]]}},{"type":"Feature","properties":{"name":"Seminoe Reservoir","name_en":"Seminoe Reservoir","scalerank":7,"min_zoom":5.7},"geometry":{"type":"Polygon","coordinates":[[[-106.826945,42.083881],[-106.786029,42.072107],[-106.689919,42.016766],[-106.706992,42.015294],[-106.77867,42.03796],[-106.79692,42.037372],[-106.818998,42.033251],[-106.831067,42.024714],[-106.819586,42.010585],[-106.826945,42.003225],[-106.820322,41.965547],[-106.844313,41.944941],[-106.883758,41.93611],[-106.923203,41.934344],[-106.90819,41.940526],[-106.87478,41.948179],[-106.861239,41.955244],[-106.850495,41.967902],[-106.848434,41.979971],[-106.857118,42.037077],[-106.863594,42.056505],[-106.880814,42.067986],[-106.915696,42.072107],[-106.895091,42.098011],[-106.89303,42.125975],[-106.895532,42.15394],[-106.888468,42.181316],[-106.866832,42.162182],[-106.861239,42.15394],[-106.842252,42.149819],[-106.825768,42.142754],[-106.811344,42.13304],[-106.799128,42.119794],[-106.811491,42.111846],[-106.822383,42.107725],[-106.830183,42.101837],[-106.833274,42.088885],[-106.826945,42.083881]]]}},{"type":"Feature","properties":{"name":"Trinity Lake","name_en":"Trinity","scalerank":7,"min_zoom":5.7},"geometry":{"type":"Polygon","coordinates":[[[-122.628853,41.022404],[-122.626793,41.023287],[-122.624732,41.02417],[-122.615018,41.029763],[-122.606482,41.035945],[-122.617079,41.015634],[-122.631355,40.998266],[-122.656082,40.979133],[-122.671683,40.956467],[-122.662411,40.954995],[-122.65255,40.956761],[-122.66506,40.946753],[-122.677276,40.93645],[-122.67654,40.922615],[-122.66506,40.913195],[-122.678748,40.906425],[-122.678307,40.886997],[-122.690964,40.882876],[-122.70583,40.883759],[-122.717015,40.875516],[-122.722903,40.862859],[-122.7335,40.850201],[-122.738946,40.835189],[-122.725405,40.831951],[-122.713041,40.825769],[-122.720401,40.821648],[-122.729232,40.821648],[-122.742036,40.821942],[-122.754547,40.82047],[-122.769707,40.838721],[-122.797377,40.835189],[-122.78781,40.842842],[-122.786338,40.853145],[-122.799437,40.856972],[-122.813861,40.856972],[-122.837116,40.862859],[-122.855661,40.876988],[-122.839324,40.869924],[-122.821956,40.868452],[-122.815922,40.87169],[-122.809593,40.874633],[-122.798113,40.874633],[-122.78678,40.874928],[-122.776477,40.882876],[-122.769265,40.893178],[-122.765438,40.898771],[-122.763819,40.905542],[-122.763378,40.913489],[-122.759845,40.92026],[-122.756019,40.901421],[-122.754105,40.881698],[-122.728643,40.884347],[-122.705241,40.916727],[-122.702297,40.927913],[-122.703916,40.940277],[-122.692436,40.949696],[-122.686696,40.964414],[-122.685518,40.972362],[-122.684341,40.98031],[-122.680956,40.988258],[-122.678307,40.9965],[-122.681839,41.00798],[-122.68699,41.019461],[-122.690081,41.047425],[-122.689198,41.075684],[-122.684635,41.071269],[-122.680661,41.06597],[-122.679337,41.058611],[-122.677423,41.050957],[-122.670947,41.043893],[-122.665207,41.036239],[-122.664766,41.029763],[-122.665207,41.023582],[-122.657995,41.017106],[-122.645043,41.021521],[-122.636801,41.021521],[-122.628853,41.022404]]]}},{"type":"Feature","properties":{"name":"John H. Kerr Reservoir","name_en":"Kerr","scalerank":7,"min_zoom":5.7},"geometry":{"type":"Polygon","coordinates":[[[-78.295555,36.609886],[-78.277157,36.601644],[-78.275686,36.582804],[-78.283486,36.561905],[-78.29217,36.547775],[-78.343978,36.497144],[-78.349718,36.477422],[-78.348099,36.454167],[-78.35016,36.436211],[-78.367233,36.432384],[-78.370912,36.442098],[-78.374592,36.504209],[-78.366055,36.516572],[-78.348099,36.526581],[-78.333087,36.539827],[-78.333087,36.56161],[-78.34648,36.573679],[-78.36738,36.574857],[-78.411829,36.568969],[-78.417128,36.572796],[-78.422868,36.579566],[-78.429932,36.583982],[-78.439499,36.579272],[-78.444503,36.568086],[-78.442443,36.555723],[-78.438175,36.543654],[-78.436114,36.534234],[-78.436114,36.530113],[-78.434789,36.52717],[-78.429932,36.521282],[-78.440971,36.523932],[-78.448772,36.528053],[-78.463343,36.541005],[-78.465109,36.546303],[-78.46452,36.553074],[-78.465992,36.558961],[-78.473646,36.56161],[-78.498225,36.555429],[-78.50735,36.561021],[-78.51309,36.567792],[-78.519714,36.573385],[-78.531782,36.57574],[-78.53973,36.571619],[-78.548414,36.563376],[-78.559158,36.557783],[-78.573288,36.56161],[-78.556951,36.577211],[-78.542085,36.586042],[-78.504407,36.596345],[-78.506909,36.603999],[-78.508969,36.60547],[-78.511766,36.602527],[-78.521333,36.611946],[-78.600075,36.657867],[-78.609347,36.659928],[-78.632749,36.662577],[-78.64158,36.665226],[-78.645554,36.670819],[-78.648056,36.679061],[-78.652766,36.687304],[-78.662774,36.692602],[-78.696185,36.678767],[-78.716643,36.678178],[-78.732686,36.682299],[-78.745932,36.691719],[-78.75756,36.706143],[-78.69854,36.697312],[-78.681761,36.703788],[-78.690003,36.733519],[-78.694566,36.737934],[-78.707076,36.744705],[-78.709873,36.74706],[-78.709284,36.756774],[-78.705752,36.75854],[-78.700895,36.757951],[-78.696185,36.760895],[-78.687648,36.770609],[-78.680436,36.77679],[-78.676021,36.785327],[-78.675727,36.801811],[-78.665424,36.797101],[-78.658359,36.791803],[-78.656887,36.786504],[-78.662774,36.781206],[-78.655268,36.781206],[-78.664541,36.762367],[-78.660861,36.741467],[-78.649087,36.721744],[-78.63481,36.706143],[-78.605962,36.68907],[-78.596837,36.682005],[-78.585357,36.67759],[-78.56063,36.685243],[-78.54915,36.682005],[-78.504112,36.631669],[-78.476,36.620483],[-78.466875,36.614007],[-78.458633,36.610475],[-78.449802,36.616951],[-78.44833,36.626959],[-78.455248,36.635496],[-78.461135,36.644915],[-78.456572,36.657867],[-78.435084,36.644621],[-78.414184,36.626959],[-78.392254,36.616362],[-78.367233,36.62431],[-78.354428,36.606942],[-78.337649,36.603704],[-78.295555,36.609886]]]}},{"type":"Feature","properties":{"name":"Lake Texoma","name_en":"Texoma","scalerank":7,"min_zoom":5.7},"geometry":{"type":"Polygon","coordinates":[[[-96.671383,33.851694],[-96.675799,33.845807],[-96.686101,33.840803],[-96.705529,33.834915],[-96.726135,33.830794],[-96.784272,33.828145],[-96.788687,33.822552],[-96.787068,33.810189],[-96.781181,33.789878],[-96.779562,33.779575],[-96.777501,33.773099],[-96.778826,33.771038],[-96.787363,33.773393],[-96.798254,33.783107],[-96.812972,33.801652],[-96.821067,33.819903],[-96.811648,33.828145],[-96.805172,33.832266],[-96.803553,33.841686],[-96.80576,33.851105],[-96.811648,33.855521],[-96.845941,33.853755],[-96.856244,33.855521],[-96.878615,33.86759],[-96.885091,33.882897],[-96.888182,33.900853],[-96.900398,33.920575],[-96.909524,33.928523],[-96.91909,33.933822],[-96.92954,33.936765],[-96.941609,33.937943],[-96.954856,33.934999],[-96.962804,33.928523],[-96.968102,33.921458],[-96.972959,33.916749],[-96.977227,33.914394],[-96.980024,33.911744],[-96.986647,33.902619],[-96.994301,33.920575],[-96.99592,33.935588],[-96.993417,33.968262],[-96.928216,33.978859],[-96.893628,33.972678],[-96.86846,33.956488],[-96.858451,33.934116],[-96.869343,33.909978],[-96.855802,33.889667],[-96.836963,33.884368],[-96.791189,33.889667],[-96.772939,33.882014],[-96.756454,33.867001],[-96.739087,33.856404],[-96.718481,33.861408],[-96.709356,33.880542],[-96.712888,33.928229],[-96.708914,33.937943],[-96.630908,33.925579],[-96.608684,33.930584],[-96.594112,33.949423],[-96.603679,33.966496],[-96.621047,33.982097],[-96.630319,33.996227],[-96.660197,34.024191],[-96.669764,34.045386],[-96.650925,34.060693],[-96.647834,34.05716],[-96.637237,34.050095],[-96.623696,34.043031],[-96.612363,34.039793],[-96.588814,34.064225],[-96.579689,34.07129],[-96.53833,34.086597],[-96.526703,34.088068],[-96.522288,34.072761],[-96.528764,34.06187],[-96.551577,34.043325],[-96.554226,34.033905],[-96.553932,34.022425],[-96.558494,34.012122],[-96.575126,34.006235],[-96.568944,33.991517],[-96.562174,33.981803],[-96.556728,33.9715],[-96.554668,33.954427],[-96.551577,33.945596],[-96.545101,33.94383],[-96.540097,33.941181],[-96.54098,33.930584],[-96.544365,33.930878],[-96.562616,33.921458],[-96.568208,33.916749],[-96.567914,33.910272],[-96.578511,33.858464],[-96.552607,33.834621],[-96.54098,33.828145],[-96.572035,33.826967],[-96.581896,33.828145],[-96.593671,33.832266],[-96.61722,33.845218],[-96.650336,33.855521],[-96.66476,33.857581],[-96.671383,33.851694]]]}},{"type":"Feature","properties":{"name":"Flaming Gorge Reservoir","name_en":"Flaming Gorge","scalerank":7,"min_zoom":5.7},"geometry":{"type":"Polygon","coordinates":[[[-109.563502,41.027703],[-109.561147,41.036828],[-109.560852,41.051546],[-109.562324,41.060377],[-109.568211,41.067736],[-109.581605,41.077745],[-109.570272,41.077156],[-109.555995,41.079511],[-109.547017,41.085398],[-109.550991,41.095112],[-109.55938,41.104532],[-109.55835,41.108947],[-109.552904,41.11248],[-109.535095,41.137501],[-109.534948,41.148098],[-109.560116,41.15634],[-109.561883,41.164876],[-109.560705,41.176062],[-109.561147,41.187542],[-109.564532,41.207265],[-109.571155,41.217273],[-109.585137,41.221689],[-109.590436,41.225515],[-109.59544,41.234641],[-109.598089,41.245827],[-109.595882,41.256424],[-109.586609,41.2629],[-109.57248,41.265843],[-109.559822,41.270259],[-109.554376,41.280267],[-109.549666,41.28586],[-109.519494,41.311175],[-109.515962,41.307937],[-109.51449,41.304699],[-109.512724,41.29734],[-109.518022,41.281739],[-109.528619,41.272025],[-109.554376,41.256424],[-109.533182,41.236996],[-109.523026,41.218156],[-109.519788,41.196962],[-109.519494,41.170764],[-109.516698,41.157223],[-109.503157,41.137795],[-109.499036,41.12602],[-109.501391,41.115423],[-109.519494,41.085104],[-109.527884,41.062438],[-109.529355,41.045659],[-109.523615,41.030352],[-109.509633,41.01269],[-109.512429,40.997678],[-109.538039,40.984431],[-109.588523,40.968536],[-109.581605,40.961471],[-109.597501,40.959999],[-109.606479,40.95264],[-109.607951,40.940865],[-109.60221,40.92703],[-109.617959,40.928208],[-109.623993,40.933801],[-109.624288,40.94116],[-109.618253,40.963237],[-109.611777,40.970596],[-109.588523,40.982076],[-109.615015,40.994145],[-109.625465,41.002093],[-109.629439,41.016223],[-109.624435,41.021521],[-109.613102,41.015634],[-109.599561,41.006803],[-109.588523,41.002682],[-109.578367,41.007097],[-109.569683,41.016517],[-109.563502,41.027703]]]}},{"type":"Feature","properties":{"name":"American Falls Reservoir","name_en":"American Falls Reservoir","scalerank":7,"min_zoom":5.7},"geometry":{"type":"Polygon","coordinates":[[[-112.620179,43.004947],[-112.606785,42.99641],[-112.581028,42.991111],[-112.583383,42.979337],[-112.601781,42.965796],[-112.624153,42.955199],[-112.664922,42.944013],[-112.680229,42.937537],[-112.695977,42.925174],[-112.70054,42.916049],[-112.704072,42.903097],[-112.708782,42.891911],[-112.71673,42.886907],[-112.73969,42.886023],[-112.75014,42.884257],[-112.760738,42.880725],[-112.828588,42.825679],[-112.851696,42.818908],[-112.856995,42.815376],[-112.85935,42.811255],[-112.864648,42.813316],[-112.874362,42.822441],[-112.878189,42.829506],[-112.875098,42.834804],[-112.869211,42.839514],[-112.864354,42.845401],[-112.854493,42.861297],[-112.819316,42.900447],[-112.805481,42.908101],[-112.800182,42.912222],[-112.784728,42.930472],[-112.778399,42.934888],[-112.763976,42.937243],[-112.759413,42.943424],[-112.758235,42.951961],[-112.754556,42.961969],[-112.716289,43.032322],[-112.690385,43.065586],[-112.672575,43.05911],[-112.662861,43.045569],[-112.620179,43.004947]]]}},{"type":"Feature","properties":{"name":"Presa de la Boquilla","name_en":"La Boquilla Dam","scalerank":7,"min_zoom":5.7},"geometry":{"type":"Polygon","coordinates":[[[-105.421062,27.554068],[-105.403401,27.564076],[-105.38147,27.58527],[-105.38412,27.572024],[-105.393245,27.549064],[-105.395158,27.540527],[-105.401929,27.530813],[-105.417972,27.52993],[-105.435928,27.531696],[-105.449027,27.530519],[-105.450204,27.523748],[-105.457564,27.508441],[-105.465659,27.499905],[-105.469632,27.512857],[-105.477286,27.516389],[-105.494653,27.513151],[-105.524826,27.503143],[-105.528358,27.509619],[-105.545284,27.523748],[-105.560738,27.515801],[-105.580166,27.509619],[-105.600919,27.50697],[-105.620347,27.509619],[-105.63742,27.517861],[-105.650961,27.527869],[-105.666562,27.535523],[-105.689375,27.5367],[-105.678042,27.537878],[-105.658909,27.543176],[-105.648311,27.54406],[-105.637714,27.541999],[-105.61446,27.532579],[-105.603421,27.530519],[-105.580902,27.536112],[-105.553379,27.557306],[-105.531596,27.557895],[-105.515112,27.540233],[-105.510549,27.5367],[-105.497744,27.537584],[-105.477433,27.547886],[-105.466394,27.550536],[-105.440343,27.55083],[-105.421062,27.554068]]]}},{"type":"Feature","properties":{"name":"Petenwell Lake","name_en":"Petenwell","scalerank":7,"min_zoom":5.7},"geometry":{"type":"Polygon","coordinates":[[[-89.889381,44.252462],[-89.884082,44.244514],[-89.883641,44.2348],[-89.903657,44.182992],[-89.910722,44.1721],[-89.948695,44.140898],[-89.957673,44.130301],[-89.961794,44.120881],[-89.962972,44.110578],[-89.962972,44.096449],[-89.968418,44.082319],[-89.994616,44.065835],[-90.003888,44.052],[-90.004624,44.031394],[-89.994469,44.024035],[-89.979456,44.021386],[-89.966063,44.014616],[-89.963708,44.00814],[-89.96253,43.993421],[-89.959292,43.990478],[-89.95473,43.988417],[-89.949284,43.983119],[-89.94428,43.976643],[-89.941189,43.970167],[-89.941189,43.911882],[-89.943544,43.898342],[-89.947665,43.886567],[-89.948401,43.874498],[-89.941189,43.860369],[-89.948695,43.852715],[-89.964149,43.865667],[-89.985638,43.895104],[-90.003888,43.908056],[-90.04716,43.926895],[-90.062761,43.943085],[-90.050987,43.962513],[-90.040978,43.958686],[-90.031853,43.941024],[-90.018607,43.925718],[-89.996382,43.92925],[-89.985638,43.94544],[-89.980781,43.970755],[-89.984755,43.99401],[-90.011836,44.012555],[-90.019048,44.031689],[-90.022728,44.053472],[-90.023758,44.069367],[-90.04142,44.106457],[-90.042892,44.125591],[-90.020667,44.134127],[-89.958704,44.17681],[-89.948695,44.178871],[-89.942955,44.201831],[-89.929709,44.222731],[-89.900861,44.258055],[-89.889381,44.252462]]]}},{"type":"Feature","properties":{"name":"Lake Seminole","name_en":"Seminole","scalerank":7,"min_zoom":5.7},"geometry":{"type":"Polygon","coordinates":[[[-84.676192,30.804731],[-84.664712,30.827103],[-84.654115,30.807086],[-84.657206,30.798844],[-84.692676,30.792368],[-84.711957,30.785597],[-84.72594,30.778827],[-84.741247,30.773823],[-84.764207,30.771762],[-84.769653,30.769702],[-84.783635,30.760282],[-84.791877,30.758221],[-84.832941,30.758221],[-84.852663,30.752334],[-84.86223,30.739088],[-84.870031,30.722898],[-84.884455,30.709651],[-84.906679,30.73114],[-84.919337,30.740265],[-84.935968,30.743798],[-84.949215,30.750274],[-84.95731,30.764403],[-84.958046,30.778533],[-84.949215,30.784714],[-84.941267,30.861838],[-84.94583,30.88156],[-84.948332,30.892157],[-84.952747,30.900988],[-84.958929,30.908347],[-84.966435,30.915118],[-84.966435,30.922477],[-84.959518,30.922477],[-84.935233,30.890097],[-84.92125,30.810618],[-84.904913,30.771762],[-84.8821,30.778827],[-84.848984,30.780299],[-84.823374,30.78442],[-84.822933,30.799138],[-84.793349,30.809735],[-84.77083,30.841232],[-84.740952,30.908936],[-84.742866,30.890685],[-84.747281,30.874201],[-84.764501,30.835345],[-84.77083,30.814739],[-84.767739,30.805908],[-84.742866,30.795311],[-84.707247,30.794428],[-84.676192,30.804731]]]}},{"type":"Feature","properties":{"name":"Lake Barkley","name_en":"Barkley","scalerank":8,"min_zoom":6},"geometry":{"type":"Polygon","coordinates":[[[-87.953789,36.767665],[-87.938335,36.72616],[-87.882112,36.64727],[-87.885497,36.609886],[-87.888293,36.606354],[-87.895947,36.598994],[-87.899774,36.596345],[-87.903159,36.606648],[-87.904631,36.627842],[-87.90728,36.63785],[-87.91405,36.64727],[-87.94069,36.675235],[-87.946872,36.684949],[-87.977191,36.717329],[-87.989113,36.733519],[-87.995589,36.750298],[-87.997208,36.765899],[-87.995295,36.805049],[-87.998091,36.826832],[-88.004862,36.846555],[-88.01384,36.863628],[-88.047839,36.910726],[-88.054904,36.929271],[-88.061527,36.997858],[-88.069769,37.016403],[-88.084781,37.027589],[-88.110538,37.025528],[-88.120841,37.0061],[-88.125992,36.983728],[-88.136295,36.973131],[-88.159256,36.973426],[-88.180891,36.976958],[-88.198112,36.987261],[-88.208267,37.007866],[-88.19664,37.005806],[-88.174857,36.995209],[-88.167203,36.993442],[-88.153516,36.997563],[-88.15013,37.002568],[-88.15013,37.010221],[-88.146156,37.021407],[-88.133499,37.036125],[-88.091552,37.062618],[-88.0864,37.05938],[-88.071094,37.054964],[-88.054315,37.031415],[-88.050635,37.027589],[-88.039155,37.028766],[-88.013987,37.039363],[-88.005598,37.03848],[-88.001182,37.027883],[-88.005598,37.017875],[-88.012662,37.009927],[-88.016489,37.004039],[-88.014723,36.991087],[-88.009866,36.985789],[-88.003095,36.981962],[-87.995295,36.973131],[-87.990732,36.962828],[-87.981754,36.932215],[-87.975131,36.923384],[-87.957322,36.906016],[-87.953789,36.901012],[-87.94908,36.878935],[-87.936716,36.878346],[-87.919496,36.884822],[-87.899774,36.883645],[-87.886527,36.874225],[-87.886233,36.86716],[-87.892709,36.861862],[-87.899774,36.856857],[-87.934214,36.844788],[-87.937305,36.842728],[-87.942751,36.833308],[-87.948049,36.810937],[-87.953789,36.767665]]]}},{"type":"Feature","properties":{"name":"Presa Marte R. Gomez","name_en":"Presa Marte R. Gomez","scalerank":8,"min_zoom":6},"geometry":{"type":"Polygon","coordinates":[[[-98.921797,26.276822],[-98.910905,26.249152],[-98.895893,26.18969],[-98.915615,26.187924],[-98.928273,26.191456],[-98.9399,26.193223],[-98.956826,26.186452],[-98.960064,26.176149],[-98.952116,26.162609],[-98.941078,26.148185],[-98.934749,26.13641],[-98.934749,26.116688],[-98.942697,26.111978],[-98.957415,26.112861],[-98.977137,26.110212],[-98.994505,26.097849],[-99.012755,26.061642],[-99.02556,26.047218],[-99.036746,26.045157],[-99.035863,26.057521],[-99.024971,26.086368],[-99.021586,26.099909],[-99.02085,26.111095],[-99.022764,26.121986],[-99.027179,26.134938],[-99.024824,26.149951],[-99.013786,26.157899],[-99.012314,26.164375],[-99.037923,26.174972],[-99.056321,26.177327],[-99.070745,26.173206],[-99.085316,26.16673],[-99.103567,26.162314],[-99.099887,26.183803],[-99.098562,26.210296],[-99.094,26.225014],[-99.079429,26.212356],[-99.0731,26.211179],[-99.021733,26.212651],[-99.014963,26.217655],[-99.010106,26.23149],[-98.983613,26.209118],[-98.969337,26.230901],[-98.958004,26.266814],[-98.940342,26.287125],[-98.921797,26.276822]]]}},{"type":"Feature","properties":{"name":"Lake Moultrie","name_en":"Moultrie","scalerank":8,"min_zoom":6},"geometry":{"type":"Polygon","coordinates":[[[-80.080874,33.231469],[-80.087203,33.240594],[-80.096475,33.259433],[-80.10457,33.269147],[-80.113107,33.27268],[-80.135184,33.275035],[-80.142396,33.280039],[-80.143426,33.287692],[-80.137244,33.308003],[-80.135478,33.317423],[-80.131357,33.325665],[-80.112518,33.334496],[-80.10825,33.345093],[-80.104423,33.351569],[-80.080874,33.368937],[-80.080285,33.374235],[-80.075428,33.388365],[-80.069982,33.398962],[-80.067333,33.393369],[-80.057913,33.383949],[-80.013317,33.388365],[-79.998452,33.382478],[-79.998452,33.375707],[-79.993595,33.369231],[-79.980643,33.356279],[-79.977993,33.352158],[-79.981084,33.343916],[-79.988002,33.340384],[-79.995067,33.338323],[-79.998452,33.334496],[-79.992123,33.317423],[-79.979465,33.306237],[-79.971959,33.294463],[-79.985205,33.268853],[-79.987707,33.252369],[-79.990945,33.245893],[-79.998746,33.242066],[-80.020971,33.233529],[-80.02568,33.227936],[-80.033481,33.215868],[-80.050996,33.216751],[-80.069688,33.224404],[-80.080874,33.231469]]]}},{"type":"Feature","properties":{"name":"Lake Marion","name_en":"Marion","scalerank":8,"min_zoom":6},"geometry":{"type":"Polygon","coordinates":[[[-80.183312,33.509054],[-80.154612,33.428398],[-80.150932,33.406321],[-80.159469,33.396607],[-80.183312,33.398373],[-80.212454,33.404555],[-80.23306,33.416918],[-80.231735,33.436935],[-80.276773,33.437524],[-80.291197,33.431931],[-80.28634,33.416624],[-80.325932,33.423689],[-80.368762,33.438996],[-80.408943,33.461073],[-80.440292,33.488449],[-80.476205,33.539668],[-80.488126,33.546733],[-80.500195,33.552031],[-80.516238,33.564983],[-80.529337,33.582645],[-80.53287,33.602073],[-80.521684,33.589416],[-80.484447,33.567338],[-80.463547,33.539079],[-80.451331,33.52966],[-80.441617,33.52966],[-80.443383,33.539962],[-80.42263,33.52701],[-80.407029,33.505522],[-80.389367,33.487566],[-80.36155,33.484916],[-80.348303,33.490509],[-80.345654,33.496985],[-80.344182,33.504639],[-80.334174,33.512881],[-80.322988,33.501401],[-80.316365,33.501401],[-80.314304,33.519063],[-80.291344,33.505816],[-80.280158,33.501695],[-80.265882,33.499046],[-80.251311,33.500223],[-80.22629,33.510232],[-80.214073,33.512881],[-80.21113,33.517296],[-80.200386,33.524361],[-80.188758,33.52495],[-80.183312,33.509054]]]}},{"type":"Feature","properties":{"name":"Lake Meredith","name_en":"Meredith","scalerank":8,"min_zoom":6},"geometry":{"type":"Polygon","coordinates":[[[-101.771683,35.491008],[-101.798617,35.486887],[-101.824963,35.486592],[-101.809509,35.501605],[-101.771242,35.516912],[-101.756082,35.534279],[-101.730031,35.599628],[-101.715018,35.616996],[-101.667625,35.648198],[-101.652907,35.664094],[-101.648492,35.674691],[-101.648197,35.681167],[-101.644371,35.684405],[-101.629064,35.685288],[-101.615523,35.689409],[-101.614934,35.699712],[-101.622146,35.711192],[-101.632449,35.719434],[-101.614345,35.718846],[-101.606545,35.716491],[-101.59845,35.71237],[-101.586234,35.734153],[-101.568572,35.737391],[-101.52324,35.726205],[-101.533543,35.717374],[-101.592415,35.687937],[-101.615817,35.672631],[-101.625679,35.65438],[-101.632007,35.637601],[-101.647167,35.619939],[-101.664976,35.604927],[-101.702066,35.584616],[-101.72223,35.569897],[-101.736801,35.550175],[-101.742394,35.523977],[-101.750783,35.501899],[-101.771683,35.491008]]]}},{"type":"Feature","properties":{"name":"Ute Reservoir","name_en":"Ute Lake","scalerank":8,"min_zoom":6},"geometry":{"type":"Polygon","coordinates":[[[-103.413793,35.376795],[-103.413793,35.36973],[-103.455446,35.356189],[-103.463688,35.356778],[-103.478554,35.361193],[-103.486207,35.362371],[-103.493713,35.36031],[-103.505046,35.351479],[-103.51005,35.349419],[-103.551556,35.349713],[-103.575105,35.353834],[-103.592031,35.362371],[-103.576724,35.369141],[-103.559651,35.370024],[-103.541695,35.368847],[-103.523738,35.36973],[-103.504016,35.3765],[-103.494891,35.38592],[-103.482822,35.417711],[-103.478995,35.414473],[-103.477523,35.411235],[-103.477082,35.407997],[-103.475904,35.403876],[-103.462952,35.390924],[-103.448528,35.381504],[-103.432191,35.3765],[-103.413793,35.376795]]]}},{"type":"Feature","properties":{"name":"Conchas Lake","name_en":"Conchas","scalerank":8,"min_zoom":6},"geometry":{"type":"Polygon","coordinates":[[[-104.174872,35.548114],[-104.167954,35.534279],[-104.162656,35.52221],[-104.165452,35.502782],[-104.174577,35.483649],[-104.188413,35.472169],[-104.168543,35.448619],[-104.171487,35.40682],[-104.191503,35.375617],[-104.223295,35.384154],[-104.236541,35.371496],[-104.246991,35.373262],[-104.257441,35.381799],[-104.270393,35.390335],[-104.285994,35.394456],[-104.313223,35.397989],[-104.325733,35.403876],[-104.309102,35.410352],[-104.291734,35.410646],[-104.256705,35.403876],[-104.261121,35.410941],[-104.264211,35.417711],[-104.216377,35.416239],[-104.191503,35.420949],[-104.191945,35.434784],[-104.196066,35.442143],[-104.198421,35.459511],[-104.201512,35.465987],[-104.211373,35.473935],[-104.243753,35.486592],[-104.229182,35.496012],[-104.222117,35.511908],[-104.215788,35.548114],[-104.191945,35.531041],[-104.182231,35.531924],[-104.174872,35.548114]]]}},{"type":"Feature","properties":{"name":"Toledo Bend Reservoir","name_en":"Toledo Bend","scalerank":8,"min_zoom":6},"geometry":{"type":"Polygon","coordinates":[[[-93.7691,31.456747],[-93.762477,31.460574],[-93.759092,31.466167],[-93.760711,31.470288],[-93.764096,31.474704],[-93.765862,31.480885],[-93.771896,31.491188],[-93.785879,31.499725],[-93.813107,31.512382],[-93.820025,31.517975],[-93.826207,31.525923],[-93.830769,31.535048],[-93.833566,31.54594],[-93.829003,31.543585],[-93.813107,31.538875],[-93.816051,31.561835],[-93.827826,31.578909],[-93.844163,31.591566],[-93.86153,31.600397],[-93.86153,31.607756],[-93.855496,31.613644],[-93.85476,31.618648],[-93.859028,31.623652],[-93.868301,31.628362],[-93.868301,31.635132],[-93.842397,31.644846],[-93.836804,31.676637],[-93.846959,31.709901],[-93.868301,31.72403],[-93.861972,31.741692],[-93.865651,31.758176],[-93.891261,31.804686],[-93.89862,31.8144],[-93.909806,31.819993],[-93.930411,31.827058],[-93.934385,31.830296],[-93.936888,31.838832],[-93.939978,31.840598],[-93.953961,31.839715],[-93.96706,31.842659],[-93.975155,31.84207],[-93.981336,31.844131],[-93.985016,31.855022],[-93.97854,31.860321],[-93.961761,31.857966],[-93.930411,31.847369],[-93.937918,31.874745],[-93.981484,31.90683],[-93.991786,31.925964],[-93.999146,31.94863],[-94.01769,31.967469],[-94.04227,31.982187],[-94.067585,31.991313],[-94.067585,31.998377],[-94.051837,32.003382],[-94.031967,31.998672],[-93.991786,31.983954],[-93.987371,31.974828],[-93.962497,31.942448],[-93.95764,31.933029],[-93.888759,31.90212],[-93.858734,31.876216],[-93.838864,31.848252],[-93.79471,31.762592],[-93.788381,31.744341],[-93.786173,31.725208],[-93.785732,31.628362],[-93.782494,31.609522],[-93.776312,31.592155],[-93.767481,31.576848],[-93.755706,31.563013],[-93.739222,31.560952],[-93.723915,31.578614],[-93.703898,31.614821],[-93.683882,31.628362],[-93.689033,31.609817],[-93.706842,31.572433],[-93.710669,31.549472],[-93.700513,31.545057],[-93.628688,31.54594],[-93.643112,31.533577],[-93.665631,31.524746],[-93.681821,31.515915],[-93.676522,31.504729],[-93.676522,31.497958],[-93.68447,31.49737],[-93.688444,31.495604],[-93.691977,31.493543],[-93.697569,31.491188],[-93.68712,31.475292],[-93.680644,31.46234],[-93.677406,31.4488],[-93.676522,31.432904],[-93.66622,31.425545],[-93.614853,31.444679],[-93.593953,31.443501],[-93.609407,31.435259],[-93.626333,31.422307],[-93.633987,31.407589],[-93.621182,31.394931],[-93.634723,31.356664],[-93.634576,31.343712],[-93.628688,31.326639],[-93.617797,31.304267],[-93.608819,31.298968],[-93.574084,31.313098],[-93.577175,31.28896],[-93.58527,31.274536],[-93.588066,31.262467],[-93.574084,31.244217],[-93.580707,31.229204],[-93.577322,31.216252],[-93.570404,31.204477],[-93.566577,31.192997],[-93.574084,31.181223],[-93.591157,31.171509],[-93.610732,31.164738],[-93.625009,31.162089],[-93.635753,31.16621],[-93.631043,31.17563],[-93.622359,31.186816],[-93.621182,31.196235],[-93.6359,31.202711],[-93.650913,31.19653],[-93.676522,31.175924],[-93.676228,31.187404],[-93.674168,31.195941],[-93.671518,31.2033],[-93.669752,31.210659],[-93.661068,31.213014],[-93.656211,31.216841],[-93.656064,31.223611],[-93.660627,31.229204],[-93.667103,31.230676],[-93.674168,31.231265],[-93.680202,31.234208],[-93.698747,31.239212],[-93.721413,31.230087],[-93.759092,31.2033],[-93.75865,31.222434],[-93.759092,31.223611],[-93.748347,31.228027],[-93.743049,31.233619],[-93.745845,31.239507],[-93.759092,31.244217],[-93.766156,31.243334],[-93.787792,31.237741],[-93.800008,31.238035],[-93.800008,31.244217],[-93.706842,31.265705],[-93.69021,31.278363],[-93.762771,31.291904],[-93.77955,31.298674],[-93.77955,31.306327],[-93.732452,31.301618],[-93.71214,31.306033],[-93.703898,31.323695],[-93.694626,31.366966],[-93.697275,31.380213],[-93.717439,31.375209],[-93.711257,31.387866],[-93.709933,31.398463],[-93.715084,31.405823],[-93.728036,31.408766],[-93.743343,31.406411],[-93.771308,31.396992],[-93.782641,31.394931],[-93.797065,31.39287],[-93.821202,31.383451],[-93.833566,31.38139],[-93.84431,31.384628],[-93.835626,31.392576],[-93.806926,31.408766],[-93.798831,31.414653],[-93.789853,31.42319],[-93.782494,31.434081],[-93.778225,31.454687],[-93.774546,31.456453],[-93.7691,31.456747]]]}},{"type":"Feature","properties":{"name":"Palisades Reservoir","name_en":"Palisades Reservoir","scalerank":8,"min_zoom":6},"geometry":{"type":"Polygon","coordinates":[[[-111.150713,43.284298],[-111.154098,43.296073],[-111.154098,43.303726],[-111.155864,43.310497],[-111.164401,43.319033],[-111.173526,43.321977],[-111.19163,43.320505],[-111.199136,43.325215],[-111.194426,43.337284],[-111.16705,43.340816],[-111.109796,43.338755],[-111.109796,43.332574],[-111.115095,43.331396],[-111.115684,43.328453],[-111.114948,43.324332],[-111.115978,43.319033],[-111.114948,43.289891],[-111.052543,43.214534],[-111.041357,43.175089],[-111.095078,43.205703],[-111.14041,43.265459],[-111.150713,43.284298]]]}},{"type":"Feature","properties":{"name":"Glendo Reservoir","name_en":"Glendo Reservoir","scalerank":8,"min_zoom":6},"geometry":{"type":"Polygon","coordinates":[[[-104.932712,42.562517],[-104.921232,42.551037],[-104.914756,42.541029],[-104.916669,42.53367],[-104.925942,42.522778],[-104.929033,42.517185],[-104.930063,42.508943],[-104.929033,42.482745],[-104.935214,42.482745],[-104.938011,42.493342],[-104.945812,42.497757],[-104.956997,42.498052],[-104.969949,42.49658],[-104.962002,42.506294],[-104.95479,42.513358],[-104.951552,42.520423],[-104.955673,42.530726],[-104.963621,42.534258],[-104.990702,42.541617],[-104.996589,42.547799],[-104.992468,42.556336],[-104.97407,42.564872],[-104.969949,42.575469],[-104.975542,42.585183],[-105.002035,42.587833],[-105.010866,42.599607],[-104.943604,42.600785],[-104.929916,42.596664],[-104.922115,42.585478],[-104.936981,42.574292],[-104.932712,42.562517]]]}},{"type":"Feature","properties":{"name":"Pathfinder Reservoir","name_en":"Pathfinder","scalerank":8,"min_zoom":6},"geometry":{"type":"Polygon","coordinates":[[[-106.899212,42.265798],[-106.914224,42.283166],[-106.924969,42.302594],[-106.929384,42.318489],[-106.92806,42.334679],[-106.922908,42.344688],[-106.915696,42.353519],[-106.908926,42.366176],[-106.904363,42.379128],[-106.903774,42.384133],[-106.907454,42.385604],[-106.915696,42.386782],[-106.927324,42.38531],[-106.939393,42.380895],[-106.949695,42.381189],[-106.95676,42.392964],[-106.953669,42.402678],[-106.929384,42.441239],[-106.927471,42.452131],[-106.926146,42.469498],[-106.923203,42.476269],[-106.913047,42.486571],[-106.895385,42.499229],[-106.888468,42.51012],[-106.881403,42.495991],[-106.856235,42.47774],[-106.847551,42.461845],[-106.851819,42.43388],[-106.862269,42.403266],[-106.876546,42.375596],[-106.892147,42.356462],[-106.907748,42.330558],[-106.901125,42.305832],[-106.887437,42.2814],[-106.882286,42.256379],[-106.899212,42.265798]]]}},{"type":"Feature","properties":{"name":"Presa Vicente Guerrero","name_en":"Vicente Guerrero Dam","scalerank":8,"min_zoom":6},"geometry":{"type":"Polygon","coordinates":[[[-98.684834,24.004331],[-98.673795,23.971068],[-98.672323,23.963414],[-98.67512,23.951934],[-98.686453,23.935155],[-98.691457,23.923969],[-98.692487,23.910723],[-98.690721,23.90042],[-98.690721,23.891001],[-98.703526,23.870984],[-98.710296,23.846257],[-98.7153,23.83566],[-98.725162,23.849201],[-98.736053,23.852145],[-98.74768,23.85185],[-98.759749,23.855383],[-98.770346,23.864802],[-98.776675,23.875694],[-98.781679,23.88688],[-98.788303,23.897477],[-98.79522,23.904836],[-98.801108,23.908368],[-98.835254,23.91926],[-98.847617,23.919848],[-98.872196,23.916905],[-98.855565,23.935155],[-98.754156,23.9955],[-98.753568,24.001976],[-98.759897,24.016105],[-98.770052,24.030235],[-98.781532,24.041126],[-98.791099,24.053784],[-98.795662,24.072623],[-98.774615,24.063792],[-98.729283,24.068797],[-98.707647,24.063792],[-98.696461,24.052312],[-98.690574,24.037594],[-98.684834,24.004331]]]}},{"type":"Feature","properties":{"name":"Presa Alvaro Obregon","name_en":"Álvaro Obregón Dam","scalerank":8,"min_zoom":6},"geometry":{"type":"Polygon","coordinates":[[[-109.770734,27.997969],[-109.762345,27.988844],[-109.759842,27.982956],[-109.760578,27.976775],[-109.764847,27.975303],[-109.769998,27.973831],[-109.773383,27.968827],[-109.780301,27.937919],[-109.783539,27.933209],[-109.790456,27.928499],[-109.797521,27.921729],[-109.805027,27.894647],[-109.825191,27.854025],[-109.838732,27.836069],[-109.846238,27.82871],[-109.855952,27.824883],[-109.856541,27.827532],[-109.900254,27.840484],[-109.908791,27.840484],[-109.914678,27.844017],[-109.916886,27.855791],[-109.912617,27.864033],[-109.904228,27.869332],[-109.898046,27.874925],[-109.900696,27.882873],[-109.908496,27.897885],[-109.914236,27.919963],[-109.917033,27.942923],[-109.916886,27.961468],[-109.910704,27.961468],[-109.905847,27.955286],[-109.901432,27.941745],[-109.897605,27.934681],[-109.86964,27.906716],[-109.865372,27.913486],[-109.837113,27.939685],[-109.831962,27.942334],[-109.810767,27.941451],[-109.800465,27.951754],[-109.797963,27.973831],[-109.800759,28.006211],[-109.805469,28.024462],[-109.816508,28.048011],[-109.830048,28.070677],[-109.842264,28.085395],[-109.859632,28.095109],[-109.87435,28.100408],[-109.883328,28.110416],[-109.883328,28.133965],[-109.87803,28.129844],[-109.873614,28.123957],[-109.870818,28.117186],[-109.86964,28.109239],[-109.834905,28.09923],[-109.818568,28.088928],[-109.800759,28.073621],[-109.786188,28.054781],[-109.780301,28.033881],[-109.780006,28.023873],[-109.779123,28.019458],[-109.773383,28.002973],[-109.770734,27.997969]]]}},{"type":"Feature","properties":{"name":"Lake Oroville","name_en":"Oroville","scalerank":8,"min_zoom":6},"geometry":{"type":"Polygon","coordinates":[[[-121.500261,39.693645],[-121.469206,39.698354],[-121.437709,39.693645],[-121.418428,39.695116],[-121.404299,39.706008],[-121.418575,39.723375],[-121.443596,39.729263],[-121.426817,39.732501],[-121.409597,39.732206],[-121.396645,39.728085],[-121.387814,39.718371],[-121.389433,39.707774],[-121.395762,39.697766],[-121.417103,39.684519],[-121.444626,39.686285],[-121.466704,39.684225],[-121.481128,39.668918],[-121.471855,39.636832],[-121.448306,39.611223],[-121.440064,39.605041],[-121.430203,39.606218],[-121.422255,39.608868],[-121.414601,39.606513],[-121.410333,39.597682],[-121.406948,39.590028],[-121.393849,39.594444],[-121.380749,39.602097],[-121.363676,39.606807],[-121.346162,39.610339],[-121.319375,39.617699],[-121.292146,39.622703],[-121.301124,39.610045],[-121.317608,39.603569],[-121.358819,39.592678],[-121.38855,39.571483],[-121.358231,39.557648],[-121.321141,39.560886],[-121.307011,39.56383],[-121.293176,39.564713],[-121.298769,39.559709],[-121.305392,39.555882],[-121.312751,39.553233],[-121.32011,39.552055],[-121.337036,39.547934],[-121.354551,39.546757],[-121.368828,39.547346],[-121.382957,39.549406],[-121.397528,39.549995],[-121.411952,39.547934],[-121.428142,39.541164],[-121.441977,39.534394],[-121.439181,39.551467],[-121.447276,39.565007],[-121.458609,39.562064],[-121.470383,39.556471],[-121.467587,39.566774],[-121.464349,39.577371],[-121.476712,39.580314],[-121.485102,39.587968],[-121.478478,39.595621],[-121.470825,39.604452],[-121.471708,39.61917],[-121.478331,39.6333],[-121.488487,39.656555],[-121.505707,39.674216],[-121.542797,39.687463],[-121.562961,39.716605],[-121.554571,39.732206],[-121.549862,39.749574],[-121.543827,39.718371],[-121.528667,39.690995],[-121.516598,39.685991],[-121.504382,39.69129],[-121.502322,39.692467],[-121.500261,39.693645]]]}},{"type":"Feature","properties":{"name":"Boysen Reservoir","name_en":"Boysen","scalerank":8,"min_zoom":6},"geometry":{"type":"Polygon","coordinates":[[[-108.125827,43.38291],[-108.123178,43.373196],[-108.122884,43.361127],[-108.127888,43.347881],[-108.146727,43.321388],[-108.150848,43.309908],[-108.147169,43.25339],[-108.151437,43.223365],[-108.167627,43.210413],[-108.180726,43.221304],[-108.187644,43.246325],[-108.190734,43.331691],[-108.18838,43.336989],[-108.199713,43.346409],[-108.21134,43.351708],[-108.240188,43.361127],[-108.177782,43.405871],[-108.1638,43.422649],[-108.136571,43.402044],[-108.125827,43.38291]]]}},{"type":"Feature","properties":{"name":"Hartwell Lake","name_en":"Hartwell","scalerank":8,"min_zoom":6},"geometry":{"type":"Polygon","coordinates":[[[-82.800504,34.540506],[-82.78976,34.533441],[-82.773422,34.533736],[-82.773422,34.527554],[-82.78711,34.518429],[-82.791967,34.507243],[-82.794469,34.493997],[-82.800798,34.479278],[-82.811984,34.468093],[-82.824495,34.459262],[-82.832148,34.449842],[-82.828763,34.437479],[-82.823023,34.440717],[-82.808305,34.445132],[-82.81743,34.434241],[-82.821845,34.430708],[-82.818902,34.427176],[-82.817135,34.423644],[-82.814339,34.420406],[-82.808305,34.417756],[-82.81375,34.399211],[-82.815369,34.381255],[-82.818607,34.365948],[-82.828763,34.355057],[-82.842304,34.352996],[-82.859377,34.356529],[-82.874831,34.364771],[-82.883367,34.376251],[-82.874831,34.378017],[-82.871593,34.379783],[-82.869238,34.383316],[-82.863498,34.389792],[-82.885575,34.386554],[-82.914864,34.379195],[-82.940474,34.377134],[-82.951513,34.390086],[-82.950777,34.392735],[-82.950777,34.39509],[-82.949599,34.396562],[-82.945478,34.395973],[-82.93076,34.390086],[-82.913392,34.397151],[-82.898086,34.410692],[-82.890138,34.423938],[-82.872623,34.416579],[-82.861437,34.419522],[-82.858052,34.43012],[-82.863498,34.445132],[-82.874536,34.456612],[-82.889255,34.464266],[-82.906181,34.46927],[-82.924284,34.472508],[-82.95637,34.469564],[-82.985806,34.460439],[-83.013623,34.457495],[-83.040999,34.472508],[-83.033493,34.479278],[-83.046592,34.484577],[-83.075146,34.488404],[-83.088834,34.49223],[-83.088834,34.499589],[-83.077059,34.50636],[-83.079267,34.51784],[-83.088834,34.529026],[-83.112677,34.540212],[-83.131958,34.568471],[-83.147118,34.574652],[-83.157568,34.574947],[-83.16316,34.576713],[-83.16684,34.581128],[-83.171403,34.589076],[-83.17361,34.599968],[-83.164779,34.598496],[-83.154182,34.592314],[-83.150944,34.589076],[-83.132105,34.582895],[-83.115621,34.574358],[-83.101197,34.562289],[-83.088834,34.546688],[-83.085007,34.549631],[-83.075146,34.554341],[-83.059544,34.524316],[-83.040263,34.505182],[-83.013476,34.495174],[-82.975798,34.49223],[-82.899263,34.495763],[-82.866294,34.488404],[-82.835533,34.464855],[-82.831706,34.491053],[-82.825378,34.514013],[-82.8242,34.536385],[-82.835533,34.561112],[-82.852018,34.577007],[-82.874095,34.588782],[-82.898969,34.595552],[-82.924284,34.595847],[-82.924284,34.602028],[-82.918102,34.608799],[-82.912804,34.609387],[-82.911773,34.607327],[-82.911921,34.604383],[-82.910743,34.602028],[-82.899116,34.605561],[-82.856875,34.611153],[-82.847455,34.604383],[-82.84407,34.602323],[-82.842451,34.602028],[-82.812867,34.571709],[-82.808305,34.564938],[-82.806391,34.551986],[-82.800504,34.540506]]]}},{"type":"Feature","properties":{"name":"Lake Sidney Lanier","name_en":"Lanier","scalerank":8,"min_zoom":6},"geometry":{"type":"Polygon","coordinates":[[[-83.828571,34.389203],[-83.80561,34.386848],[-83.795013,34.382433],[-83.80355,34.377723],[-83.8218,34.355057],[-83.826657,34.352702],[-83.833722,34.35123],[-83.840051,34.349169],[-83.842847,34.345048],[-83.843583,34.338278],[-83.845791,34.33033],[-83.849029,34.32356],[-83.852856,34.32091],[-83.864925,34.317672],[-83.874933,34.303543],[-83.887591,34.300305],[-83.902309,34.298539],[-83.914819,34.293535],[-83.939104,34.280583],[-83.930568,34.270574],[-83.900248,34.277933],[-83.8845,34.273223],[-83.908638,34.264098],[-83.936602,34.241432],[-83.953823,34.215822],[-83.945875,34.197866],[-83.958827,34.192273],[-83.980315,34.17991],[-83.990618,34.177555],[-84.001509,34.181087],[-84.010929,34.187269],[-84.021379,34.190507],[-84.035214,34.184325],[-84.032418,34.180499],[-84.027855,34.17049],[-84.053318,34.163426],[-84.068772,34.162248],[-84.075542,34.166958],[-84.079958,34.184031],[-84.099091,34.209641],[-84.103507,34.222298],[-84.090555,34.231718],[-84.063326,34.223182],[-84.039041,34.222004],[-84.035214,34.252618],[-84.012548,34.245553],[-83.992531,34.242904],[-83.978108,34.251146],[-83.972515,34.276756],[-83.968099,34.284704],[-83.959415,34.290002],[-83.953087,34.295301],[-83.955883,34.304132],[-83.958385,34.308842],[-83.959121,34.313846],[-83.958974,34.324737],[-83.961476,34.332391],[-83.96751,34.333862],[-83.974428,34.333568],[-83.980021,34.33504],[-83.992237,34.350641],[-83.993267,34.360944],[-83.989441,34.374779],[-83.986791,34.3998],[-83.98841,34.440128],[-83.982817,34.453374],[-83.96648,34.472508],[-83.965744,34.447193],[-83.951468,34.441894],[-83.932481,34.439245],[-83.91791,34.423938],[-83.922914,34.423055],[-83.923797,34.422172],[-83.941459,34.423055],[-83.952203,34.416873],[-83.954706,34.404216],[-83.945875,34.389792],[-83.965597,34.386554],[-83.967216,34.374779],[-83.958238,34.365359],[-83.945875,34.369481],[-83.922178,34.359472],[-83.894508,34.357117],[-83.868163,34.36065],[-83.849176,34.369481],[-83.859184,34.384493],[-83.870812,34.391852],[-83.880379,34.400977],[-83.886266,34.42747],[-83.889798,34.435124],[-83.892153,34.443072],[-83.890681,34.451314],[-83.883617,34.459556],[-83.877288,34.459262],[-83.872578,34.453669],[-83.870076,34.445132],[-83.869046,34.427765],[-83.863453,34.415107],[-83.854475,34.404804],[-83.842847,34.395973],[-83.828571,34.389203]]]}},{"type":"Feature","properties":{"name":"Lake Gaston","name_en":"Gaston","scalerank":8,"min_zoom":6},"geometry":{"type":"Polygon","coordinates":[[[-77.765258,36.50156],[-77.69255,36.497439],[-77.660906,36.487136],[-77.721251,36.473007],[-77.846797,36.495673],[-77.908614,36.493318],[-77.912146,36.490374],[-77.914354,36.485664],[-77.917886,36.481543],[-77.925245,36.479777],[-77.935842,36.480954],[-77.938344,36.484487],[-77.938492,36.488902],[-77.942024,36.493318],[-77.966751,36.510096],[-77.983088,36.514806],[-77.990447,36.504209],[-77.993832,36.498028],[-78.001338,36.495673],[-78.010464,36.49685],[-78.017823,36.500677],[-78.019589,36.506858],[-78.018264,36.524226],[-78.021208,36.531291],[-78.032835,36.538355],[-78.046523,36.541005],[-78.079786,36.541005],[-78.073899,36.55013],[-78.081111,36.556606],[-78.095388,36.560433],[-78.125413,36.562493],[-78.14072,36.566026],[-78.153672,36.572502],[-78.161767,36.582804],[-78.149845,36.584571],[-78.132772,36.589575],[-78.12085,36.589575],[-78.114963,36.586337],[-78.097007,36.580449],[-78.081553,36.578095],[-78.083172,36.586042],[-78.098037,36.600466],[-78.098037,36.607237],[-78.083172,36.609886],[-78.077579,36.606648],[-78.051969,36.582804],[-78.056826,36.60341],[-78.059328,36.609886],[-78.051086,36.611063],[-78.045787,36.609592],[-78.042255,36.606648],[-78.03887,36.602527],[-78.031805,36.589869],[-78.004723,36.558372],[-78.002663,36.549541],[-77.997512,36.54542],[-77.984265,36.541005],[-77.983088,36.542771],[-77.956742,36.536295],[-77.956301,36.534234],[-77.925981,36.532763],[-77.899341,36.534529],[-77.880649,36.548069],[-77.874467,36.582804],[-77.858572,36.573973],[-77.856953,36.560138],[-77.859013,36.544243],[-77.853862,36.528053],[-77.798669,36.507447],[-77.765258,36.50156]]]}},{"type":"Feature","properties":{"name":"Smith Mountain Lake","name_en":"Smith Mountain","scalerank":8,"min_zoom":6},"geometry":{"type":"Polygon","coordinates":[[[-79.524084,37.079102],[-79.508777,37.065267],[-79.502743,37.049666],[-79.522318,37.042012],[-79.57339,37.039363],[-79.587519,37.035242],[-79.630202,37.011399],[-79.648306,37.007866],[-79.634912,37.034359],[-79.664054,37.034653],[-79.704529,37.030238],[-79.724693,37.042012],[-79.709681,37.057908],[-79.675093,37.063501],[-79.607389,37.062618],[-79.634323,37.087639],[-79.656253,37.12414],[-79.681274,37.152399],[-79.717334,37.15181],[-79.708797,37.166823],[-79.703646,37.172416],[-79.711888,37.183307],[-79.720719,37.189489],[-79.732199,37.192138],[-79.748242,37.192727],[-79.762666,37.196848],[-79.767965,37.206856],[-79.769436,37.220103],[-79.772527,37.233938],[-79.761636,37.230994],[-79.754571,37.225401],[-79.747801,37.218925],[-79.738381,37.213332],[-79.73058,37.213038],[-79.723221,37.215687],[-79.714685,37.215393],[-79.703646,37.206562],[-79.696876,37.206562],[-79.690105,37.192727],[-79.681422,37.185368],[-79.671119,37.178892],[-79.621666,37.135915],[-79.618133,37.130027],[-79.602826,37.125317],[-79.598705,37.113249],[-79.598117,37.097942],[-79.593701,37.082929],[-79.578688,37.0688],[-79.570593,37.075276],[-79.565589,37.091171],[-79.560144,37.103535],[-79.550135,37.107067],[-79.541304,37.101768],[-79.535123,37.091466],[-79.532915,37.079691],[-79.524084,37.079102]]]}},{"type":"Feature","properties":{"name":"Walter F. George Reservoir","name_en":"Walter F. George","scalerank":8,"min_zoom":6},"geometry":{"type":"Polygon","coordinates":[[[-85.138932,31.877394],[-85.132456,31.903298],[-85.124656,31.922432],[-85.130837,31.922432],[-85.116561,31.940976],[-85.113176,31.955989],[-85.119357,31.970413],[-85.154387,32.006914],[-85.158949,32.018983],[-85.158655,32.039883],[-85.146144,32.032524],[-85.117297,31.998083],[-85.117591,31.998083],[-85.110821,31.992785],[-85.103756,31.988958],[-85.09625,31.986603],[-85.088302,31.985131],[-85.073584,31.995728],[-85.064017,32.013979],[-85.061956,32.033112],[-85.069315,32.046653],[-85.069315,32.052835],[-85.057688,32.047242],[-85.054008,32.033112],[-85.055627,31.998377],[-85.062545,31.991313],[-85.068874,31.968647],[-85.097133,31.927141],[-85.103462,31.912718],[-85.106552,31.890051],[-85.114795,31.864147],[-85.12598,31.839421],[-85.138197,31.819404],[-85.126716,31.806452],[-85.106258,31.776427],[-85.0936,31.762003],[-85.07638,31.753761],[-85.062103,31.759648],[-85.047238,31.770834],[-85.028399,31.779076],[-85.042528,31.760237],[-85.073731,31.734333],[-85.089774,31.717848],[-85.083003,31.712256],[-85.066519,31.693711],[-85.05916,31.689884],[-85.050182,31.68694],[-85.049887,31.679581],[-85.062398,31.636898],[-85.078735,31.632189],[-85.099046,31.63837],[-85.117738,31.648967],[-85.109643,31.671928],[-85.121712,31.689295],[-85.143789,31.701658],[-85.165572,31.710195],[-85.137019,31.736393],[-85.135989,31.778193],[-85.151296,31.817049],[-85.171754,31.833239],[-85.167927,31.841776],[-85.162923,31.86297],[-85.158655,31.874156],[-85.146733,31.862087],[-85.138932,31.877394]]]}},{"type":"Feature","properties":{"name":"Réservoir Outardes Quatre","name_en":"Outardes-4 Reservoir","scalerank":9,"min_zoom":7},"geometry":{"type":"Polygon","coordinates":[[[-68.90166,49.715566],[-68.919028,49.730873],[-68.948611,49.763547],[-68.956853,49.768551],[-68.981138,49.778854],[-68.986143,49.784447],[-68.989086,49.795927],[-68.997034,49.798871],[-69.007925,49.798871],[-69.020289,49.80152],[-69.034418,49.807996],[-69.042219,49.813589],[-69.042513,49.821537],[-69.033977,49.836255],[-69.025735,49.84332],[-69.013224,49.849796],[-69.000125,49.8548],[-68.989528,49.856566],[-68.975987,49.866574],[-68.980991,49.888946],[-68.994679,49.912201],[-69.006601,49.924858],[-69.03383,49.929568],[-69.050167,49.916616],[-69.065474,49.899543],[-69.107568,49.88247],[-69.11581,49.862159],[-69.122728,49.815061],[-69.146277,49.773555],[-69.180864,49.760309],[-69.220604,49.769729],[-69.26049,49.79475],[-69.296402,49.82919],[-69.309502,49.852739],[-69.304497,49.873345],[-69.28713,49.878055],[-69.272853,49.862453],[-69.25372,49.822714],[-69.236205,49.801814],[-69.217513,49.791512],[-69.195435,49.788274],[-69.16806,49.787685],[-69.157315,49.791806],[-69.152164,49.802109],[-69.150692,49.814472],[-69.151281,49.847146],[-69.149662,49.856272],[-69.144363,49.869812],[-69.122728,49.904547],[-69.123463,49.91485],[-69.129792,49.934278],[-69.126407,49.941637],[-69.102858,49.969896],[-69.104183,49.977844],[-69.107421,49.988441],[-69.116546,50.007575],[-69.139948,50.033184],[-69.144363,50.041132],[-69.144216,50.077045],[-69.147454,50.082638],[-69.162172,50.087642],[-69.226344,50.123554],[-69.275944,50.168592],[-69.305233,50.186254],[-69.342323,50.185076],[-69.351007,50.179189],[-69.361162,50.163588],[-69.369699,50.158289],[-69.380296,50.157112],[-69.391188,50.158289],[-69.410763,50.164471],[-69.43078,50.180367],[-69.43858,50.185076],[-69.449766,50.189197],[-69.461982,50.192141],[-69.47464,50.193319],[-69.48715,50.192435],[-69.48715,50.199206],[-69.443879,50.19744],[-69.422243,50.198911],[-69.404434,50.205682],[-69.43181,50.212452],[-69.43181,50.219811],[-69.333198,50.249248],[-69.290809,50.275152],[-69.273589,50.32225],[-69.27771,50.346094],[-69.288013,50.371409],[-69.301407,50.394664],[-69.315094,50.411442],[-69.329665,50.426161],[-69.34615,50.447649],[-69.350565,50.470021],[-69.328782,50.4868],[-69.323484,50.461779],[-69.313181,50.443528],[-69.29861,50.429987],[-69.280359,50.419096],[-69.279624,50.442645],[-69.275944,50.457952],[-69.267996,50.470315],[-69.25372,50.4868],[-69.238118,50.510643],[-69.241503,50.525067],[-69.254308,50.539196],[-69.26726,50.562451],[-69.268732,50.570988],[-69.26726,50.60013],[-69.27197,50.603662],[-69.282126,50.607195],[-69.291693,50.613082],[-69.294636,50.623973],[-69.28816,50.630155],[-69.265494,50.631332],[-69.26049,50.641046],[-69.26049,50.678431],[-69.241062,50.671955],[-69.227227,50.67637],[-69.202206,50.702863],[-69.195435,50.718464],[-69.194552,50.733477],[-69.189843,50.739364],[-69.171739,50.727001],[-69.170856,50.720525],[-69.170856,50.715815],[-69.169384,50.711399],[-69.164233,50.706395],[-69.179393,50.684612],[-69.210154,50.653998],[-69.218837,50.630155],[-69.227521,50.58129],[-69.218396,50.567455],[-69.188518,50.562451],[-69.187046,50.548322],[-69.209271,50.470021],[-69.187046,50.467666],[-69.132736,50.510054],[-69.10904,50.514175],[-69.147454,50.470021],[-69.158787,50.460012],[-69.198379,50.445883],[-69.226049,50.426455],[-69.240473,50.402906],[-69.242387,50.374941],[-69.232525,50.342856],[-69.220456,50.355219],[-69.178068,50.38701],[-69.164233,50.391131],[-69.202059,50.341972],[-69.218101,50.313125],[-69.226344,50.281333],[-69.222517,50.25072],[-69.208829,50.223932],[-69.189254,50.200972],[-69.16806,50.181838],[-69.133472,50.162999],[-69.118754,50.175068],[-69.115663,50.20421],[-69.116546,50.23659],[-69.107273,50.248365],[-69.089023,50.246893],[-69.074893,50.236884],[-69.082841,50.211275],[-69.079456,50.195085],[-69.068123,50.164471],[-69.044132,50.188903],[-69.030886,50.196557],[-69.020289,50.192435],[-69.020436,50.186254],[-69.028237,50.167709],[-69.027059,50.158289],[-69.017934,50.14887],[-69.007631,50.146515],[-68.998653,50.150047],[-68.992913,50.158289],[-68.989528,50.15564],[-68.981874,50.147692],[-68.979372,50.14416],[-68.989233,50.123849],[-69.001597,50.087347],[-69.008809,50.04908],[-69.003216,50.024354],[-68.9988,50.019055],[-68.986143,50.000216],[-68.979372,49.994328],[-68.968481,49.988147],[-68.962593,49.983143],[-68.959944,49.975783],[-68.966126,49.961065],[-68.965684,49.952234],[-68.961269,49.943698],[-68.957884,49.940165],[-68.953174,49.937516],[-68.92933,49.917794],[-68.922266,49.91014],[-68.923149,49.899249],[-68.945079,49.84538],[-68.94817,49.826835],[-68.941399,49.811823],[-68.924179,49.7921],[-68.904162,49.763253],[-68.888119,49.73205],[-68.883115,49.705263],[-68.90166,49.715566]],[[-69.100209,50.051435],[-69.088581,50.089408],[-69.103594,50.095295],[-69.115074,50.082932],[-69.120225,50.061738],[-69.116546,50.041132],[-69.107862,50.036717],[-69.100209,50.051435]],[[-69.033977,50.034362],[-69.030739,50.040838],[-69.006601,50.130325],[-69.034565,50.134151],[-69.048695,50.099711],[-69.054435,50.03083],[-69.051933,50.022882],[-69.045898,50.02347],[-69.039128,50.028475],[-69.033977,50.034362]]]}},{"type":"Feature","properties":{"name":"Logan Martin Lake","name_en":"Logan Martin","scalerank":9,"min_zoom":7},"geometry":{"type":"Polygon","coordinates":[[[-86.303437,33.500223],[-86.28916,33.512881],[-86.28916,33.519063],[-86.294017,33.525833],[-86.29387,33.532603],[-86.289013,33.537902],[-86.279152,33.539962],[-86.26723,33.535253],[-86.260313,33.524655],[-86.255014,33.512881],[-86.248097,33.505227],[-86.238971,33.522006],[-86.212626,33.54114],[-86.20718,33.556741],[-86.21189,33.56204],[-86.221604,33.564395],[-86.22911,33.569104],[-86.227638,33.581762],[-86.222634,33.590004],[-86.2166,33.59442],[-86.209388,33.593831],[-86.200262,33.587944],[-86.19776,33.574403],[-86.189371,33.567633],[-86.177891,33.567633],[-86.166116,33.574109],[-86.163761,33.571165],[-86.161701,33.567927],[-86.160376,33.564395],[-86.159346,33.559979],[-86.18157,33.550854],[-86.225136,33.507288],[-86.248097,33.492275],[-86.263109,33.490215],[-86.270174,33.490215],[-86.290632,33.480501],[-86.292545,33.478146],[-86.295636,33.474908],[-86.296667,33.467843],[-86.295636,33.460778],[-86.292545,33.45754],[-86.28342,33.456363],[-86.265464,33.451653],[-86.255456,33.451359],[-86.255456,33.444588],[-86.271057,33.43929],[-86.330077,33.444588],[-86.322571,33.467549],[-86.314181,33.485799],[-86.303437,33.500223]]]}},{"type":"Feature","properties":{"name":"Mitchell Lake","name_en":"Mitchell Lake","scalerank":9,"min_zoom":7},"geometry":{"type":"Polygon","coordinates":[[[-86.478878,32.987147],[-86.488298,32.977727],[-86.501838,32.950057],[-86.494332,32.913556],[-86.474315,32.882059],[-86.450472,32.868518],[-86.442966,32.866163],[-86.43649,32.86057],[-86.433546,32.852917],[-86.441052,32.835549],[-86.440611,32.826129],[-86.437667,32.820242],[-86.433693,32.820831],[-86.449442,32.807879],[-86.459891,32.814649],[-86.470783,32.824069],[-86.488298,32.820831],[-86.484912,32.827601],[-86.47932,32.834372],[-86.472108,32.839376],[-86.452827,32.84438],[-86.455329,32.851739],[-86.462982,32.858804],[-86.467251,32.861747],[-86.476965,32.877054],[-86.498895,32.901781],[-86.508756,32.916205],[-86.519353,32.942698],[-86.526712,32.975372],[-86.528331,33.007458],[-86.521855,33.032479],[-86.508462,32.996861],[-86.496393,32.990385],[-86.47461,32.998921],[-86.475934,32.992151],[-86.478878,32.987147]]]}},{"type":"Feature","properties":{"name":"Lake Murray","name_en":"Murray","scalerank":9,"min_zoom":7},"geometry":{"type":"Polygon","coordinates":[[[-81.228599,34.060693],[-81.213881,34.054805],[-81.212704,34.041559],[-81.22021,34.027724],[-81.23169,34.019776],[-81.239491,34.02478],[-81.251118,34.034789],[-81.263482,34.03891],[-81.273343,34.026546],[-81.288797,34.030373],[-81.312935,34.028607],[-81.336925,34.023603],[-81.360769,34.010945],[-81.363565,34.017715],[-81.362682,34.033611],[-81.357678,34.0342],[-81.349142,34.041559],[-81.346345,34.049507],[-81.358856,34.053333],[-81.381374,34.053922],[-81.391824,34.051273],[-81.396093,34.043325],[-81.400802,34.032139],[-81.409781,34.04097],[-81.409781,34.053333],[-81.411988,34.056571],[-81.414932,34.064225],[-81.417287,34.067463],[-81.422438,34.069229],[-81.43539,34.068346],[-81.453641,34.076588],[-81.476896,34.068346],[-81.485579,34.075116],[-81.496324,34.071878],[-81.51634,34.073645],[-81.53827,34.079532],[-81.554461,34.088068],[-81.538123,34.091895],[-81.499709,34.084242],[-81.482194,34.091601],[-81.46571,34.095428],[-81.4401,34.091895],[-81.415815,34.084242],[-81.403599,34.075116],[-81.409339,34.087185],[-81.421555,34.104553],[-81.424057,34.116033],[-81.4192,34.115739],[-81.416257,34.113972],[-81.413754,34.111323],[-81.409781,34.108674],[-81.403599,34.108674],[-81.389764,34.103375],[-81.372691,34.080415],[-81.358856,34.075116],[-81.348994,34.077177],[-81.348847,34.08277],[-81.352674,34.090129],[-81.355176,34.098371],[-81.352968,34.107791],[-81.348111,34.114561],[-81.343107,34.116916],[-81.340899,34.112206],[-81.340016,34.104258],[-81.337514,34.095428],[-81.33354,34.08748],[-81.327947,34.081298],[-81.324121,34.083064],[-81.298069,34.08277],[-81.293801,34.081298],[-81.283498,34.091306],[-81.277317,34.113972],[-81.266425,34.122215],[-81.252001,34.121626],[-81.235075,34.113089],[-81.224625,34.100137],[-81.228599,34.08483],[-81.250088,34.06864],[-81.249941,34.063047],[-81.228599,34.060693]]]}},{"type":"Feature","properties":{"name":"Great Salt Lake","name_en":"Great Salt","scalerank":1,"min_zoom":1.7},"geometry":{"type":"Polygon","coordinates":[[[-111.950206,40.977661],[-111.932397,40.966769],[-111.930925,40.961471],[-111.934016,40.956467],[-111.939167,40.951757],[-111.945349,40.947341],[-112.024386,40.909663],[-112.029831,40.907897],[-112.049701,40.907013],[-112.064861,40.904364],[-112.076194,40.89936],[-112.094297,40.887291],[-112.101509,40.88317],[-112.120348,40.876105],[-112.129032,40.868157],[-112.133448,40.856677],[-112.135067,40.843431],[-112.135214,40.82047],[-112.135802,40.816055],[-112.137863,40.813406],[-112.150079,40.804575],[-112.183931,40.773961],[-112.236475,40.746879],[-112.266942,40.724508],[-112.340386,40.689184],[-112.35319,40.687123],[-112.366878,40.68889],[-112.395137,40.698604],[-112.401172,40.70243],[-112.40176,40.705963],[-112.39499,40.713027],[-112.393665,40.716265],[-112.394401,40.720387],[-112.403232,40.736577],[-112.404704,40.741286],[-112.403674,40.754238],[-112.404704,40.765424],[-112.406176,40.771606],[-112.408825,40.775433],[-112.439439,40.800159],[-112.445326,40.808107],[-112.44724,40.815466],[-112.445326,40.850496],[-112.445621,40.856088],[-112.452097,40.875222],[-112.454304,40.886408],[-112.469464,40.912901],[-112.476676,40.934389],[-112.483594,40.945575],[-112.489923,40.944398],[-112.500225,40.928208],[-112.505229,40.922909],[-112.515679,40.914961],[-112.520095,40.909368],[-112.523186,40.902009],[-112.531281,40.859915],[-112.53393,40.854322],[-112.542614,40.84402],[-112.547324,40.834894],[-112.553947,40.829301],[-112.562483,40.831656],[-112.570284,40.838132],[-112.590889,40.874633],[-112.595452,40.880226],[-112.602958,40.885525],[-112.628421,40.897888],[-112.634308,40.904364],[-112.637399,40.911723],[-112.63681,40.918199],[-112.630334,40.931151],[-112.62901,40.937039],[-112.630629,40.940571],[-112.635486,40.940865],[-112.650645,40.937627],[-112.659182,40.939393],[-112.664922,40.942631],[-112.667277,40.945869],[-112.669043,40.949402],[-112.67287,40.954112],[-112.684056,40.965298],[-112.692151,40.970302],[-112.715258,40.979721],[-112.743517,40.9965],[-112.751759,41.004448],[-112.750729,41.012396],[-112.737336,41.027408],[-112.735569,41.032413],[-112.741309,41.034179],[-112.765889,41.036239],[-112.775603,41.040066],[-112.777663,41.045365],[-112.774278,41.049191],[-112.767214,41.04978],[-112.76059,41.049486],[-112.757058,41.051252],[-112.756175,41.05449],[-112.75853,41.062143],[-112.759266,41.066559],[-112.758383,41.078333],[-112.760296,41.084809],[-112.769274,41.095995],[-112.769568,41.101882],[-112.767361,41.107475],[-112.766772,41.112185],[-112.768097,41.117189],[-112.776486,41.131025],[-112.778841,41.136323],[-112.779871,41.14221],[-112.781049,41.159578],[-112.779871,41.167526],[-112.777369,41.174885],[-112.773395,41.182538],[-112.772071,41.190486],[-112.776339,41.197845],[-112.783992,41.204616],[-112.817991,41.228165],[-112.822996,41.234641],[-112.836683,41.263488],[-112.843159,41.270553],[-112.894084,41.300578],[-112.903946,41.310292],[-112.916162,41.326482],[-112.923227,41.327071],[-112.972238,41.303228],[-112.974299,41.297929],[-112.972385,41.290276],[-112.968264,41.279384],[-112.968706,41.270847],[-112.976801,41.269376],[-113.007267,41.274969],[-113.012566,41.277618],[-113.015804,41.281739],[-113.016687,41.286743],[-113.015068,41.293514],[-113.001675,41.319123],[-112.996523,41.326188],[-112.988428,41.330309],[-112.977978,41.331192],[-112.954723,41.32766],[-112.947512,41.329132],[-112.94339,41.331487],[-112.942213,41.332958],[-112.952074,41.381234],[-112.978567,41.429215],[-112.996818,41.454531],[-113.021544,41.511637],[-113.023605,41.522823],[-113.017717,41.525472],[-113.001675,41.521351],[-112.999467,41.523412],[-112.999908,41.529005],[-112.99932,41.534303],[-112.994315,41.536364],[-112.98622,41.536953],[-112.979892,41.539896],[-112.977095,41.544606],[-112.982099,41.554909],[-112.980628,41.559324],[-112.97842,41.563151],[-112.978125,41.567567],[-112.981363,41.571982],[-112.987398,41.576397],[-112.995787,41.580519],[-113.016393,41.586995],[-113.022133,41.591704],[-113.024635,41.597592],[-113.025371,41.604656],[-113.02125,41.610838],[-113.011241,41.614959],[-112.998584,41.616431],[-112.977095,41.616137],[-112.94707,41.628206],[-112.937209,41.63056],[-112.930144,41.631149],[-112.914837,41.628206],[-112.901885,41.628206],[-112.857731,41.635565],[-112.850224,41.639097],[-112.839186,41.652049],[-112.831679,41.655581],[-112.825498,41.657642],[-112.823584,41.661174],[-112.823584,41.66559],[-112.822996,41.670594],[-112.818727,41.674421],[-112.810927,41.67707],[-112.780166,41.680308],[-112.774573,41.681485],[-112.760149,41.678542],[-112.752054,41.675598],[-112.728505,41.662352],[-112.727622,41.661469],[-112.72615,41.657936],[-112.723648,41.653815],[-112.720704,41.651166],[-112.702159,41.638214],[-112.699951,41.634682],[-112.701865,41.617903],[-112.702306,41.61702],[-112.703042,41.616431],[-112.708194,41.599652],[-112.707605,41.588466],[-112.708046,41.581402],[-112.711137,41.577281],[-112.727327,41.56374],[-112.739543,41.558147],[-112.743517,41.552554],[-112.745431,41.545784],[-112.745431,41.540485],[-112.743517,41.535481],[-112.732626,41.52194],[-112.730124,41.51723],[-112.727474,41.508988],[-112.723648,41.501923],[-112.718202,41.49898],[-112.712315,41.497214],[-112.70628,41.49427],[-112.70054,41.488383],[-112.682731,41.464539],[-112.676991,41.458357],[-112.647702,41.439813],[-112.637399,41.434808],[-112.610759,41.425977],[-112.597365,41.423917],[-112.588535,41.426272],[-112.583678,41.430687],[-112.582206,41.435986],[-112.580587,41.438635],[-112.576466,41.438929],[-112.566016,41.437163],[-112.551739,41.436574],[-112.541583,41.433925],[-112.529956,41.428332],[-112.520831,41.422739],[-112.516121,41.418618],[-112.513619,41.413908],[-112.508026,41.389182],[-112.506407,41.361217],[-112.502875,41.345616],[-112.49581,41.338257],[-112.480356,41.332958],[-112.475793,41.328543],[-112.473144,41.32295],[-112.472555,41.316768],[-112.474174,41.310587],[-112.479325,41.300578],[-112.480944,41.296163],[-112.481533,41.29057],[-112.481533,41.27644],[-112.480061,41.269081],[-112.473438,41.256424],[-112.472261,41.251125],[-112.471672,41.238467],[-112.467845,41.230814],[-112.45975,41.223749],[-112.439439,41.211092],[-112.429725,41.206676],[-112.420011,41.205499],[-112.412063,41.207265],[-112.407206,41.211092],[-112.402791,41.215507],[-112.397051,41.218451],[-112.346273,41.232286],[-112.346273,41.267021],[-112.361138,41.27438],[-112.373502,41.29999],[-112.382774,41.330898],[-112.386012,41.335608],[-112.39602,41.342672],[-112.399553,41.348265],[-112.398081,41.354447],[-112.393518,41.360334],[-112.387337,41.365044],[-112.383363,41.368871],[-112.383068,41.373286],[-112.383951,41.378879],[-112.38351,41.386238],[-112.384687,41.393009],[-112.39028,41.397424],[-112.397345,41.400956],[-112.403379,41.404783],[-112.40647,41.409493],[-112.407206,41.41538],[-112.40073,41.447466],[-112.397345,41.454236],[-112.391458,41.457474],[-112.361285,41.462479],[-112.356134,41.46189],[-112.353779,41.458063],[-112.349658,41.453059],[-112.341563,41.449232],[-112.332732,41.44776],[-112.326403,41.449527],[-112.319633,41.456297],[-112.316248,41.458652],[-112.312715,41.459535],[-112.309036,41.459241],[-112.305062,41.458063],[-112.284898,41.44776],[-112.278716,41.442462],[-112.270621,41.432159],[-112.269002,41.423034],[-112.277686,41.420679],[-112.288725,41.420973],[-112.29417,41.419796],[-112.292551,41.415675],[-112.284751,41.4039],[-112.281807,41.394775],[-112.277097,41.38771],[-112.269002,41.385061],[-112.260466,41.38565],[-112.250163,41.388888],[-112.24457,41.388888],[-112.238094,41.387121],[-112.230882,41.383589],[-112.222198,41.382411],[-112.200121,41.388593],[-112.178632,41.388888],[-112.170243,41.393892],[-112.153906,41.40861],[-112.142867,41.412437],[-112.065744,41.409787],[-112.05603,41.393303],[-112.051614,41.380351],[-112.054558,41.371226],[-112.098124,41.336491],[-112.12653,41.341495],[-112.132712,41.352975],[-112.136686,41.352975],[-112.150374,41.330898],[-112.154347,41.328248],[-112.161412,41.327954],[-112.173187,41.331192],[-112.203506,41.345322],[-112.253254,41.347677],[-112.291668,41.319123],[-112.325226,41.270847],[-112.299175,41.264666],[-112.256933,41.264666],[-112.253254,41.243472],[-112.251046,41.236701],[-112.246631,41.231403],[-112.202329,41.201083],[-112.193939,41.192547],[-112.189965,41.18195],[-112.184961,41.158989],[-112.178927,41.149275],[-112.169654,41.141622],[-112.148902,41.131613],[-112.140512,41.12602],[-112.134036,41.117189],[-112.129326,41.105709],[-112.12653,41.093346],[-112.122409,41.082454],[-112.108427,41.068325],[-112.104306,41.060966],[-112.097241,41.054784],[-112.059562,41.048603],[-112.009815,41.032413],[-111.997893,41.026231],[-111.985382,41.017694],[-111.966396,41.001504],[-111.956682,40.985609],[-111.950206,40.977661]],[[-112.5329,41.006214],[-112.519948,41.014456],[-112.520095,41.018872],[-112.523774,41.025053],[-112.526424,41.031529],[-112.529367,41.035945],[-112.533783,41.036239],[-112.547176,41.031529],[-112.55483,41.030058],[-112.555271,41.017989],[-112.554241,41.010041],[-112.55115,41.006214],[-112.546735,41.002387],[-112.542908,40.994734],[-112.539817,40.990613],[-112.5329,41.006214]],[[-112.314187,41.138384],[-112.311979,41.141916],[-112.313304,41.153396],[-112.314776,41.158695],[-112.320369,41.163993],[-112.321693,41.169881],[-112.331407,41.176062],[-112.343182,41.186659],[-112.349069,41.189014],[-112.3579,41.189014],[-112.376887,41.185482],[-112.383657,41.182538],[-112.387631,41.178712],[-112.388073,41.175768],[-112.383951,41.174002],[-112.36835,41.173413],[-112.359961,41.169292],[-112.350541,41.160755],[-112.338619,41.15634],[-112.317425,41.138972],[-112.314187,41.138384]],[[-112.166564,40.917316],[-112.168918,40.931446],[-112.161854,40.955289],[-112.16568,40.975895],[-112.171715,40.98708],[-112.187316,41.004742],[-112.192026,41.014456],[-112.193792,41.024759],[-112.190996,41.028586],[-112.191143,41.035062],[-112.193792,41.043304],[-112.202476,41.05655],[-112.207186,41.060377],[-112.222787,41.06597],[-112.234856,41.074801],[-112.23883,41.07539],[-112.247808,41.073918],[-112.252665,41.071269],[-112.248544,41.063321],[-112.25031,41.058317],[-112.255462,41.05655],[-112.268855,41.054784],[-112.27121,41.051841],[-112.26547,41.039477],[-112.249427,41.038005],[-112.244864,41.036534],[-112.23883,41.030058],[-112.236475,41.02211],[-112.23883,41.015928],[-112.248102,41.006214],[-112.248985,41.001799],[-112.247072,40.993262],[-112.249869,40.980899],[-112.248102,40.965003],[-112.243981,40.95735],[-112.200563,40.903775],[-112.189671,40.885525],[-112.177013,40.873162],[-112.172745,40.874928],[-112.172009,40.879932],[-112.174659,40.889646],[-112.166858,40.907897],[-112.166564,40.917316]]]}},{"type":"Feature","properties":{"name":"Laguna Madre","name_en":"Laguna Madre","scalerank":2,"min_zoom":2},"geometry":{"type":"Polygon","coordinates":[[[-97.438496,25.426404],[-97.438496,25.426404],[-97.438496,25.426404],[-97.438496,25.426404],[-97.412739,25.42346],[-97.402289,25.411391],[-97.407441,25.398439],[-97.428193,25.392258],[-97.436583,25.387842],[-97.432609,25.378128],[-97.424808,25.367531],[-97.421717,25.361644],[-97.425102,25.353402],[-97.426133,25.341038],[-97.424955,25.328675],[-97.421717,25.320139],[-97.421423,25.290113],[-97.442028,25.247136],[-97.486919,25.179432],[-97.486919,25.200627],[-97.493101,25.200627],[-97.510174,25.118499],[-97.50723,25.109963],[-97.541523,25.056683],[-97.541523,25.0349],[-97.536814,25.013705],[-97.536961,24.992217],[-97.558155,24.96278],[-97.560951,24.952183],[-97.564042,24.915388],[-97.569194,24.905674],[-97.575964,24.896549],[-97.58244,24.885068],[-97.594067,24.848862],[-97.616586,24.720813],[-97.665009,24.556264],[-97.685173,24.383766],[-97.708428,24.248064],[-97.741544,23.821236],[-97.747578,23.809462],[-97.752288,23.895122],[-97.76053,23.938982],[-97.774218,23.960471],[-97.762297,23.978721],[-97.754643,24.007863],[-97.753466,24.038771],[-97.760678,24.062615],[-97.767154,24.045542],[-97.777309,24.054078],[-97.784079,24.077039],[-97.781136,24.103826],[-97.774218,24.103826],[-97.772158,24.094701],[-97.769361,24.08793],[-97.765682,24.082043],[-97.760678,24.07645],[-97.754643,24.088813],[-97.750522,24.106181],[-97.745371,24.161816],[-97.735509,24.200672],[-97.724176,24.385532],[-97.714462,24.419679],[-97.712255,24.436163],[-97.718583,24.45618],[-97.733449,24.455002],[-97.750669,24.442639],[-97.763768,24.428804],[-97.778487,24.419973],[-97.797767,24.418796],[-97.81646,24.423211],[-97.829559,24.432631],[-97.835888,24.449704],[-97.834121,24.469132],[-97.822052,24.508577],[-97.831178,24.501806],[-97.841775,24.501218],[-97.849428,24.507988],[-97.850017,24.522706],[-97.842069,24.530948],[-97.829264,24.537719],[-97.821758,24.547138],[-97.829559,24.562445],[-97.817784,24.554792],[-97.804979,24.550965],[-97.792174,24.552731],[-97.781136,24.562445],[-97.771422,24.557147],[-97.76892,24.551848],[-97.769067,24.544783],[-97.766859,24.535069],[-97.773335,24.528593],[-97.775249,24.524472],[-97.770539,24.522706],[-97.769214,24.521529],[-97.762002,24.51623],[-97.760678,24.515936],[-97.751258,24.492975],[-97.747578,24.487971],[-97.734038,24.480612],[-97.724176,24.478551],[-97.719761,24.484144],[-97.715198,24.519468],[-97.678697,24.624556],[-97.673546,24.679897],[-97.671927,24.700208],[-97.678697,24.700208],[-97.686792,24.672243],[-97.701952,24.680191],[-97.711519,24.70168],[-97.702835,24.713748],[-97.689883,24.725523],[-97.694593,24.751133],[-97.712255,24.792638],[-97.707839,24.802058],[-97.701216,24.809711],[-97.700774,24.81501],[-97.715934,24.816776],[-97.724912,24.823252],[-97.730064,24.837676],[-97.730652,24.853571],[-97.725795,24.864169],[-97.675312,24.864169],[-97.665451,24.866523],[-97.657503,24.873294],[-97.643962,24.892133],[-97.649849,24.905085],[-97.646317,24.911561],[-97.636309,24.911267],[-97.623504,24.905085],[-97.622621,24.920392],[-97.624534,24.928929],[-97.629538,24.934227],[-97.648672,24.947179],[-97.662507,24.953655],[-97.676784,24.958365],[-97.688705,24.960426],[-97.697095,24.96278],[-97.704748,24.968962],[-97.710194,24.97691],[-97.712255,24.984563],[-97.718878,24.985741],[-97.734038,24.98162],[-97.750522,24.975144],[-97.760678,24.967785],[-97.74228,24.982797],[-97.726826,25.003108],[-97.716229,25.028718],[-97.703718,25.129096],[-97.689883,25.147052],[-97.684879,25.159416],[-97.686792,25.181787],[-97.694593,25.215639],[-97.70519,25.244487],[-97.715934,25.251846],[-97.727709,25.248314],[-97.741985,25.252435],[-97.756851,25.258616],[-97.770539,25.261854],[-97.776573,25.26156],[-97.794971,25.257439],[-97.776868,25.268919],[-97.767448,25.273629],[-97.757292,25.27569],[-97.732566,25.265092],[-97.718436,25.260971],[-97.712255,25.265681],[-97.711077,25.277161],[-97.707692,25.29188],[-97.702393,25.304832],[-97.69577,25.310425],[-97.690766,25.315723],[-97.684879,25.351341],[-97.691208,25.362233],[-97.691355,25.368414],[-97.681788,25.371064],[-97.676637,25.37018],[-97.669719,25.368414],[-97.664568,25.366354],[-97.665009,25.364882],[-97.640283,25.367237],[-97.62998,25.366942],[-97.623504,25.364882],[-97.617175,25.35664],[-97.618352,25.348397],[-97.625712,25.341627],[-97.63778,25.337506],[-97.623504,25.330147],[-97.636603,25.323082],[-97.634395,25.317489],[-97.623357,25.313368],[-97.610405,25.310425],[-97.600985,25.310719],[-97.568899,25.316606],[-97.558891,25.308953],[-97.5558,25.290408],[-97.548294,25.283049],[-97.536225,25.283049],[-97.527247,25.29188],[-97.521948,25.304537],[-97.521065,25.316606],[-97.536519,25.314546],[-97.538138,25.322788],[-97.536519,25.336623],[-97.541523,25.351341],[-97.531809,25.367237],[-97.510174,25.394318],[-97.500607,25.412863],[-97.52239,25.417573],[-97.536666,25.434646],[-97.536225,25.454663],[-97.513706,25.467321],[-97.472642,25.447009],[-97.466019,25.440828],[-97.460279,25.433763],[-97.452184,25.427876],[-97.438496,25.426404]]]}},{"type":"Feature","properties":{"name":"Salton Sea","name_en":"Salton Sea","scalerank":3,"min_zoom":3},"geometry":{"type":"Polygon","coordinates":[[[-115.629757,33.318601],[-115.604737,33.280922],[-115.597966,33.238534],[-115.606944,33.217634],[-115.639324,33.18908],[-115.653454,33.159055],[-115.669644,33.143454],[-115.687894,33.131679],[-115.700994,33.12903],[-115.709089,33.110485],[-115.729105,33.112546],[-115.766195,33.12903],[-115.786948,33.159644],[-115.795632,33.166709],[-115.814029,33.176717],[-115.823891,33.183782],[-115.83331,33.196439],[-115.854652,33.239122],[-115.863483,33.277978],[-115.875404,33.292402],[-116.031123,33.41162],[-116.043633,33.430753],[-116.059823,33.466666],[-116.064975,33.487271],[-116.061001,33.502284],[-116.042309,33.515825],[-116.021703,33.523184],[-115.999332,33.525833],[-115.967982,33.526422],[-115.94664,33.520829],[-115.92942,33.511409],[-115.846557,33.431342],[-115.823891,33.417507],[-115.790333,33.375707],[-115.775468,33.365404],[-115.757659,33.359223],[-115.736759,33.356279],[-115.711591,33.35569],[-115.667436,33.345388],[-115.629757,33.318601]]]}},{"type":"Feature","properties":{"name":"Goose Lake","name_en":"Goose","scalerank":5,"min_zoom":4.7},"geometry":{"type":"Polygon","coordinates":[[[-120.34915,42.08918],[-120.323688,42.057094],[-120.313385,42.015],[-120.319567,41.969079],[-120.329722,41.953184],[-120.343557,41.941409],[-120.355774,41.926985],[-120.367548,41.870762],[-120.376232,41.85987],[-120.374171,41.846624],[-120.36799,41.824546],[-120.379764,41.807473],[-120.40037,41.794816],[-120.42436,41.786868],[-120.446585,41.784219],[-120.457329,41.780392],[-120.467338,41.774505],[-120.474991,41.77421],[-120.477787,41.787457],[-120.47558,41.791283],[-120.465866,41.7904],[-120.463511,41.793933],[-120.464688,41.79982],[-120.46719,41.806885],[-120.469692,41.811889],[-120.471017,41.8113],[-120.469251,41.841914],[-120.471017,41.852217],[-120.494419,41.880476],[-120.498393,41.89019],[-120.503103,41.924041],[-120.501484,41.931106],[-120.492506,41.94082],[-120.488237,41.948179],[-120.483969,41.969079],[-120.484705,41.977616],[-120.487207,41.984386],[-120.486618,41.992334],[-120.477787,42.003225],[-120.494419,42.017649],[-120.497804,42.025008],[-120.498393,42.03796],[-120.495155,42.049146],[-120.488385,42.059743],[-120.455857,42.094773],[-120.437018,42.107725],[-120.414646,42.113023],[-120.388448,42.105664],[-120.34915,42.08918]]]}},{"type":"Feature","properties":{"name":"Pyramid Lake","name_en":"Pyramid","scalerank":5,"min_zoom":4.7},"geometry":{"type":"Polygon","coordinates":[[[-119.450898,39.93414],[-119.43044,39.92737],[-119.419254,39.910591],[-119.419401,39.89028],[-119.433531,39.872912],[-119.454283,39.867025],[-119.468266,39.874973],[-119.479599,39.887042],[-119.502265,39.897639],[-119.517719,39.916773],[-119.525961,39.921188],[-119.570557,39.93414],[-119.588366,39.946798],[-119.601465,39.96181],[-119.609413,39.979472],[-119.616772,40.022155],[-119.628253,40.037167],[-119.686537,40.074846],[-119.69419,40.085149],[-119.704934,40.119884],[-119.707731,40.120472],[-119.703463,40.135779],[-119.698017,40.136663],[-119.690511,40.134308],[-119.680502,40.140195],[-119.676823,40.147554],[-119.672554,40.16551],[-119.666814,40.174635],[-119.644001,40.192592],[-119.616772,40.204955],[-119.58763,40.210254],[-119.558635,40.20731],[-119.531407,40.1817],[-119.51713,40.135485],[-119.495936,39.975351],[-119.48004,39.946209],[-119.450898,39.93414]]]}},{"type":"Feature","properties":{"name":"Malheur Lake","name_en":"Malheur","scalerank":5,"min_zoom":4.7},"geometry":{"type":"Polygon","coordinates":[[[-118.631683,43.267519],[-118.64699,43.268991],[-118.660236,43.276056],[-118.675396,43.300194],[-118.688054,43.300783],[-118.716607,43.291363],[-118.736918,43.292835],[-118.756788,43.283121],[-118.771653,43.269286],[-118.776657,43.254567],[-118.786224,43.229546],[-118.807565,43.233962],[-118.825374,43.246031],[-118.842006,43.263104],[-118.84598,43.263104],[-118.866144,43.261926],[-118.882187,43.263104],[-118.927224,43.326981],[-118.931346,43.354062],[-118.943414,43.365837],[-118.956955,43.372607],[-118.96505,43.379966],[-118.964314,43.393507],[-118.957985,43.40852],[-118.948713,43.419706],[-118.930904,43.424121],[-118.823314,43.415879],[-118.752372,43.421177],[-118.656998,43.444432],[-118.669803,43.416173],[-118.672747,43.393507],[-118.667448,43.379966],[-118.659647,43.379083],[-118.650228,43.380555],[-118.640367,43.374079],[-118.601363,43.319033],[-118.595476,43.304609],[-118.597978,43.29048],[-118.60622,43.278116],[-118.617553,43.270169],[-118.631683,43.267519]]]}},{"type":"Feature","properties":{"name":"Harney Lake","name_en":"Harney","scalerank":6,"min_zoom":5},"geometry":{"type":"Polygon","coordinates":[[[-119.006997,43.242793],[-119.010088,43.22101],[-119.017741,43.202759],[-119.02672,43.20011],[-119.034815,43.195695],[-119.06013,43.171262],[-119.073818,43.16302],[-119.089566,43.161254],[-119.145201,43.184214],[-119.168897,43.189513],[-119.180378,43.193928],[-119.190092,43.205997],[-119.188767,43.213651],[-119.183763,43.222187],[-119.183763,43.233373],[-119.20113,43.242204],[-119.218498,43.248091],[-119.232333,43.256922],[-119.223208,43.263693],[-119.199217,43.266342],[-119.186118,43.26958],[-119.172871,43.275173],[-119.163157,43.286359],[-119.159036,43.301371],[-119.15727,43.314912],[-119.154915,43.320505],[-119.149617,43.315206],[-119.140491,43.303726],[-119.126803,43.29254],[-119.107817,43.288125],[-119.091921,43.286947],[-119.083532,43.281943],[-119.07632,43.273407],[-119.064104,43.262221],[-119.021863,43.256628],[-119.006997,43.242793]]]}},{"type":"Feature","properties":{"name":"St. Marys River","name_en":"St. Marys River","scalerank":3,"min_zoom":3},"geometry":{"type":"Polygon","coordinates":[[[-84.177541,46.351859],[-84.224528,46.355398],[-84.229852,46.374101],[-84.236737,46.382157],[-84.268304,46.432987],[-84.280145,46.459477],[-84.31872,46.495439],[-84.336054,46.506791],[-84.358685,46.513676],[-84.382977,46.515751],[-84.405267,46.512455],[-84.422968,46.503056],[-84.459882,46.464067],[-84.48974,46.446611],[-84.490141,46.446469],[-84.490437,46.449287],[-84.49383,46.480504],[-84.477289,46.47957],[-84.467572,46.484696],[-84.473554,46.498857],[-84.454584,46.512699],[-84.433637,46.520829],[-84.412958,46.52454],[-84.383221,46.526689],[-84.364374,46.531816],[-84.353143,46.532963],[-84.341718,46.530839],[-84.316571,46.52144],[-84.30224,46.519291],[-84.257684,46.52686],[-84.219476,46.541996],[-84.179681,46.552812],[-84.130365,46.547245],[-84.115521,46.54224],[-84.108929,46.538163],[-84.096185,46.519291],[-84.077997,46.503739],[-84.072748,46.493534],[-84.079144,46.481401],[-84.08476,46.473149],[-84.087689,46.456132],[-84.095453,46.442704],[-84.096429,46.437577],[-84.096185,46.426469],[-84.099359,46.419267],[-84.106366,46.41475],[-84.113568,46.41182],[-84.117304,46.409428],[-84.113886,46.370927],[-84.083343,46.344801],[-84.117194,46.347157],[-84.117181,46.348759],[-84.120404,46.354203],[-84.129193,46.359941],[-84.171869,46.413529],[-84.177728,46.423222],[-84.178949,46.433915],[-84.178705,46.454106],[-84.173456,46.465043],[-84.147455,46.50203],[-84.133051,46.517216],[-84.130853,46.520951],[-84.128583,46.523637],[-84.123456,46.525468],[-84.141962,46.532792],[-84.181512,46.536625],[-84.199213,46.547245],[-84.24975,46.514726],[-84.264398,46.502519],[-84.277387,46.482499],[-84.267206,46.475419],[-84.249554,46.471391],[-84.240155,46.460649],[-84.238031,46.447026],[-84.225995,46.408451],[-84.219721,46.39644],[-84.203485,46.385331],[-84.184735,46.37642],[-84.173212,46.365434],[-84.177541,46.351859]]]}}],"bbox":[-165.965581688293,-50.6696665174836,177.15437916069,81.9552078693087]}