{"type":"FeatureCollection","crs":{"type":"name","properties":{"name":"urn:ogc:def:crs:OGC:1.3:CRS84"}},"bbox":[-164.90347246002,-52.1577287739643,177.520356700634,75.7934837911399],"features":[{"type":"Feature","properties":{"name":"Miramichi","name_en":"Miramichi","scalerank":9,"min_zoom":7.1},"geometry":{"type":"MultiLineString","coordinates":[[[-67.128977,46.813503],[-67.140289,46.804999],[-67.146555,46.794013],[-67.151723,46.781684],[-67.160024,46.76911],[-67.166982,46.754584],[-67.159047,46.746527],[-67.147328,46.738715],[-67.142649,46.724718],[-67.148793,46.716905],[-67.160634,46.710517],[-67.17219,46.70185],[-67.177398,46.687201],[-67.174469,46.6789],[-67.158111,46.652289],[-67.149485,46.642157],[-67.166127,46.63703],[-67.17634,46.628241],[-67.183298,46.614447],[-67.190419,46.594346],[-67.1787,46.589545],[-67.170115,46.58336],[-67.164133,46.575954],[-67.160268,46.567328],[-67.158111,46.557685],[-67.15689,46.522406],[-67.142893,46.520616],[-67.033844,46.49433],[-66.950307,46.499335],[-66.940297,46.501654],[-66.933095,46.506781],[-66.930328,46.515896],[-66.924794,46.51911],[-66.888783,46.525458],[-66.868398,46.538886],[-66.851145,46.554877],[-66.833079,46.568305],[-66.677398,46.593451],[-66.632069,46.594346],[-66.602895,46.590522],[-66.581654,46.580024],[-66.478261,46.479519],[-66.440989,46.461859],[-66.396596,46.470893],[-66.334869,46.507636],[-66.316803,46.512478],[-66.231435,46.525458],[-66.169911,46.550157],[-66.121571,46.556586],[-66.053334,46.580756],[-65.938547,46.592841],[-65.904978,46.601589],[-65.893137,46.607367],[-65.881988,46.614854],[-65.856109,46.640692],[-65.839508,46.651435],[-65.797597,46.660102],[-65.779978,46.670925],[-65.770375,46.685411],[-65.775543,46.700873],[-65.790476,46.709784],[-65.809071,46.717963],[-65.823964,46.728705],[-65.827382,46.745185],[-65.816558,46.757676],[-65.77774,46.772081],[-65.765289,46.7862],[-65.779286,46.791693],[-65.782867,46.805935],[-65.78189,46.820502],[-65.782379,46.827175],[-65.768219,46.829861],[-65.726877,46.844306],[-65.667836,46.874864],[-65.652333,46.88581],[-65.60143,46.943305],[-65.595286,46.948188],[-65.590566,46.950019],[-65.5808,46.958604],[-65.561838,46.999294],[-65.552398,47.012763],[-65.537262,47.0185],[-65.500559,47.021796],[-65.48412,47.026394],[-65.446523,47.052558],[-65.367543,47.087836]]]}},{"type":"Feature","properties":{"name":"Harricana","name_en":"Harricana","scalerank":9,"min_zoom":7.1},"geometry":{"type":"MultiLineString","coordinates":[[[-77.462799,48.451483],[-77.484934,48.418891],[-77.541697,48.367133],[-77.565826,48.335395],[-77.58727,48.296332],[-77.602935,48.280056],[-77.644358,48.268134],[-77.678334,48.245063],[-77.699574,48.239814],[-77.72057,48.234402],[-77.754506,48.207831],[-77.77066,48.198269],[-77.795888,48.194037],[-77.930735,48.196804],[-77.95344,48.200385],[-77.969879,48.211859],[-77.973704,48.223578],[-77.968007,48.243842],[-77.969879,48.252875],[-77.980133,48.259141],[-78.024526,48.266547],[-78.072987,48.368964],[-78.060699,48.383653],[-78.052805,48.406928],[-78.052358,48.428331],[-78.086578,48.460883],[-78.097157,48.465155],[-78.10497,48.469306],[-78.105214,48.479071],[-78.10025,48.499294],[-78.10554,48.542344],[-78.105336,48.56623],[-78.097157,48.585273],[-78.077748,48.6046],[-78.066396,48.612657],[-78.019276,48.625271],[-78.010935,48.629665],[-78.004506,48.642768],[-77.99649,48.666938],[-77.991444,48.692247],[-77.993804,48.708441],[-78.006215,48.728705],[-77.99767,48.737006],[-77.9829,48.745795],[-77.976755,48.767401],[-77.988149,48.785224],[-78.012603,48.802802],[-78.040639,48.816107],[-78.075673,48.824652],[-78.077992,48.832709],[-78.072987,48.85281],[-78.071604,48.871894],[-78.075307,48.874091],[-78.086578,48.88288],[-78.092112,48.885037],[-78.108144,48.887519],[-78.113881,48.890326],[-78.115346,48.895697],[-78.113189,48.911566],[-78.113881,48.91767],[-78.121775,48.929145],[-78.127594,48.935981],[-78.131703,48.944037],[-78.134389,48.959255],[-78.130238,48.992377],[-78.113393,49.010932],[-78.065541,49.041124],[-78.091379,49.054226],[-78.1044,49.0633],[-78.113881,49.074652],[-78.069976,49.096055],[-78.051503,49.109687],[-78.055572,49.126492],[-78.0631,49.136583],[-78.060902,49.142524],[-78.055084,49.147325],[-78.051869,49.15412],[-78.052195,49.166775],[-78.054026,49.172431],[-78.065541,49.191962],[-78.073842,49.222357],[-78.079742,49.232937],[-78.089955,49.244005],[-78.124501,49.270453],[-78.129221,49.280219],[-78.129547,49.290391],[-78.132436,49.298529],[-78.154856,49.304307],[-78.189605,49.322333],[-78.211537,49.342393],[-78.216461,49.357978],[-78.210113,49.393378],[-78.214426,49.406277],[-78.223744,49.413113],[-78.233144,49.41706],[-78.237416,49.421007],[-78.240793,49.428656],[-78.278879,49.464179],[-78.324045,49.493842],[-78.36734,49.505316],[-78.384511,49.518744],[-78.399281,49.534735],[-78.415598,49.548204],[-78.437164,49.553778],[-78.462026,49.554796],[-78.484202,49.559353],[-78.498118,49.575548],[-78.478831,49.587999],[-78.485911,49.60224],[-78.502512,49.617621],[-78.51179,49.633897],[-78.516103,49.65705],[-78.526763,49.672919],[-78.552724,49.698432],[-78.558176,49.716824],[-78.557973,49.763129],[-78.562652,49.777615],[-78.613393,49.824408],[-78.654775,49.875108],[-78.67398,49.886501],[-78.699818,49.890896],[-78.719309,49.897528],[-78.778066,49.944892],[-78.819651,49.96662],[-78.835764,49.978787],[-78.84553,49.984198],[-78.879384,49.991278],[-78.901194,50.003201],[-78.917388,50.018744],[-78.922678,50.034247],[-78.919179,50.0421],[-78.906321,50.054877],[-78.901519,50.062201],[-78.900461,50.073065],[-78.902415,50.096951],[-78.898427,50.106553],[-78.892079,50.128852],[-78.90803,50.147244],[-78.950592,50.172065],[-78.964752,50.18712],[-78.970448,50.202582],[-78.970448,50.243476],[-78.972971,50.259467],[-79.009104,50.377875],[-79.011383,50.394232],[-79.016916,50.402533],[-79.040761,50.415961],[-79.046213,50.422187],[-79.04662,50.432196],[-79.056304,50.481228],[-79.05956,50.490749],[-79.066029,50.501003],[-79.078196,50.512274],[-79.089426,50.519477],[-79.097646,50.528428],[-79.10676,50.567003],[-79.121775,50.584662],[-79.334218,50.726915]]]}},{"type":"Feature","properties":{"name":"Purificacin","name_en":"Purificacin","scalerank":9,"min_zoom":7.1},"geometry":{"type":"MultiLineString","coordinates":[[[-99.883127,23.949042],[-99.821604,23.98371],[-99.805735,23.996853],[-99.79601,24.016547],[-99.794789,24.039171],[-99.799062,24.06212],[-99.805653,24.082953],[-99.817779,24.106513],[-99.822011,24.11876],[-99.820668,24.131293],[-99.807607,24.150824],[-99.787506,24.167263],[-99.763987,24.177191],[-99.740346,24.177314],[-99.729075,24.17003],[-99.706125,24.147569],[-99.693959,24.14411],[-99.686187,24.148546],[-99.675893,24.165717],[-99.669057,24.172227],[-99.64037,24.174384],[-99.580474,24.147406],[-99.551747,24.144395],[-99.540354,24.149237],[-99.520334,24.163031],[-99.509429,24.168077],[-99.503082,24.16946],[-99.489573,24.169704],[-99.482493,24.168891],[-99.438344,24.160224],[-99.407338,24.157538],[-99.392812,24.159003],[-99.377105,24.163682],[-99.338043,24.181586],[-99.318512,24.18476],[-99.296539,24.178494],[-99.285024,24.165798],[-99.285308,24.13349],[-99.278798,24.117784],[-99.252756,24.103461],[-99.077382,24.075263],[-99.028432,24.061835],[-98.965972,24.065741],[-98.936431,24.059516],[-98.896718,24.043647],[-98.860178,24.034695],[-98.77184,24.029242]]]}},{"type":"Feature","properties":{"name":"Snake","name_en":"Snake","scalerank":4,"min_zoom":4},"geometry":{"type":"MultiLineString","coordinates":[[[-111.041412,43.174994],[-111.06786,43.197333],[-111.107249,43.249335],[-111.126861,43.277615],[-111.135732,43.300605],[-111.148427,43.322333],[-111.169016,43.333075],[-111.185943,43.338243]],[[-112.863678,42.813056],[-112.838531,42.844062],[-112.808583,42.873806],[-112.773183,42.89879],[-112.739003,42.925116],[-112.709055,42.954047],[-112.653961,43.013536],[-112.639516,43.023505]],[[-113.316274,42.653632],[-113.33609,42.668321],[-113.394439,42.681749],[-113.449452,42.678046],[-113.472239,42.674994]]]}},{"type":"Feature","properties":{"name":"Columbia","name_en":"Columbia","scalerank":4,"min_zoom":4},"geometry":{"type":"MultiLineString","coordinates":[[[-119.052073,46.223822],[-119.027496,46.21129],[-118.988922,46.186591],[-118.958363,46.155097],[-118.934316,46.120795],[-118.923166,46.092841],[-118.919423,46.079861],[-118.919423,46.079779]],[[-110.630605,43.837104],[-110.628285,43.805976],[-110.630483,43.796007],[-110.637318,43.784369],[-110.638824,43.779364],[-110.639027,43.763129],[-110.640248,43.757676],[-110.643178,43.751654],[-110.665435,43.72309],[-110.724721,43.662624],[-110.733266,43.651394],[-110.739613,43.638536],[-110.748769,43.611518],[-110.751454,43.597683],[-110.754791,43.5574],[-110.759633,43.547065],[-110.76769,43.539333],[-110.777333,43.533393],[-110.787262,43.528876],[-110.823476,43.518337],[-110.833811,43.512234],[-110.843129,43.499823],[-110.845693,43.486396],[-110.843984,43.472276],[-110.836293,43.443183],[-110.829091,43.426785],[-110.818715,43.413357],[-110.804677,43.407782],[-110.794301,43.405626],[-110.773427,43.396267],[-110.760854,43.39411],[-110.746409,43.393622],[-110.735748,43.391669],[-110.727366,43.387315],[-110.719309,43.379828],[-110.710683,43.366726],[-110.707753,43.353095],[-110.710683,43.339179],[-110.719309,43.325222],[-110.734242,43.314032],[-110.767161,43.303494],[-110.780751,43.291693],[-110.767323,43.27851],[-110.764027,43.261013],[-110.768951,43.242499],[-110.779937,43.226182],[-110.792226,43.216824],[-110.805409,43.212592],[-110.936187,43.211697],[-110.960927,43.207465],[-110.966786,43.205268],[-110.971425,43.201972],[-110.976674,43.194403],[-110.980621,43.186835],[-110.985707,43.179877],[-110.994496,43.173774],[-111.005605,43.171739],[-111.019765,43.17296],[-111.031728,43.172553],[-111.041412,43.174994]],[[-111.1881,43.338894],[-111.211293,43.369818],[-111.335683,43.456163],[-111.380198,43.472846],[-111.401682,43.48432],[-111.410756,43.500556],[-111.411936,43.512152],[-111.417063,43.531602],[-111.418202,43.541531],[-111.416982,43.548163],[-111.414906,43.554389],[-111.414418,43.562079],[-111.418202,43.572862],[-111.432525,43.586941],[-111.476389,43.603949],[-111.496734,43.617255],[-111.516347,43.623481],[-111.542388,43.618679],[-111.568837,43.610419],[-111.589508,43.606391],[-111.609771,43.610867],[-111.637115,43.621609],[-111.661204,43.635932],[-111.671457,43.651394],[-111.681996,43.663764],[-111.753407,43.682156],[-111.76415,43.688666],[-111.77774,43.702501],[-111.788157,43.709418],[-111.799794,43.71369],[-111.824941,43.719102],[-111.836537,43.7237],[-111.853871,43.73782],[-111.86856,43.75373],[-111.885976,43.766384],[-111.911692,43.77086],[-111.92512,43.767646],[-111.944651,43.754462],[-111.952626,43.751044],[-111.966298,43.752509],[-112.007883,43.77086],[-112.029775,43.777777],[-112.048411,43.778144],[-112.065419,43.769965],[-112.082346,43.751044],[-112.058705,43.752753],[-112.057729,43.745958],[-112.07608,43.7237],[-112.079905,43.707139],[-112.076161,43.694688],[-112.065582,43.686347],[-112.048818,43.682156],[-112.052398,43.664374],[-112.022532,43.53205],[-112.020863,43.517646],[-112.028391,43.497382],[-112.043365,43.479844],[-112.061757,43.467597],[-112.079254,43.462999],[-112.080719,43.458564],[-112.099721,43.431667],[-112.103831,43.428982],[-112.116282,43.423163],[-112.120839,43.422065],[-112.124257,43.419501],[-112.124135,43.413642],[-112.123158,43.406846],[-112.123931,43.401557],[-112.170725,43.327826],[-112.202301,43.291938],[-112.24059,43.270575],[-112.284088,43.261664],[-112.300933,43.254584],[-112.336659,43.225287],[-112.465159,43.16413],[-112.494618,43.140245],[-112.506907,43.109809],[-112.515859,43.104519],[-112.565826,43.062079],[-112.580637,43.052436],[-112.639272,43.023546]],[[-112.864369,42.811876],[-112.870839,42.783149],[-112.894765,42.758002],[-113.048736,42.653632],[-113.074941,42.643988],[-113.105621,42.637641],[-113.247182,42.632514],[-113.288157,42.637397],[-113.316274,42.653632]],[[-113.473948,42.67475],[-113.525461,42.666938],[-113.559885,42.645941],[-113.637074,42.561225],[-113.654856,42.550605],[-113.673736,42.545681],[-113.696767,42.544379],[-113.708648,42.545356],[-113.7235,42.548367],[-113.736073,42.553738],[-113.741444,42.561794],[-113.748199,42.567694],[-113.76301,42.565538],[-113.777211,42.560614],[-113.782379,42.558051],[-113.823354,42.551215],[-113.837473,42.553494],[-113.862945,42.563259],[-113.874867,42.565497],[-113.885894,42.563259],[-113.900136,42.553494],[-114.032216,42.537421],[-114.071645,42.518378],[-114.095448,42.513861],[-114.119496,42.513699],[-114.138661,42.517117],[-114.149526,42.523057],[-114.155019,42.530341],[-114.159169,42.537869],[-114.166005,42.544379],[-114.177642,42.547675],[-114.207753,42.55036],[-114.227895,42.559149],[-114.254465,42.55744],[-114.265289,42.561794],[-114.274159,42.567247],[-114.351674,42.591986],[-114.488149,42.620144],[-114.497222,42.624457],[-114.522288,42.64057],[-114.563466,42.645535],[-114.593251,42.659776],[-114.77892,42.67475],[-114.793813,42.681749],[-114.809682,42.698025],[-114.830719,42.729356],[-114.831776,42.734565],[-114.830719,42.753526],[-114.832102,42.761542],[-114.835846,42.763048],[-114.841298,42.763292],[-114.85851,42.773464],[-114.887563,42.779364],[-114.899648,42.784003],[-114.916005,42.802517],[-114.919504,42.82453],[-114.909413,42.84516],[-114.885365,42.859687],[-114.90099,42.887315],[-114.905873,42.893866],[-114.916168,42.901719],[-114.936147,42.911892],[-114.943715,42.918036],[-114.962554,42.923204],[-115.050445,42.928575],[-115.101796,42.919704],[-115.127553,42.919216],[-115.13858,42.931708],[-115.143219,42.950629],[-115.154368,42.972968],[-115.16808,42.992703],[-115.180165,43.00373],[-115.19164,43.007148],[-115.199534,43.005683],[-115.214955,42.996283],[-115.252512,42.979519],[-115.268463,42.968207],[-115.286244,42.960761],[-115.30484,42.95661],[-115.364573,42.955349],[-115.399322,42.944037],[-115.418813,42.941107],[-115.437652,42.935981],[-115.451161,42.93476],[-115.463002,42.936835],[-115.496165,42.949083],[-115.570546,42.947211],[-115.587636,42.952216],[-115.608306,42.967312],[-115.622711,42.969062],[-115.659983,42.955349],[-115.708648,42.948554],[-115.734446,42.950263],[-115.752797,42.958686],[-115.757395,42.966824],[-115.761342,42.985663],[-115.766103,42.993109],[-115.77538,42.996894],[-115.81078,42.996283],[-115.858632,43.00373],[-115.893707,43.015692],[-115.924387,43.020209],[-115.934926,43.019599],[-115.944569,43.013983],[-115.951731,43.003038],[-115.960764,42.978583],[-115.967885,42.96955],[-115.99059,42.964382],[-116.013336,42.974636],[-116.03661,42.988959],[-116.060943,42.996283],[-116.071278,42.998114],[-116.08137,43.003241],[-116.088979,43.010932],[-116.091949,43.020819],[-116.096913,43.024929],[-116.14037,43.041287],[-116.17394,43.058946],[-116.187245,43.0692],[-116.190419,43.075873],[-116.18692,43.096218],[-116.19636,43.106879],[-116.240956,43.128241],[-116.286855,43.142279],[-116.296783,43.147081],[-116.319163,43.171088],[-116.345937,43.183539],[-116.354115,43.203315],[-116.359486,43.243272],[-116.367258,43.257921],[-116.381947,43.278673],[-116.399729,43.297309],[-116.416615,43.305365],[-116.49059,43.300849],[-116.51651,43.305365],[-116.554921,43.322537],[-116.757558,43.489569],[-116.769765,43.503974],[-116.773997,43.522528],[-116.776967,43.55032],[-116.78246,43.575507],[-116.794301,43.586534],[-116.804799,43.589667],[-116.82079,43.603298],[-116.831532,43.606391],[-116.842275,43.607937],[-116.869008,43.616482],[-116.897776,43.629706],[-116.9204,43.643256],[-116.939768,43.658271],[-116.947906,43.671576],[-116.95873,43.685248],[-116.984283,43.692206],[-117.037262,43.696397],[-117.077138,43.709988],[-117.067494,43.734565],[-117.039377,43.76557],[-117.023671,43.798204],[-117.023671,43.805609],[-117.031484,43.828559],[-117.015859,43.844753],[-116.993804,43.857611],[-116.982655,43.870795],[-116.971181,43.893256],[-116.967397,43.917182],[-116.954742,43.949652],[-116.947906,43.990587],[-116.943471,44.001573],[-116.939036,44.009223],[-116.935618,44.016954],[-116.934234,44.02851],[-116.941477,44.049425],[-116.968821,44.083441],[-116.969065,44.09988],[-116.95873,44.108588],[-116.94518,44.110175],[-116.931467,44.110053],[-116.920562,44.113471],[-116.912465,44.123562],[-116.908437,44.134955],[-116.907094,44.146796],[-116.906972,44.158149],[-116.903228,44.163601],[-116.89623,44.16946],[-116.892079,44.176581],[-116.897043,44.185818],[-116.916982,44.200059],[-116.934234,44.209744],[-116.956044,44.218329],[-116.961497,44.223741],[-116.969065,44.237006],[-116.971059,44.248074],[-116.97053,44.259385],[-116.973541,44.268175],[-116.986073,44.271796],[-117.008616,44.268622],[-117.026723,44.262763],[-117.044097,44.259589],[-117.064605,44.26435],[-117.073069,44.271837],[-117.078928,44.281684],[-117.086252,44.289822],[-117.099355,44.292263],[-117.112945,44.288398],[-117.122304,44.281195],[-117.13036,44.27265],[-117.14037,44.26435],[-117.178944,44.284613],[-117.195139,44.297634],[-117.201772,44.316189],[-117.200754,44.326443],[-117.195953,44.339545],[-117.194936,44.349921],[-117.197743,44.362738],[-117.211008,44.383124],[-117.215443,44.394639],[-117.212148,44.41767],[-117.201161,44.437527],[-117.193593,44.455512],[-117.203847,44.482449],[-117.197377,44.489569],[-117.188222,44.495429],[-117.183502,44.5008],[-117.180084,44.513495],[-117.171457,44.518744],[-117.160308,44.521064],[-117.149403,44.52501],[-117.13561,44.536973],[-117.122385,44.554023],[-117.112375,44.572699],[-117.103831,44.611762],[-117.092763,44.632921],[-117.067494,44.668402],[-117.039947,44.719062],[-117.029286,44.733507],[-117.01061,44.749864],[-116.950185,44.778266],[-116.931549,44.790107],[-116.917348,44.802517],[-116.864003,44.865994],[-116.840932,44.90115],[-116.832875,44.919786],[-116.822011,44.966417],[-116.820424,44.987413],[-116.822662,44.990343],[-116.827545,44.995429],[-116.832509,45.003363],[-116.834706,45.014716],[-116.83141,45.024929],[-116.823598,45.035712],[-116.717519,45.151313],[-116.696929,45.189765],[-116.679067,45.251247],[-116.665883,45.268337],[-116.656158,45.284613],[-116.653147,45.326199],[-116.649159,45.347439],[-116.636301,45.365546],[-116.601633,45.394558],[-116.586781,45.428046],[-116.539215,45.470893],[-116.53539,45.48078],[-116.530751,45.501899],[-116.511952,45.535509],[-116.506256,45.542304],[-116.476715,45.566433],[-116.463043,45.581855],[-116.455068,45.600653],[-116.455963,45.621853],[-116.463735,45.642401],[-116.49885,45.690863],[-116.517242,45.731757],[-116.530181,45.751532],[-116.542877,45.762315],[-116.557485,45.771999],[-116.599517,45.77794],[-116.657541,45.803494],[-116.678212,45.820421],[-116.687856,45.826606],[-116.759511,45.837917],[-116.769765,45.850775],[-116.778961,45.8664],[-116.838694,45.909735],[-116.867991,45.96601],[-116.876576,45.996894],[-116.902415,46.046332],[-116.95519,46.094062],[-116.960683,46.104682],[-116.931264,46.127997],[-116.918365,46.141872],[-116.909169,46.162421],[-116.90925,46.183295],[-116.930816,46.210639],[-116.942209,46.259589],[-116.956044,46.280707],[-116.989491,46.320014],[-117.036936,46.363227],[-117.044097,46.378445],[-117.040191,46.39643],[-117.024729,46.428819],[-117.023671,46.450995],[-117.047475,46.445868],[-117.16393,46.443549],[-117.18578,46.439724],[-117.196197,46.439154],[-117.208608,46.443549],[-117.204823,46.457221],[-117.209299,46.463935],[-117.216786,46.469184],[-117.222279,46.478339],[-117.223948,46.490424],[-117.222279,46.522406],[-117.229726,46.541612],[-117.247955,46.554999],[-117.290517,46.57392],[-117.362131,46.620307],[-117.393951,46.647162],[-117.447499,46.705024],[-117.465443,46.711046],[-117.508616,46.690985],[-117.539947,46.68712],[-117.59968,46.690619],[-117.644887,46.710761],[-117.671254,46.71894],[-117.691803,46.714179],[-117.70108,46.708564],[-117.722564,46.701036],[-117.732777,46.693956],[-117.757314,46.662665],[-117.7801,46.641547],[-117.794342,46.63349],[-117.81135,46.629177],[-117.849192,46.635321],[-117.856597,46.632636],[-117.862945,46.626288],[-117.868276,46.619412],[-117.872711,46.614854],[-117.888173,46.607245],[-117.902984,46.603135],[-118.055043,46.590033],[-118.115387,46.570828],[-118.150502,46.566474],[-118.16686,46.571885],[-118.186025,46.595771],[-118.199208,46.601264],[-118.206776,46.603217],[-118.222808,46.61225],[-118.229604,46.614854],[-118.242055,46.614569],[-118.278066,46.607449],[-118.30606,46.618354],[-118.335805,46.612413],[-118.365712,46.600775],[-118.394114,46.594346],[-118.444163,46.602118],[-118.462392,46.601264],[-118.475575,46.596706],[-118.502065,46.583441],[-118.513905,46.580756],[-118.520904,46.576768],[-118.548411,46.55036],[-118.55956,46.543524],[-118.584584,46.533555],[-118.593373,46.525458],[-118.59911,46.513861],[-118.603179,46.501044],[-118.60558,46.487738],[-118.606353,46.474555],[-118.610341,46.467475],[-118.617543,46.461127],[-118.621002,46.453721],[-118.61384,46.443549],[-118.622711,46.428656],[-118.634104,46.416368],[-118.66161,46.39643],[-118.677073,46.388495],[-118.723053,46.374701],[-118.733022,46.368842],[-118.742096,46.360541],[-118.757192,46.341132],[-118.758616,46.333319],[-118.757558,46.324083],[-118.759023,46.316474],[-118.767812,46.313259],[-118.776601,46.31269],[-118.783844,46.311103],[-118.882314,46.26789],[-118.983795,46.245551],[-118.995961,46.239325],[-119.014475,46.224189],[-119.029897,46.215155]]]}},{"type":"Feature","properties":{"name":"Rio Grande","name_en":"Rio Grande","scalerank":4,"min_zoom":4},"geometry":{"type":"MultiLineString","coordinates":[[[-107.181386,33.173163],[-107.176137,33.189521],[-107.177235,33.208035],[-107.179351,33.224799],[-107.172231,33.23782],[-107.163564,33.259833],[-107.166086,33.283759],[-107.169016,33.303412],[-107.17101,33.325954],[-107.170969,33.345974],[-107.169993,33.35574]],[[-107.293446,32.910346],[-107.295155,32.936103],[-107.293935,32.978339],[-107.282297,33.063544],[-107.282786,33.091335],[-107.283925,33.105984],[-107.280832,33.114285]],[[-101.038971,29.460395],[-101.068756,29.469672],[-101.13561,29.48786],[-101.164418,29.501532],[-101.183502,29.522528],[-101.19225,29.528347],[-101.202626,29.53087],[-101.213694,29.531806],[-101.223541,29.540961],[-101.227284,29.554633],[-101.218617,29.584418],[-101.219838,29.61046],[-101.234731,29.62287],[-101.259633,29.620429],[-101.284413,29.608018],[-101.301829,29.594346],[-101.312978,29.59809],[-101.311676,29.612982],[-101.303538,29.634101]],[[-99.462554,27.057074],[-99.444569,27.034857],[-99.440663,27.02912],[-99.425526,27.018134],[-99.41686,27.015082],[-99.408111,27.014716],[-99.400136,27.012803],[-99.393625,27.00495],[-99.390981,26.993842],[-99.391184,26.973334],[-99.387034,26.962429],[-99.377675,26.953925],[-99.337758,26.924994],[-99.326772,26.911729],[-99.294789,26.876532],[-99.280507,26.859931],[-99.263661,26.844306],[-99.249135,26.827257],[-99.234934,26.783881],[-99.222157,26.735948],[-99.181956,26.630154],[-99.179189,26.613878],[-99.172353,26.565945]]]}},{"type":"Feature","properties":{"name":"Rio Grande","name_en":"Rio Grande","scalerank":4,"min_zoom":4},"geometry":{"type":"MultiLineString","coordinates":[[[-107.426584,37.775946],[-107.400054,37.757676],[-107.385976,37.752631],[-107.271311,37.753974],[-107.220082,37.748603],[-107.204661,37.749823],[-107.158437,37.760199],[-107.138051,37.761176],[-107.066965,37.743964],[-107.041982,37.739285],[-107.019032,37.739854],[-106.999379,37.748643],[-106.984364,37.7685],[-106.969635,37.813015],[-106.961781,37.825629],[-106.949045,37.834784],[-106.934438,37.837714],[-106.885121,37.832465],[-106.87682,37.830512],[-106.82608,37.806016],[-106.795481,37.797227],[-106.771718,37.787543],[-106.764312,37.783311],[-106.758046,37.77794],[-106.753,37.770616],[-106.745961,37.751573],[-106.742014,37.745673],[-106.730865,37.736029],[-106.625234,37.677314],[-106.611318,37.675971],[-106.597076,37.678249],[-106.495188,37.679145],[-106.426096,37.672309],[-106.402699,37.674343],[-106.3579,37.683661],[-106.333852,37.685899],[-106.290517,37.678778],[-106.24828,37.660712],[-106.176178,37.617621],[-106.134389,37.598253],[-105.965647,37.560167],[-105.9381,37.558295],[-105.912262,37.552802],[-105.883453,37.533759],[-105.858632,37.524197],[-105.830719,37.492499],[-105.792226,37.45779],[-105.777577,37.441433],[-105.771555,37.422146],[-105.768422,37.416205],[-105.75475,37.39879],[-105.751698,37.388007],[-105.750478,37.374783],[-105.721099,37.299913],[-105.721262,37.278388],[-105.734283,37.257921],[-105.740712,37.250922],[-105.74356,37.244208],[-105.744211,37.223822],[-105.743031,37.219265],[-105.740305,37.213568],[-105.736928,37.208808],[-105.734283,37.206732],[-105.729156,37.203721],[-105.731068,37.196885],[-105.738026,37.185614],[-105.754628,37.079779],[-105.760121,37.069444],[-105.762929,37.058295],[-105.757883,37.042263],[-105.750478,37.034532],[-105.728383,37.017605],[-105.723744,37.011257],[-105.728424,36.939765],[-105.723744,36.918769],[-105.695139,36.872178],[-105.687896,36.847927],[-105.697092,36.823188],[-105.686635,36.806179],[-105.682607,36.7862],[-105.682769,36.744005],[-105.684722,36.738227],[-105.693918,36.72724],[-105.696767,36.720974],[-105.696441,36.709906],[-105.689524,36.689154],[-105.687815,36.678331],[-105.692372,36.637274],[-105.73058,36.50788],[-105.733306,36.491075],[-105.729888,36.378038],[-105.731028,36.370714],[-105.734364,36.360907],[-105.743723,36.342149],[-105.750152,36.322943],[-105.754262,36.314276],[-105.759511,36.30626],[-105.76594,36.298611],[-105.785756,36.28144],[-105.849843,36.243516],[-105.861399,36.237169],[-105.888336,36.217882],[-105.899403,36.212022],[-105.911041,36.209906],[-105.921254,36.209499],[-105.931223,36.207953],[-105.942047,36.202419],[-105.956044,36.188666],[-105.978342,36.157986],[-105.994252,36.144884],[-106.028879,36.124294],[-106.044749,36.111843],[-106.05842,36.096503],[-106.065419,36.080634],[-106.066274,36.064724],[-106.064443,36.031562],[-106.067494,36.017117],[-106.07315,36.005968],[-106.088735,35.983507],[-106.092519,35.975898],[-106.105702,35.92296],[-106.109242,35.913764],[-106.115305,35.902655],[-106.175893,35.820828],[-106.266265,35.738552],[-106.276357,35.733018],[-106.308217,35.720282],[-106.318512,35.712958],[-106.32551,35.703681],[-106.325063,35.693386],[-106.322255,35.689887],[-106.315256,35.684434],[-106.312815,35.680447],[-106.311879,35.674384],[-106.312489,35.667996],[-106.315541,35.655585],[-106.319203,35.646796],[-106.324208,35.642401],[-106.330434,35.638739],[-106.338124,35.63227],[-106.3933,35.535834],[-106.396555,35.524034],[-106.402577,35.484727],[-106.407216,35.472032],[-106.417144,35.454413],[-106.429677,35.437852],[-106.444203,35.423041],[-106.516591,35.372504],[-106.53307,35.364285],[-106.542877,35.356798],[-106.550689,35.347683],[-106.561757,35.327419],[-106.579457,35.315701],[-106.587066,35.308051],[-106.592763,35.29796],[-106.593658,35.292426],[-106.59317,35.2862],[-106.597076,35.261054],[-106.599843,35.251817],[-106.604888,35.243354],[-106.61441,35.232937],[-106.621816,35.227607],[-106.640004,35.218695],[-106.649241,35.21247],[-106.653676,35.206488],[-106.669057,35.177761],[-106.690256,35.155585],[-106.697743,35.139594],[-106.69636,35.116278],[-106.689809,35.103624],[-106.680816,35.093085],[-106.67276,35.080512],[-106.669057,35.061632],[-106.670155,35.040351],[-106.67394,35.018175],[-106.680572,34.997341],[-106.690175,34.979763],[-106.677642,34.947292],[-106.676503,34.938747],[-106.68163,34.92654],[-106.699818,34.904161],[-106.706899,34.888048],[-106.71288,34.878607],[-106.716908,34.868191],[-106.714019,34.85932],[-106.708485,34.850165],[-106.707387,34.839545],[-106.708811,34.829535],[-106.710601,34.822089],[-106.718821,34.803738],[-106.740875,34.765652],[-106.745432,34.743232],[-106.745432,34.656928],[-106.751576,34.616523],[-106.781361,34.542182],[-106.792551,34.499294],[-106.797922,34.449286],[-106.804799,34.422309],[-106.816762,34.41059],[-106.828725,34.403103],[-106.84203,34.384955],[-106.852203,34.362494],[-106.854604,34.342312],[-106.8485,34.330756],[-106.83967,34.319892],[-106.835601,34.307318],[-106.844065,34.291083],[-106.854604,34.281928],[-106.892486,34.256619],[-106.88858,34.243435],[-106.86144,34.037177],[-106.862904,34.001247],[-106.855377,33.933865],[-106.856028,33.907742],[-106.863881,33.866278],[-106.864491,33.833319],[-106.868031,33.818386],[-106.876576,33.805732],[-106.900014,33.78502],[-106.909901,33.773057],[-106.914133,33.76378],[-106.919057,33.746894],[-106.922922,33.739569],[-106.952056,33.719346],[-106.957021,33.715033],[-106.987294,33.694892],[-106.994944,33.691189],[-107.001698,33.685981],[-107.003651,33.673936],[-107.003651,33.660224],[-107.004791,33.650214],[-107.017974,33.633979],[-107.052968,33.608466],[-107.060048,33.591864],[-107.066721,33.58336],[-107.097971,33.552598],[-107.1079,33.540351],[-107.14094,33.46369],[-107.167226,33.362738],[-107.169911,33.356024]],[[-107.181386,33.173163],[-107.196889,33.173692],[-107.212717,33.171454],[-107.225901,33.164374],[-107.237904,33.142198],[-107.269114,33.125271],[-107.279775,33.11579]],[[-107.293446,32.910346],[-107.304026,32.871039],[-107.305084,32.859198],[-107.298695,32.82746],[-107.298573,32.822821],[-107.299672,32.812934],[-107.299184,32.808417],[-107.272613,32.75491],[-107.26887,32.751003],[-107.259999,32.744452],[-107.256459,32.740668],[-107.255442,32.738227],[-107.254221,32.731879],[-107.253326,32.729112],[-107.252065,32.726752],[-107.250559,32.724677],[-107.235829,32.710028],[-107.228261,32.694363],[-107.222727,32.687079],[-107.214752,32.681586],[-107.202301,32.676134],[-107.181711,32.670233],[-107.055287,32.651068],[-107.035878,32.645535],[-107.018422,32.636542],[-107.004872,32.622341],[-107.000966,32.613308],[-106.993072,32.564399],[-106.991526,32.558946],[-106.971588,32.527167],[-106.964996,32.519639],[-106.955922,32.51321],[-106.946441,32.509955],[-106.926015,32.507839],[-106.916086,32.505398],[-106.907216,32.500312],[-106.899281,32.493476],[-106.846059,32.425849],[-106.844838,32.417996],[-106.859242,32.406317],[-106.857655,32.398953],[-106.849436,32.382758],[-106.847483,32.31977],[-106.837799,32.301866],[-106.805898,32.26203],[-106.790395,32.230414],[-106.749013,32.174587],[-106.734486,32.162787],[-106.732086,32.151964],[-106.684722,32.072048],[-106.662465,32.005723],[-106.661488,31.983262],[-106.640492,31.947211],[-106.635162,31.925971],[-106.632436,31.903022],[-106.625071,31.885443],[-106.600413,31.854926],[-106.607818,31.84748],[-106.600819,31.835883],[-106.591542,31.827094],[-106.580149,31.821601],[-106.566274,31.819525]],[[-106.566314,31.819525],[-106.553212,31.81212],[-106.493642,31.759223],[-106.473988,31.755235],[-106.429799,31.758653],[-106.392568,31.746161],[-106.359283,31.7178],[-106.332143,31.6824],[-106.3131,31.648871],[-106.287099,31.580349],[-106.275543,31.562852],[-106.233469,31.520128],[-106.223744,31.504828],[-106.219594,31.494818],[-106.218251,31.488959],[-106.216217,31.484158],[-106.210072,31.477484],[-106.175364,31.460476],[-106.165151,31.448025],[-106.141957,31.439399],[-106.100209,31.429145],[-106.066151,31.4112],[-106.047109,31.404893],[-106.022043,31.402411],[-106.005605,31.397162],[-105.962066,31.371161],[-105.949371,31.361436],[-105.942616,31.352566],[-105.935414,31.335761],[-105.928863,31.326687],[-105.909657,31.317206],[-105.89802,31.309678],[-105.897857,31.30622],[-105.880971,31.301093],[-105.862864,31.288601],[-105.785715,31.211208],[-105.778676,31.192939],[-105.769032,31.180243],[-105.693105,31.137803],[-105.676096,31.132148],[-105.668813,31.128038],[-105.644643,31.103868],[-105.624379,31.090603],[-105.60676,31.082139],[-105.591786,31.071641],[-105.579457,31.052314],[-105.566518,31.016913],[-105.556793,31.002794],[-105.531646,30.99197],[-105.497548,30.956814],[-105.416371,30.902655],[-105.377024,30.859727],[-105.364613,30.850653],[-105.335194,30.844021],[-105.277821,30.819607],[-105.271596,30.814521],[-105.266672,30.808661],[-105.260365,30.803087],[-105.249867,30.799099],[-105.244781,30.799343],[-105.240631,30.801785],[-105.233754,30.809394],[-105.230133,30.810411],[-105.219106,30.806993],[-105.212961,30.805976],[-105.2058,30.802598],[-105.196116,30.788153],[-105.185943,30.784857],[-105.175608,30.784206],[-105.16808,30.781358],[-105.163482,30.775173],[-105.161733,30.76435],[-105.158599,30.765896],[-105.154124,30.763373],[-105.141225,30.750678],[-105.134429,30.758124],[-105.08788,30.710028],[-105.068959,30.702908],[-105.050364,30.69949],[-105.028798,30.690294],[-105.009348,30.677191],[-104.996653,30.661933],[-104.993764,30.651679],[-104.992421,30.640448],[-104.989898,30.629747],[-104.983632,30.620958],[-104.973541,30.618232],[-104.941965,30.614285],[-104.93517,30.610704],[-104.929067,30.599718],[-104.899037,30.569648],[-104.887359,30.552069],[-104.884836,30.5421],[-104.882965,30.521186],[-104.880523,30.511094],[-104.863881,30.50255],[-104.860097,30.497423],[-104.860463,30.491319],[-104.866078,30.480048],[-104.867543,30.473253],[-104.865346,30.462266],[-104.855458,30.44892],[-104.853261,30.439073],[-104.854482,30.42418],[-104.855865,30.417751],[-104.854115,30.41238],[-104.845815,30.401231],[-104.838368,30.394314],[-104.825063,30.387478],[-104.819163,30.380723],[-104.816884,30.372178],[-104.815785,30.360867],[-104.813791,30.350898],[-104.808583,30.346625],[-104.789622,30.336127],[-104.774973,30.311835],[-104.762522,30.284451],[-104.750234,30.264716],[-104.743031,30.260077],[-104.725453,30.252468],[-104.716054,30.244208],[-104.696645,30.208604],[-104.682444,30.193183],[-104.679514,30.1706],[-104.681304,30.134345],[-104.685536,30.111355],[-104.699371,30.075507],[-104.702463,30.055528],[-104.699941,30.031684],[-104.681304,29.976671],[-104.680979,29.968044],[-104.683339,29.952338],[-104.681304,29.942572],[-104.677358,29.937079],[-104.664296,29.923285],[-104.661488,29.918647],[-104.657216,29.908474],[-104.638417,29.888129],[-104.624582,29.841742],[-104.620513,29.833319],[-104.60204,29.815009],[-104.584381,29.802802],[-104.571156,29.787665],[-104.562245,29.745673],[-104.544545,29.71662],[-104.537953,29.702338],[-104.536,29.688056],[-104.535878,29.678005],[-104.531606,29.668077],[-104.517445,29.654568],[-104.470204,29.625596],[-104.456044,29.613593],[-104.45287,29.607286],[-104.449371,29.597927],[-104.444814,29.589382],[-104.438629,29.585639],[-104.431264,29.583035],[-104.349843,29.537787],[-104.339345,29.524237],[-104.321401,29.532497],[-104.293568,29.533026],[-104.267974,29.526801],[-104.25182,29.508816],[-104.227935,29.493272],[-104.219553,29.490058],[-104.213124,29.48489],[-104.195383,29.449083],[-104.162465,29.417019],[-104.140614,29.400824],[-104.106272,29.385932],[-104.058176,29.339219],[-104.020009,29.320583],[-103.928944,29.29328],[-103.86498,29.281602],[-103.794993,29.277777],[-103.784535,29.27501],[-103.775054,29.267686],[-103.770253,29.257758],[-103.778554,29.235541],[-103.771596,29.230048],[-103.759877,29.227078],[-103.750315,29.223212],[-103.703359,29.188056],[-103.67398,29.173774],[-103.585805,29.154893],[-103.558827,29.15644],[-103.551015,29.154893],[-103.542592,29.148993],[-103.539052,29.142646],[-103.536448,29.135321],[-103.530588,29.12698],[-103.47936,29.082302],[-103.436513,29.061347],[-103.424428,29.058051],[-103.415435,29.05268],[-103.387441,29.028998],[-103.372914,29.023953],[-103.361399,29.030056],[-103.352528,29.039618],[-103.343414,29.041449],[-103.33137,29.023953],[-103.325592,29.027045],[-103.310862,29.031358],[-103.317047,29.010321],[-103.302398,29.002631],[-103.242584,29.00373],[-103.187978,28.990424],[-103.148834,28.985297],[-103.123606,28.99669],[-103.110015,29.023546],[-103.10554,29.058051],[-103.096181,29.060492],[-103.092356,29.058051],[-103.086415,29.075954],[-103.081614,29.085476],[-103.073394,29.09162],[-103.033437,29.110419],[-103.025054,29.116319],[-103.016672,29.12698],[-102.989166,29.177354],[-102.97057,29.193061],[-102.948354,29.182196],[-102.943105,29.190456],[-102.897776,29.220526],[-102.870717,29.224921],[-102.859609,29.229356],[-102.868764,29.240587],[-102.892934,29.254665],[-102.900543,29.264187],[-102.900258,29.276313],[-102.886301,29.315009],[-102.886057,29.333564],[-102.883901,29.34394],[-102.877797,29.351101],[-102.865834,29.359727],[-102.860707,29.361355],[-102.854644,29.361151],[-102.847401,29.362006],[-102.83849,29.366523],[-102.838857,29.370714],[-102.846344,29.384955],[-102.845367,29.390733],[-102.836049,29.404079],[-102.835805,29.41588],[-102.839589,29.42711],[-102.841949,29.438544],[-102.839915,29.452216],[-102.834828,29.461534],[-102.828114,29.470771],[-102.796295,29.544501],[-102.787343,29.550727],[-102.781606,29.558458],[-102.786733,29.572048],[-102.777252,29.576199],[-102.774892,29.579779],[-102.780507,29.592475],[-102.768422,29.59748],[-102.762196,29.603705],[-102.752553,29.620429],[-102.752431,29.622667],[-102.736318,29.649726],[-102.732086,29.650824],[-102.727528,29.664659],[-102.698598,29.709784],[-102.695546,29.720811],[-102.694447,29.7296],[-102.691884,29.737006],[-102.684316,29.743964],[-102.676869,29.744696],[-102.639638,29.743964],[-102.62206,29.747504],[-102.586171,29.76496],[-102.567616,29.771267],[-102.56371,29.769599],[-102.559153,29.759304],[-102.553944,29.756944],[-102.547434,29.758083],[-102.544179,29.760321],[-102.542348,29.762722],[-102.531972,29.770087],[-102.523915,29.782538],[-102.516103,29.784939],[-102.40689,29.777452],[-102.404937,29.781033],[-102.38093,29.811591],[-102.377431,29.821641],[-102.375396,29.848253],[-102.371571,29.858018],[-102.364084,29.864529],[-102.351918,29.866807],[-102.340566,29.870876],[-102.331125,29.889187],[-102.321848,29.89411],[-102.302968,29.889675],[-102.289866,29.878282],[-102.277008,29.869737],[-102.259145,29.873643],[-102.254262,29.855536],[-102.240631,29.849311],[-102.204498,29.8463],[-102.15807,29.824774],[-102.146474,29.815945],[-102.110219,29.802314],[-102.015452,29.811225],[-101.988759,29.805365],[-101.973053,29.818427],[-101.957875,29.814276],[-101.943512,29.803819],[-101.930409,29.797919],[-101.92101,29.798407],[-101.911733,29.800116],[-101.903188,29.803494],[-101.896311,29.808783],[-101.888254,29.812527],[-101.878326,29.811062],[-101.858469,29.805365],[-101.824941,29.805365],[-101.813547,29.812283],[-101.806793,29.81212],[-101.803822,29.801703],[-101.795318,29.796088],[-101.633046,29.775824],[-101.581125,29.781806],[-101.565785,29.786689],[-101.554799,29.796902],[-101.550608,29.815945],[-101.547271,29.82038],[-101.540028,29.818183],[-101.532786,29.811347],[-101.529449,29.801703],[-101.531361,29.796698],[-101.540517,29.779364],[-101.543772,29.771267],[-101.522613,29.766181],[-101.506581,29.774115],[-101.491078,29.785753],[-101.47175,29.791693],[-101.463287,29.789089],[-101.456451,29.776068],[-101.446929,29.771267],[-101.435943,29.770331],[-101.425038,29.771674],[-101.414866,29.774604],[-101.405914,29.778673],[-101.410227,29.765977],[-101.407379,29.753119],[-101.400502,29.740912],[-101.384185,29.718695],[-101.377431,29.700873],[-101.365142,29.676866],[-101.358551,29.667589],[-101.349843,29.660346],[-101.337066,29.654568],[-101.310618,29.654731],[-101.30191,29.649726],[-101.303538,29.634101]],[[-101.038645,29.460273],[-101.030426,29.443183],[-101.026723,29.414578],[-101.02302,29.400702],[-101.017079,29.390326],[-101.008901,29.380805],[-100.999135,29.372667],[-100.988189,29.366523],[-100.915598,29.337266],[-100.891998,29.318793],[-100.872629,29.296698],[-100.864735,29.290839],[-100.816884,29.271023],[-100.796986,29.25788],[-100.784006,29.243272],[-100.762929,29.20893],[-100.770904,29.187527],[-100.763295,29.173936],[-100.710561,29.135769],[-100.707672,29.130398],[-100.70287,29.123887],[-100.69164,29.121161],[-100.679026,29.119574],[-100.669789,29.1164],[-100.661692,29.102851],[-100.653066,29.04503],[-100.633616,29.005398],[-100.62975,28.984565],[-100.638783,28.963162],[-100.631581,28.956895],[-100.627512,28.948554],[-100.6256,28.938015],[-100.625111,28.924913],[-100.6197,28.918158],[-100.607777,28.910346],[-100.595815,28.899522],[-100.590403,28.883653],[-100.587392,28.87995],[-100.572621,28.873399],[-100.567047,28.869981],[-100.564198,28.862331],[-100.570546,28.84988],[-100.567047,28.842719],[-100.560455,28.839667],[-100.545969,28.839179],[-100.539459,28.835883],[-100.535268,28.83043],[-100.5301,28.820176],[-100.525787,28.81505],[-100.519887,28.805203],[-100.494781,28.708604],[-100.482249,28.686306],[-100.445668,28.643988],[-100.447011,28.626736],[-100.435658,28.619412],[-100.412262,28.609565],[-100.402252,28.602484],[-100.397939,28.592963],[-100.399526,28.568874],[-100.398549,28.557807],[-100.385081,28.537421],[-100.364858,28.52501],[-100.323476,28.510606],[-100.352447,28.496934],[-100.357574,28.489529],[-100.356435,28.478339],[-100.349192,28.470526],[-100.340972,28.464464],[-100.337148,28.458808],[-100.332509,28.422187],[-100.323476,28.387071],[-100.294749,28.353624],[-100.279408,28.331326],[-100.278798,28.315131],[-100.285227,28.296698],[-100.27595,28.277452],[-100.258778,28.260769],[-100.241567,28.249945],[-100.213612,28.245307],[-100.206776,28.243109],[-100.203765,28.234687],[-100.202016,28.220567],[-100.198476,28.207343],[-100.190053,28.201524],[-100.173695,28.198798],[-100.075673,28.154608],[-100.057281,28.138129],[-100.049713,28.116238],[-100.048818,28.102729],[-100.045888,28.095526],[-100.032338,28.082058],[-100.018422,28.071153],[-100.011057,28.069119],[-100.011342,28.063829],[-100.014312,28.057196],[-100.015004,28.050645],[-100.00829,28.033759],[-100.001373,28.020616],[-99.991933,28.008002],[-99.977406,27.992703],[-99.962636,27.987657],[-99.941518,27.983466],[-99.929067,27.97602],[-99.940541,27.96129],[-99.930776,27.94656],[-99.91511,27.928494],[-99.897572,27.913153],[-99.882192,27.906684],[-99.879628,27.902045],[-99.883453,27.891791],[-99.892079,27.876288],[-99.888824,27.865058],[-99.881012,27.859442],[-99.871734,27.854682],[-99.864125,27.845893],[-99.86266,27.83629],[-99.865549,27.814521],[-99.864125,27.804958],[-99.859039,27.803778],[-99.84557,27.793809],[-99.833811,27.782416],[-99.83373,27.776964],[-99.80899,27.77265],[-99.796254,27.762152],[-99.787668,27.748725],[-99.77538,27.736029],[-99.766021,27.731391],[-99.748158,27.726264],[-99.741282,27.722357],[-99.737131,27.713894],[-99.734853,27.702257],[-99.731435,27.692003],[-99.723866,27.687567],[-99.706532,27.663398],[-99.701243,27.659451],[-99.665517,27.659695],[-99.659535,27.654242],[-99.649485,27.637152],[-99.64566,27.632921],[-99.634348,27.633246],[-99.613271,27.643866],[-99.600982,27.646593],[-99.591135,27.642279],[-99.57901,27.623074],[-99.573069,27.61872],[-99.555816,27.613715],[-99.535797,27.605048],[-99.515859,27.588813],[-99.507965,27.574001],[-99.507883,27.533637],[-99.510854,27.51081],[-99.510325,27.500271],[-99.504465,27.495795],[-99.489125,27.4949],[-99.481191,27.490994],[-99.477203,27.482693],[-99.473744,27.468533],[-99.474477,27.464057],[-99.473744,27.426866],[-99.476471,27.414984],[-99.485463,27.391913],[-99.488596,27.372097],[-99.493723,27.359076],[-99.494862,27.348415],[-99.498402,27.338975],[-99.515696,27.321967],[-99.522125,27.311469],[-99.494008,27.301459],[-99.487416,27.297797],[-99.485707,27.294989],[-99.483754,27.286933],[-99.481191,27.283515],[-99.469797,27.278388],[-99.466908,27.276679],[-99.452626,27.26142],[-99.441721,27.244981],[-99.434885,27.227159],[-99.432769,27.207831],[-99.436635,27.188666],[-99.451161,27.145331],[-99.453236,27.125271],[-99.451039,27.120673],[-99.446604,27.114936],[-99.44225,27.107733],[-99.440256,27.098578],[-99.44286,27.089871],[-99.462554,27.057156]],[[-99.172109,26.564154],[-99.165679,26.540635],[-99.141713,26.531602],[-99.115875,26.525906],[-99.103831,26.512315],[-99.092275,26.484198],[-99.090199,26.471381],[-99.094553,26.459988],[-99.103342,26.447211],[-99.109731,26.434434],[-99.107249,26.423204],[-99.086293,26.407823],[-99.067209,26.405056],[-99.048451,26.407172],[-99.028717,26.406521],[-99.023793,26.403591],[-99.017242,26.394721],[-99.011342,26.392849],[-99.004954,26.39407],[-98.987782,26.400255],[-98.963694,26.399726],[-98.954945,26.394151],[-98.946156,26.378526],[-98.930735,26.392442],[-98.89387,26.368109],[-98.871083,26.372382],[-98.861318,26.366523],[-98.851674,26.364285],[-98.843129,26.366034],[-98.836903,26.372382],[-98.825795,26.366645],[-98.818105,26.36872],[-98.811147,26.372667],[-98.802154,26.372382],[-98.796702,26.368516],[-98.781646,26.351874],[-98.747222,26.332384],[-98.736724,26.320258],[-98.740712,26.303494],[-98.72704,26.304551],[-98.714019,26.303575],[-98.70226,26.299343],[-98.692291,26.290391],[-98.705149,26.276882],[-98.703114,26.271918],[-98.694163,26.270779],[-98.686106,26.268663],[-98.665517,26.250841],[-98.654449,26.244493],[-98.641428,26.242011],[-98.582428,26.262519],[-98.553619,26.248603],[-98.522328,26.241156],[-98.493804,26.23078],[-98.473215,26.207872],[-98.457387,26.226142],[-98.429677,26.217963],[-98.397939,26.20128],[-98.370188,26.1942],[-98.378082,26.173855],[-98.378082,26.163845],[-98.366567,26.160427],[-98.340077,26.160102],[-98.333852,26.153184],[-98.310618,26.121283],[-98.301259,26.11164],[-98.2235,26.075629],[-98.185862,26.065497],[-98.151031,26.06391],[-98.103912,26.075222],[-98.084096,26.071112],[-98.075999,26.04682],[-98.066314,26.042344],[-98.045033,26.049018],[-98.013905,26.06391],[-98.000111,26.064521],[-97.942494,26.057074],[-97.879018,26.063992],[-97.802805,26.06391],[-97.783111,26.058865],[-97.781117,26.043402],[-97.76773,26.039862],[-97.680409,26.034857],[-97.660756,26.03087],[-97.642323,26.022732],[-97.623443,26.009304],[-97.613881,25.996161],[-97.605621,25.98017],[-97.595123,25.966579],[-97.565989,25.954942],[-97.521067,25.913031],[-97.503041,25.902126],[-97.487172,25.895941],[-97.470286,25.893175],[-97.449086,25.892524],[-97.442128,25.885199],[-97.436513,25.869493],[-97.426259,25.85517],[-97.405019,25.85163],[-97.400746,25.855292],[-97.400299,25.861396],[-97.398671,25.866075],[-97.390736,25.865831],[-97.383941,25.860704],[-97.380971,25.853461],[-97.37682,25.846991],[-97.366811,25.844184],[-97.346547,25.852403],[-97.346018,25.871934],[-97.353139,25.894721],[-97.355946,25.913031],[-97.351918,25.918647],[-97.329254,25.933539],[-97.311757,25.922309],[-97.288442,25.9289],[-97.270009,25.944607],[-97.267201,25.960801],[-97.253896,25.963731],[-97.205719,25.960801],[-97.139272,25.965847]]]}},{"type":"Feature","properties":{"name":"Rio Batepito","name_en":"Rio Batepito","scalerank":9,"min_zoom":7.1},"geometry":{"type":"MultiLineString","coordinates":[[[-109.215159,30.829128],[-109.249501,30.899359],[-109.295522,31.038438],[-109.297231,31.077582],[-109.294097,31.097724],[-109.288889,31.117377],[-109.266347,31.196357],[-109.259511,31.251573],[-109.268463,31.273057],[-109.262074,31.298936],[-109.265533,31.324408],[-109.270823,31.342556],[-109.27302,31.350124],[-109.275706,31.359442],[-109.27595,31.367703],[-109.270985,31.382025],[-109.265859,31.396674],[-109.254018,31.413275],[-109.252756,31.418769],[-109.209625,31.470649],[-109.212148,31.508124],[-109.215159,31.514594],[-109.214345,31.52143],[-109.204701,31.535753],[-109.206166,31.556423],[-109.202545,31.566352],[-109.190297,31.579698]]]}},{"type":"Feature","properties":{"name":"Kennebec","name_en":"Kennebec","scalerank":9,"min_zoom":7.1},"geometry":{"type":"MultiLineString","coordinates":[[[-69.706044,45.600653],[-69.717519,45.585517],[-69.735422,45.569932],[-69.756581,45.557807],[-69.77774,45.552843],[-69.795237,45.544989],[-69.886138,45.451972],[-69.972971,45.340603],[-69.987904,45.305487],[-69.99356,45.261542],[-69.990712,45.217597],[-69.979807,45.182318],[-69.973948,45.17532],[-69.958811,45.164374],[-69.952463,45.155626],[-69.951772,45.146064],[-69.952789,45.120063],[-69.94872,45.114691],[-69.946929,45.111274],[-69.928293,45.09044],[-69.921783,45.088202],[-69.906972,45.086982],[-69.902984,45.082343],[-69.898427,45.068671],[-69.897817,45.065619],[-69.870513,45.041693],[-69.860585,45.024685],[-69.87385,44.987494],[-69.864735,44.964464],[-69.842641,44.929063],[-69.843902,44.919013],[-69.856923,44.888129],[-69.858876,44.850613],[-69.859975,44.843695],[-69.874135,44.82628],[-69.882965,44.808417],[-69.882721,44.790107],[-69.869944,44.77143],[-69.795155,44.73489],[-69.77774,44.729804],[-69.762685,44.736925],[-69.720123,44.769232],[-69.698638,44.778266],[-69.657297,44.77204],[-69.639394,44.745795],[-69.630686,44.710028],[-69.616689,44.675238],[-69.599924,44.660997],[-69.58373,44.654079],[-69.575429,44.64411],[-69.581899,44.620551],[-69.59317,44.60517],[-69.607004,44.591376],[-69.61856,44.576117],[-69.623525,44.556016],[-69.707021,44.434923],[-69.722808,44.388943],[-69.767201,44.336615],[-69.774322,44.29914],[-69.751047,44.239854],[-69.744862,44.203803],[-69.760732,44.175605],[-69.752105,44.153103],[-69.755605,44.129584],[-69.763254,44.105048],[-69.774729,44.059963]]]}},{"type":"Feature","properties":{"name":"Missinaibi","name_en":"Missinaibi","scalerank":9,"min_zoom":7.1},"geometry":{"type":"MultiLineString","coordinates":[[[-83.424631,48.5067],[-83.384877,48.504584],[-83.336985,48.494005],[-83.302113,48.496405],[-83.301625,48.540229],[-83.322174,48.597602],[-83.34732,48.633083],[-83.349924,48.651231],[-83.348012,48.669745],[-83.350006,48.691107],[-83.364898,48.707221],[-83.385406,48.702175],[-83.403676,48.694159],[-83.411488,48.701606],[-83.419016,48.719835],[-83.434885,48.731024],[-83.44933,48.743964],[-83.452504,48.767401],[-83.442698,48.783555],[-83.423166,48.798774],[-83.400258,48.810126],[-83.353749,48.819403],[-83.344716,48.832587],[-83.342641,48.876654],[-83.327952,48.909003],[-83.283193,48.96308],[-83.273671,49.003282],[-83.278066,49.022569],[-83.297231,49.060858],[-83.301625,49.078437],[-83.335764,49.143581],[-83.34789,49.157497],[-83.360422,49.169013],[-83.368967,49.183295],[-83.369252,49.205634],[-83.365224,49.214911],[-83.352691,49.233222],[-83.350006,49.242865],[-83.352122,49.254503],[-83.360992,49.274359],[-83.363108,49.2838],[-83.383534,49.314887],[-83.384511,49.319119],[-83.383412,49.323798],[-83.38329,49.327582],[-83.387278,49.329169],[-83.391835,49.330268],[-83.404205,49.336249],[-83.40807,49.339057],[-83.43932,49.375352],[-83.447377,49.395453],[-83.43814,49.411078],[-83.445627,49.417304],[-83.436025,49.43891],[-83.427235,49.454047],[-83.413075,49.462836],[-83.387278,49.465684],[-83.367828,49.471503],[-83.346791,49.485785],[-83.32787,49.503933],[-83.314605,49.520941],[-83.310292,49.530707],[-83.30484,49.551785],[-83.28893,49.592556],[-83.287343,49.599799],[-83.283437,49.60871],[-83.256663,49.640448],[-83.253,49.648871],[-83.251617,49.661811],[-83.253245,49.685411],[-83.26476,49.707099],[-83.266916,49.71894],[-83.267079,49.730902],[-83.26594,49.744412],[-83.260976,49.755398],[-83.231028,49.767849],[-83.21996,49.786729],[-83.214426,49.809434],[-83.21227,49.828803],[-83.214955,49.87287],[-83.213368,49.88996],[-83.202301,49.907904],[-83.180491,49.922675],[-83.171864,49.931912],[-83.174713,49.941759],[-83.182444,49.951524],[-83.186838,49.962673],[-83.191762,49.986436],[-83.19815,50.005316],[-83.200266,50.015692],[-83.199208,50.027411],[-83.185658,50.044989],[-83.179433,50.055976],[-83.181508,50.065538],[-83.213612,50.092475],[-83.214915,50.106391],[-83.188791,50.143744],[-83.183502,50.14643],[-83.157623,50.154853],[-83.090728,50.161485],[-83.027252,50.185085],[-82.952382,50.194525],[-82.934804,50.20246],[-82.917144,50.215603],[-82.786366,50.267524],[-82.770334,50.277899],[-82.753245,50.286933],[-82.704661,50.294501],[-82.684682,50.301785],[-82.665639,50.319159],[-82.640981,50.357123],[-82.626332,50.373806],[-82.561431,50.416815],[-82.540639,50.42532],[-82.487416,50.430732],[-82.378855,50.426296],[-82.32844,50.4383],[-82.272613,50.469184],[-82.237701,50.497504],[-82.170766,50.527655],[-82.152211,50.545844],[-82.117258,50.588243],[-82.098459,50.596625],[-82.04308,50.600287],[-82.017161,50.606635],[-81.992584,50.617051],[-81.953928,50.647244],[-81.928944,50.655585],[-81.850453,50.698106],[-81.776763,50.709174],[-81.734934,50.731553],[-81.715932,50.734402],[-81.662831,50.735216],[-81.608998,50.747382],[-81.568674,50.749538],[-81.488026,50.739691],[-81.454661,50.742458]]]}},{"type":"Feature","properties":{"name":"Arkansas","name_en":"Arkansas","scalerank":4,"min_zoom":4},"geometry":{"type":"MultiLineString","coordinates":[[[-106.380767,39.222357],[-106.364817,39.181667],[-106.308176,39.11286],[-106.285797,39.077704],[-106.271799,39.037177],[-106.260569,39.022162],[-106.240793,39.016303],[-106.221506,39.003933],[-106.205393,38.975206],[-106.147572,38.820624],[-106.145985,38.808702],[-106.146392,38.786933],[-106.145009,38.776475],[-106.140248,38.766221],[-106.130849,38.75434],[-106.107818,38.732937],[-106.096262,38.724148],[-106.089223,38.717353],[-106.085194,38.709825],[-106.070139,38.661892],[-106.069203,38.644721],[-106.072662,38.626288],[-106.079823,38.608995],[-106.089955,38.59516],[-106.090728,38.577501],[-106.068837,38.56155],[-105.798573,38.417344],[-105.780914,38.404975],[-105.758372,38.383124],[-105.746083,38.374335],[-105.731272,38.369452],[-105.714101,38.370225],[-105.622467,38.413357],[-105.591542,38.43655],[-105.574574,38.446397],[-105.556549,38.451606],[-105.547475,38.451239],[-105.52892,38.446723],[-105.519683,38.445828],[-105.504018,38.448798],[-105.466298,38.472357],[-105.452016,38.477118],[-105.437164,38.478787],[-105.378245,38.47602],[-105.368031,38.473334],[-105.315745,38.44599],[-105.292958,38.440985],[-105.269358,38.439724],[-105.207834,38.446967],[-105.1669,38.433417],[-105.106191,38.43122],[-104.997629,38.408271],[-104.982045,38.401923],[-104.95759,38.384711],[-104.890777,38.31741],[-104.874664,38.307156],[-104.857004,38.298407],[-104.836497,38.292304],[-104.81192,38.290066],[-104.803293,38.287462],[-104.793691,38.281195],[-104.777821,38.265896],[-104.768625,38.261176],[-104.737945,38.256619],[-104.613759,38.257392],[-104.444936,38.267401],[-104.342397,38.259101],[-104.291249,38.259385],[-104.272206,38.252997],[-104.219309,38.211615],[-104.191477,38.199164],[-104.075063,38.173936],[-103.938629,38.147773],[-103.798655,38.13585],[-103.75178,38.123969],[-103.709462,38.106635],[-103.608266,38.041368],[-103.576568,38.02851],[-103.541249,38.022162],[-103.500966,38.02265],[-103.481923,38.025417],[-103.468251,38.029853],[-103.457265,38.035956],[-103.44636,38.043769],[-103.430287,38.052273],[-103.394928,38.065131],[-103.380849,38.07449],[-103.357167,38.083767],[-103.246205,38.100653],[-103.237538,38.099433],[-103.22057,38.094306],[-103.212066,38.093207],[-103.204905,38.094306],[-103.187489,38.099433],[-103.177968,38.100653],[-103.158681,38.097846],[-103.141835,38.092637],[-103.125071,38.089626],[-103.105946,38.093207],[-102.906646,38.093207],[-102.864003,38.106391],[-102.84142,38.107978],[-102.817983,38.100653],[-102.797109,38.110297],[-102.774526,38.11168],[-102.725453,38.107449],[-102.71703,38.109565],[-102.701731,38.118964],[-102.691314,38.121121],[-102.679596,38.119981],[-102.658559,38.115546],[-102.646596,38.114854],[-102.560943,38.127956],[-102.492177,38.120795],[-102.329742,38.123887],[-102.282867,38.114854],[-102.21345,38.084174],[-102.187652,38.076443],[-102.168324,38.062771],[-102.15689,38.059638],[-102.105377,38.059638],[-101.955556,38.039008],[-101.803293,37.995958],[-101.684153,37.966173],[-101.524159,37.93712],[-101.392201,37.89171],[-101.346913,37.889431],[-101.305491,37.898057],[-101.227773,37.932685],[-101.182932,37.962958],[-101.163197,37.966864],[-101.140004,37.968288],[-101.121693,37.97248],[-101.08373,37.987901],[-101.039133,37.997423],[-100.995839,37.992133],[-100.906239,37.966864],[-100.831614,37.962714],[-100.810048,37.956326],[-100.638295,37.88113],[-100.593902,37.868964],[-100.49706,37.857449],[-100.36498,37.809149],[-100.159739,37.792426],[-100.090647,37.768175],[-99.986969,37.747748],[-99.943512,37.741482],[-99.837392,37.699286],[-99.748199,37.678982],[-99.651845,37.672634],[-99.601389,37.679958],[-99.570383,37.700141],[-99.486887,37.809516],[-99.351877,37.956366],[-99.238393,38.057969],[-99.090077,38.179714],[-99.045766,38.18537],[-99.00414,38.207587],[-98.859486,38.311103],[-98.819692,38.333564],[-98.77477,38.35102],[-98.67984,38.361274],[-98.585846,38.344306],[-98.499013,38.309841],[-98.388539,38.247911],[-98.26769,38.207058],[-98.206858,38.176134],[-98.155019,38.169135],[-98.133697,38.1612],[-97.952992,38.042548],[-97.81432,37.976142],[-97.567535,37.867499],[-97.551991,37.864366],[-97.535512,37.858751],[-97.505238,37.831855],[-97.486887,37.822821],[-97.479604,37.822374],[-97.466868,37.824164],[-97.458892,37.822821],[-97.45401,37.820868],[-97.417348,37.798448],[-97.40803,37.796169],[-97.397776,37.785753],[-97.370188,37.719794],[-97.344635,37.698839],[-97.333648,37.684353],[-97.329213,37.661729],[-97.324818,37.651475],[-97.305653,37.633083],[-97.301259,37.627631],[-97.295033,37.582587],[-97.286244,37.565538],[-97.274648,37.550401],[-97.264556,37.533637],[-97.256825,37.489854],[-97.248199,37.469265],[-97.237131,37.451728],[-97.226186,37.439236],[-97.195627,37.41828],[-97.182973,37.403632],[-97.131988,37.208564],[-97.120676,37.192572],[-97.110707,37.17418],[-97.109486,37.151882],[-97.113759,37.146837],[-97.119985,37.14643],[-97.124582,37.143256],[-97.123687,37.130154],[-97.11852,37.117865],[-97.111073,37.111843],[-97.10204,37.107286],[-97.046864,37.063015],[-97.034413,37.054999],[-97.012318,37.049384],[-96.961781,37.048367],[-96.941558,37.038601],[-96.929311,37.017605],[-96.930898,36.997097],[-96.944976,36.952663],[-96.946156,36.929267],[-96.943023,36.908515],[-96.934885,36.890082],[-96.921051,36.873806],[-96.911488,36.858181],[-96.910797,36.825059],[-96.904042,36.808621],[-96.887278,36.794216],[-96.866567,36.785956],[-96.843251,36.782172],[-96.818349,36.781317],[-96.808013,36.778144],[-96.799794,36.771064],[-96.795888,36.763983],[-96.798207,36.76081],[-96.869008,36.750108],[-96.882558,36.742784],[-96.894154,36.731635],[-96.907135,36.716132],[-96.926584,36.700263],[-96.947662,36.694607],[-96.970123,36.695502],[-96.993398,36.699327],[-97.012766,36.700019],[-97.040395,36.696845],[-97.059193,36.687201],[-97.051422,36.668321],[-97.0419,36.650946],[-97.041127,36.61164],[-97.034413,36.5963],[-96.993886,36.587592],[-96.93871,36.592108],[-96.898793,36.590115],[-96.904042,36.561591],[-96.919789,36.549628],[-96.942494,36.541083],[-96.967437,36.535956],[-96.98998,36.534247],[-97.005605,36.52558],[-97.002024,36.505886],[-96.989735,36.485216],[-96.979115,36.473456],[-96.938547,36.459581],[-96.901235,36.467475],[-96.867055,36.488593],[-96.777415,36.565294],[-96.758209,36.572089],[-96.741363,36.559597],[-96.718414,36.521267],[-96.711741,36.506293],[-96.707753,36.490302],[-96.705434,36.449246],[-96.695139,36.439399],[-96.622874,36.432481],[-96.608225,36.421739],[-96.591461,36.40412],[-96.574208,36.391059],[-96.557973,36.394314],[-96.53893,36.406806],[-96.532216,36.398017],[-96.534169,36.377997],[-96.548085,36.33865],[-96.550852,36.320665],[-96.542633,36.306952],[-96.516998,36.30154],[-96.510365,36.305772],[-96.492421,36.32453],[-96.482574,36.328884],[-96.462717,36.328681],[-96.455149,36.326931],[-96.444692,36.322618],[-96.442209,36.320624],[-96.440745,36.318427],[-96.437856,36.316433],[-96.43106,36.315212],[-96.429026,36.304633],[-96.379506,36.263699],[-96.36144,36.252468],[-96.338938,36.246649],[-96.293853,36.240058],[-96.269154,36.232489],[-96.257151,36.223009],[-96.253163,36.209174],[-96.252919,36.188544],[-96.255971,36.176378],[-96.261383,36.169867],[-96.263539,36.16413],[-96.256663,36.154405],[-96.248525,36.153266],[-96.205719,36.158149],[-96.185048,36.156684],[-96.142568,36.146837],[-96.119211,36.144477],[-96.048899,36.151801],[-96.027008,36.150702],[-95.994862,36.131944],[-95.980458,36.096991],[-95.972035,36.054633],[-95.958119,36.013495],[-95.94933,36.001776],[-95.935374,35.988471],[-95.918121,35.977647],[-95.900054,35.973171],[-95.883127,35.966986],[-95.869049,35.953803],[-95.852406,35.941514],[-95.827748,35.938422],[-95.807362,35.945421],[-95.795155,35.953152],[-95.783111,35.952663],[-95.73884,35.916327],[-95.719635,35.915839],[-95.700795,35.922431],[-95.677561,35.92475],[-95.650217,35.903754],[-95.641591,35.81863],[-95.622914,35.786933],[-95.600209,35.780056],[-95.578928,35.783555],[-95.558095,35.790595],[-95.52595,35.796698],[-95.505279,35.806464],[-95.495676,35.808661],[-95.444814,35.801215],[-95.425933,35.803412],[-95.386708,35.812771],[-95.365631,35.814887],[-95.348988,35.812567],[-95.328277,35.806342],[-95.310048,35.797431],[-95.300771,35.786933],[-95.296783,35.760769],[-95.281361,35.756049],[-95.261057,35.757514],[-95.242096,35.749701],[-95.231679,35.72956],[-95.238759,35.715033],[-95.253733,35.701728],[-95.266672,35.685167],[-95.272288,35.665229],[-95.271474,35.645087],[-95.263824,35.62519],[-95.248931,35.606024],[-95.229237,35.597602],[-95.190826,35.609971],[-95.170481,35.602607],[-95.13565,35.530951],[-95.127553,35.521104],[-95.074859,35.472276],[-95.042226,35.450222],[-94.860585,35.364285],[-94.844879,35.35281],[-94.826772,35.347764],[-94.752065,35.362413],[-94.72936,35.358669],[-94.708079,35.350369],[-94.689117,35.338731],[-94.673248,35.325222],[-94.662587,35.304999],[-94.659169,35.287543],[-94.651967,35.282782],[-94.629791,35.300971],[-94.602854,35.332709],[-94.585276,35.339179],[-94.564036,35.325222],[-94.548818,35.31212],[-94.529205,35.303778],[-94.51061,35.305203],[-94.498199,35.321479],[-94.497467,35.363471],[-94.489329,35.378363],[-94.461008,35.384141],[-94.439076,35.391059],[-94.429555,35.40766],[-94.422963,35.427558],[-94.410064,35.444363],[-94.402659,35.451768],[-94.378774,35.437812],[-94.360585,35.419501],[-94.331288,35.380439],[-94.312367,35.366889],[-94.288686,35.361925],[-94.222483,35.363145],[-94.152333,35.373887],[-94.141957,35.376736],[-94.127756,35.392646],[-94.135487,35.410264],[-94.147206,35.429023],[-94.144765,35.44835],[-94.13858,35.453192],[-94.131947,35.45421],[-94.124908,35.453721],[-94.117502,35.454047],[-94.108388,35.456366],[-94.10143,35.45954],[-94.066965,35.481269],[-94.04776,35.489081],[-94.027699,35.492621],[-93.942738,35.491319],[-93.922475,35.494981],[-93.916086,35.497829],[-93.903798,35.505723],[-93.897125,35.50788],[-93.873199,35.50491],[-93.847646,35.493435],[-93.825307,35.476508],[-93.810902,35.457465],[-93.807851,35.447699],[-93.804189,35.427314],[-93.799957,35.41767],[-93.782948,35.399482],[-93.763051,35.391669],[-93.628651,35.390326],[-93.60912,35.394599],[-93.555776,35.419745],[-93.544301,35.423285],[-93.463002,35.428534],[-93.440785,35.422797],[-93.42691,35.406114],[-93.426625,35.403144],[-93.427235,35.396593],[-93.426747,35.393988],[-93.424672,35.391913],[-93.419342,35.389675],[-93.417104,35.387885],[-93.398874,35.369208],[-93.379465,35.359646],[-93.357289,35.355902],[-93.330922,35.35456],[-93.305002,35.348904],[-93.282826,35.336534],[-93.186025,35.266913],[-93.161936,35.2449],[-93.132395,35.203925],[-93.122548,35.192939],[-93.110178,35.185004],[-93.093007,35.179389],[-93.036977,35.176459],[-92.927561,35.191921],[-92.870473,35.183621],[-92.860585,35.178656],[-92.823394,35.149359],[-92.796457,35.135199],[-92.781972,35.13113],[-92.77477,35.131049],[-92.759755,35.13349],[-92.753326,35.133165],[-92.747426,35.129828],[-92.724762,35.101671],[-92.719838,35.097276],[-92.713287,35.094835],[-92.664377,35.088935],[-92.648874,35.089708],[-92.633697,35.094509],[-92.58495,35.124864],[-92.575022,35.128526],[-92.564768,35.129747],[-92.554921,35.126776],[-92.548004,35.119208],[-92.546986,35.109727],[-92.559682,35.066474],[-92.570627,35.044379],[-92.585113,35.026313],[-92.587514,35.019151],[-92.583892,35.003933],[-92.572092,34.994493],[-92.556264,34.989081],[-92.519195,34.980984],[-92.498362,34.97366],[-92.48058,34.961982],[-92.468332,34.944159],[-92.464019,34.930854],[-92.452382,34.873358],[-92.445668,34.859727],[-92.435536,34.8487],[-92.421376,34.841417],[-92.387929,34.833767],[-92.352935,34.820339],[-92.329905,34.814887],[-92.319447,34.810248],[-92.311025,34.801622],[-92.307281,34.791612],[-92.306386,34.782335],[-92.303944,34.773464],[-92.295806,34.764512],[-92.286244,34.759467],[-92.162099,34.73078],[-92.155141,34.725613],[-92.151601,34.713406],[-92.155385,34.705756],[-92.162465,34.69953],[-92.168813,34.691474],[-92.172719,34.674628],[-92.168813,34.622504],[-92.175404,34.588813],[-92.175608,34.58161],[-92.168813,34.573798],[-92.148061,34.564154],[-92.141469,34.554267],[-92.14273,34.545518],[-92.153635,34.525499],[-92.155141,34.513292],[-92.14981,34.501247],[-92.140248,34.493232],[-92.12975,34.48668],[-92.121653,34.479193],[-92.118031,34.470038],[-92.118642,34.462429],[-92.120758,34.456163],[-92.121653,34.451239],[-92.120595,34.444159],[-92.118886,34.439317],[-92.091868,34.405951],[-92.086252,34.396023],[-92.082997,34.38581],[-92.081695,34.365749],[-92.079416,34.355048],[-92.072377,34.341132],[-92.059804,34.325222],[-92.043365,34.315701],[-92.02477,34.320909],[-92.016469,34.313056],[-91.997914,34.301052],[-91.990631,34.294216],[-91.98766,34.28738],[-91.983998,34.269884],[-91.983795,34.266913],[-91.970367,34.250108],[-91.960317,34.247016],[-91.951812,34.255398],[-91.94286,34.273057],[-91.943471,34.281684],[-91.947255,34.290595],[-91.947011,34.297553],[-91.935414,34.300401],[-91.924224,34.297675],[-91.919667,34.290635],[-91.917877,34.281765],[-91.912017,34.26557],[-91.911204,34.252387],[-91.908111,34.246405],[-91.901845,34.243476],[-91.873931,34.238959],[-91.790151,34.193427],[-91.76476,34.184353],[-91.714182,34.182196],[-91.696441,34.177517],[-91.636179,34.14468]],[[-91.636179,34.14468],[-91.633778,34.143378],[-91.641225,34.149604],[-91.636179,34.14468]],[[-91.636179,34.14468],[-91.62975,34.138373],[-91.615875,34.119696],[-91.601877,34.104926],[-91.589711,34.105251],[-91.57136,34.112006],[-91.549184,34.105536],[-91.510854,34.088162],[-91.467437,34.090196],[-91.449371,34.086371],[-91.441965,34.071357],[-91.439809,34.052558],[-91.433502,34.035224],[-91.422963,34.019639],[-91.408437,34.006171],[-91.389882,33.997748],[-91.372629,33.998725],[-91.353505,34.003363],[-91.329335,34.006171],[-91.320709,34.003038],[-91.321116,33.995958],[-91.32726,33.988878],[-91.33609,33.985704],[-91.350168,33.983344],[-91.353017,33.977647],[-91.348378,33.970974],[-91.339508,33.965196],[-91.319203,33.959662],[-91.197906,33.957465],[-91.175689,33.950954],[-91.156484,33.93537],[-91.144439,33.911322],[-91.137685,33.883124],[-91.134104,33.855333],[-91.136342,33.852118],[-91.141021,33.8487],[-91.14391,33.84337],[-91.14094,33.834906],[-91.134185,33.829372],[-91.127309,33.829047],[-91.120229,33.829942],[-91.112945,33.82807],[-91.106679,33.81977],[-91.101796,33.810126],[-91.094228,33.806098],[-91.079457,33.814399],[-91.068227,33.798896],[-91.065826,33.79328]]]}},{"type":"Feature","properties":{"name":null,"name_en":null,"scalerank":5,"min_zoom":4.7},"geometry":{"type":"MultiLineString","coordinates":[[[-72.991322,46.177436],[-73.033193,46.160509],[-73.067942,46.164252],[-73.107655,46.154364],[-73.131215,46.135688],[-73.146108,46.113349],[-73.169667,46.093533],[-73.179311,46.053046]]]}},{"type":"Feature","properties":{"name":"Mississippi","name_en":"Mississippi","scalerank":5,"min_zoom":4.7},"geometry":{"type":"MultiLineString","coordinates":[[[-94.506825,47.456407],[-94.507232,47.456407],[-94.507721,47.45657],[-94.521392,47.45543],[-94.544097,47.447577],[-94.569936,47.435248],[-94.596913,47.430935],[-94.624379,47.436062],[-94.637074,47.440009]],[[-94.326487,47.405626],[-94.266347,47.405341],[-94.236073,47.421902],[-94.220041,47.440212],[-94.198354,47.459662],[-94.160024,47.474555],[-94.125844,47.458116],[-94.103749,47.434678],[-94.094106,47.432807]]]}},{"type":"Feature","properties":{"name":"Mississippi","name_en":"Mississippi","scalerank":5,"min_zoom":4.7},"geometry":{"type":"MultiLineString","coordinates":[[[-94.507721,47.45657],[-94.417307,47.445421],[-94.36913,47.433214],[-94.326487,47.405626]],[[-94.094106,47.432807],[-94.073638,47.430487],[-94.05309,47.426866],[-94.047434,47.413926],[-94.048004,47.395575],[-94.046376,47.3758],[-94.037099,47.360175],[-94.021067,47.347113],[-94.001454,47.338202],[-93.981516,47.334906],[-93.964345,47.328803],[-93.936391,47.303534],[-93.916615,47.300116],[-93.90807,47.304226],[-93.901235,47.311103],[-93.892649,47.317694],[-93.878774,47.320624],[-93.86856,47.318427],[-93.848948,47.309109],[-93.837229,47.306952],[-93.800649,47.315131],[-93.793121,47.314399],[-93.792551,47.306912],[-93.798451,47.297634],[-93.805898,47.289822],[-93.809885,47.286444],[-93.809722,47.277167],[-93.814687,47.255968],[-93.814768,47.232978],[-93.799957,47.218207],[-93.782704,47.219672],[-93.747304,47.240302],[-93.684438,47.256456],[-93.663401,47.259589],[-93.642242,47.251654],[-93.634877,47.259101],[-93.466461,47.195339],[-93.4405,47.178249],[-93.42516,47.152045],[-93.406361,47.127387],[-93.402089,47.118598],[-93.401031,47.106309],[-93.396311,47.085313],[-93.395253,47.070746],[-93.38036,47.054511],[-93.309316,47.025906],[-93.28539,47.012763],[-93.304596,46.969306],[-93.316721,46.949083],[-93.330149,46.933905],[-93.364491,46.906928],[-93.377268,46.890082],[-93.381581,46.868109],[-93.369293,46.832465],[-93.364858,46.805854],[-93.371409,46.793647],[-93.387563,46.786322],[-93.443105,46.73904],[-93.505523,46.712429],[-93.522206,46.700873],[-93.541005,46.692939],[-93.593861,46.690131],[-93.61498,46.683783],[-93.619049,46.678412],[-93.634877,46.649604],[-93.648549,46.634385],[-93.653798,46.624823],[-93.655955,46.611151],[-93.662343,46.595323],[-93.67809,46.577501],[-93.69815,46.562079],[-93.717397,46.553412],[-93.741689,46.551093],[-93.766957,46.553168],[-93.789784,46.558661],[-93.806752,46.566474],[-93.812164,46.572781],[-93.812164,46.577908],[-93.814605,46.582546],[-93.82726,46.587592],[-93.840077,46.588975],[-93.852651,46.58747],[-93.956451,46.553046],[-93.999745,46.551703],[-94.040151,46.57392],[-94.043853,46.570868],[-94.053212,46.566474],[-94.048085,46.554999],[-94.053131,46.549587],[-94.063344,46.545925],[-94.077016,46.537624],[-94.084055,46.535427],[-94.08731,46.532986],[-94.089833,46.528022],[-94.092885,46.515692],[-94.097564,46.509345],[-94.106191,46.492987],[-94.095815,46.467108],[-94.108469,46.450995],[-94.116851,46.448188],[-94.140045,46.446153],[-94.149403,46.443549],[-94.159332,46.435858],[-94.163645,46.428331],[-94.16686,46.4206],[-94.180084,46.404731],[-94.188588,46.38642],[-94.193471,46.378445],[-94.268666,46.323757],[-94.351064,46.284451],[-94.403147,46.237128],[-94.408437,46.228949],[-94.410064,46.217637],[-94.406321,46.206326],[-94.391591,46.185818],[-94.388336,46.173285],[-94.388336,46.131944],[-94.383697,46.124945],[-94.36205,46.114203],[-94.354848,46.107774],[-94.351552,46.090196],[-94.35558,46.074164],[-94.36852,46.046332],[-94.370758,46.030463],[-94.371816,45.993923],[-94.375356,45.978054],[-94.387441,45.956732],[-94.396352,45.945014],[-94.39802,45.932685],[-94.388336,45.909735],[-94.372222,45.885321],[-94.36852,45.875067],[-94.367828,45.866645],[-94.369496,45.849066],[-94.36852,45.840888],[-94.361399,45.826199],[-94.351308,45.815009],[-94.311106,45.789496],[-94.299306,45.779975],[-94.279775,45.758897],[-94.269399,45.750841],[-94.243031,45.734971],[-94.232004,45.724189],[-94.225738,45.710273],[-94.221588,45.695624],[-94.213775,45.683295],[-94.196604,45.676378],[-94.208608,45.661566],[-94.217681,45.638495],[-94.217152,45.617377],[-94.200307,45.6081],[-94.188222,45.599189],[-94.163238,45.555447],[-94.151845,45.529161],[-94.146474,45.508857],[-94.141957,45.498236],[-94.118398,45.473456],[-94.114613,45.467231],[-94.105336,45.456],[-94.011342,45.404486],[-93.990712,45.397813],[-93.94933,45.393419],[-93.942209,45.391425],[-93.935862,45.388617],[-93.813588,45.316433],[-93.787953,45.307929],[-93.597279,45.299628],[-93.588857,45.296739],[-93.581654,45.289984],[-93.570302,45.275458],[-93.562367,45.268622],[-93.514231,45.241319],[-93.493642,45.23253],[-93.471099,45.226345],[-93.446767,45.223944],[-93.437327,45.22016],[-93.39566,45.186469],[-93.361724,45.175482],[-93.319569,45.14879],[-93.295969,45.114691],[-93.288238,45.105902],[-93.292836,45.038926],[-93.285146,45.021755],[-93.270172,44.998725],[-93.252024,44.978624],[-93.234853,44.970038],[-93.224192,44.960639],[-93.214345,44.916124],[-93.203481,44.90115],[-93.17398,44.900662],[-93.118764,44.939276],[-93.090484,44.94953],[-93.080312,44.942979],[-93.070465,44.928331],[-93.063059,44.913153],[-93.060129,44.904853],[-93.054677,44.898017],[-93.042714,44.887763],[-93.030751,44.874335],[-93.025299,44.857978],[-93.021962,44.821845],[-93.010121,44.800971],[-92.987131,44.790473],[-92.896148,44.782172],[-92.881947,44.778266],[-92.877065,44.773464],[-92.873158,44.766547],[-92.867543,44.760443],[-92.857411,44.757758],[-92.819895,44.757758],[-92.79308,44.740505],[-92.731435,44.711493],[-92.661204,44.660224],[-92.643422,44.651557],[-92.637278,44.643012],[-92.632476,44.633612],[-92.628082,44.627468],[-92.584788,44.607856],[-92.429107,44.589179],[-92.39387,44.579535],[-92.359853,44.55976],[-92.331125,44.533026],[-92.305287,44.490058],[-92.296864,44.478949],[-92.286204,44.470567],[-92.272776,44.465766],[-92.156158,44.451361],[-92.102691,44.436835],[-91.950185,44.335639],[-91.912262,44.288886],[-91.837026,44.181749],[-91.817209,44.162543],[-91.778472,44.149482],[-91.662709,44.073188],[-91.650258,44.068223],[-91.637766,44.065619],[-91.541086,44.065497],[-91.535308,44.063747],[-91.478627,44.029486],[-91.471181,44.026475],[-91.462717,44.024482],[-91.426015,44.022406],[-91.414052,44.018093],[-91.407623,44.013251],[-91.403554,44.007636],[-91.40099,44.001044],[-91.399159,43.993354],[-91.391998,43.979438],[-91.368886,43.957872],[-91.361073,43.94477],[-91.318349,43.932929],[-91.305084,43.926785],[-91.295155,43.918891],[-91.288564,43.909003],[-91.284332,43.89765],[-91.279612,43.873481],[-91.278879,43.850531],[-91.281321,43.821234],[-91.28067,43.812445],[-91.278635,43.804023],[-91.274648,43.795518],[-91.269276,43.78852],[-91.255605,43.776435],[-91.249338,43.768866],[-91.245839,43.759792],[-91.242909,43.740098],[-91.242787,43.721218],[-91.254872,43.666856],[-91.254628,43.657742],[-91.247141,43.631171],[-91.246693,43.620632],[-91.250844,43.589219],[-91.250111,43.575954],[-91.244211,43.550076],[-91.242909,43.536892],[-91.244456,43.524278],[-91.250559,43.499538],[-91.252024,43.486884],[-91.251088,43.474392],[-91.248036,43.462714],[-91.243031,43.45185],[-91.229319,43.431423],[-91.224273,43.421454],[-91.221059,43.410753],[-91.216624,43.383368],[-91.208892,43.372829],[-91.197174,43.365912],[-91.111155,43.339952],[-91.086659,43.317247],[-91.08495,43.279975],[-91.103586,43.249213],[-91.156606,43.195258],[-91.167877,43.160346],[-91.162465,43.090277],[-91.154775,43.056423],[-91.154286,43.019721],[-91.152415,43.007595],[-91.147776,42.996283],[-91.146555,42.950263],[-91.141591,42.928168],[-91.130686,42.9112],[-91.102162,42.884874],[-91.092356,42.870876],[-91.086293,42.852851],[-91.083241,42.810492],[-91.079661,42.791938],[-91.045562,42.742011],[-91.03307,42.729112],[-91.01061,42.716335],[-90.966664,42.701524],[-90.795806,42.676785],[-90.750111,42.663764],[-90.726633,42.661078],[-90.703114,42.655219],[-90.687408,42.640326],[-90.667958,42.599636],[-90.659779,42.588202],[-90.634633,42.55976],[-90.626373,42.544379],[-90.628774,42.533026],[-90.654286,42.489814],[-90.642079,42.475613],[-90.611562,42.462999],[-90.596303,42.451931],[-90.581207,42.43769],[-90.549224,42.417182],[-90.463368,42.375841],[-90.432281,42.352484],[-90.414703,42.318427],[-90.414703,42.325263],[-90.412221,42.268337],[-90.403228,42.245307],[-90.370473,42.230536],[-90.349029,42.207139],[-90.335561,42.201728],[-90.322092,42.19949],[-90.236562,42.160834],[-90.226226,42.153347],[-90.201283,42.130805],[-90.191884,42.126044],[-90.176584,42.123603],[-90.169789,42.116319],[-90.16808,42.1046],[-90.168324,42.088813],[-90.165028,42.075141],[-90.14037,42.030463],[-90.144154,42.018581],[-90.149485,41.976264],[-90.167104,41.94123],[-90.17455,41.879665],[-90.188629,41.834662],[-90.201283,41.813503],[-90.218861,41.804511],[-90.235178,41.799628],[-90.27717,41.774359],[-90.291168,41.763536],[-90.305084,41.748481],[-90.318349,41.72838],[-90.328277,41.706163],[-90.332143,41.684434],[-90.346547,41.66474],[-90.344797,41.660224],[-90.341054,41.655829],[-90.338979,41.64997],[-90.339345,41.626288],[-90.341461,41.615831],[-90.346425,41.605292],[-90.361684,41.593207],[-90.405588,41.574246],[-90.414703,41.567735],[-90.422434,41.5539],[-90.441029,41.54328],[-90.483022,41.530829],[-90.582346,41.517157],[-90.603342,41.510362],[-90.641428,41.47602],[-90.661733,41.461941],[-90.704579,41.451117],[-90.991567,41.433539],[-91.031077,41.41352],[-91.05484,41.382839],[-91.075592,41.343329],[-91.091176,41.299669],[-91.099355,41.256456],[-91.09911,41.235907],[-91.094106,41.210801],[-91.082428,41.189724],[-91.062082,41.180732],[-91.047841,41.17654],[-90.997548,41.146593],[-90.968739,41.115994],[-90.95165,41.075385],[-90.945383,41.029161],[-90.949086,40.982123],[-90.966705,40.946153],[-91.065826,40.858588],[-91.083485,40.838975],[-91.093617,40.823554],[-91.098256,40.807685],[-91.101633,40.763699],[-91.107777,40.741767],[-91.127309,40.701606],[-91.153147,40.67239],[-91.187896,40.653144],[-91.227447,40.642686],[-91.267568,40.639472],[-91.298329,40.633124],[-91.343088,40.617703],[-91.383412,40.598578],[-91.40099,40.581163],[-91.403147,40.574286],[-91.412506,40.563666],[-91.414662,40.553819],[-91.410959,40.545274],[-91.383901,40.526231],[-91.374827,40.509874],[-91.374176,40.492133],[-91.380483,40.461371],[-91.380523,40.444281],[-91.375111,40.417792],[-91.373687,40.403022],[-91.38268,40.39289],[-91.441965,40.379462],[-91.473012,40.358018],[-91.496205,40.3133],[-91.511342,40.262152],[-91.5183,40.221137],[-91.519032,40.174872],[-91.492584,40.009467],[-91.487213,39.99433],[-91.473622,39.978217],[-91.456654,39.961982],[-91.450592,39.954942],[-91.446156,39.947821],[-91.443105,39.940009],[-91.441477,39.930935],[-91.441965,39.90644],[-91.450307,39.877143],[-91.449371,39.865546],[-91.445139,39.858751],[-91.431752,39.846991],[-91.425201,39.833808],[-91.397857,39.813666],[-91.39151,39.803412],[-91.389312,39.792833],[-91.387318,39.769314],[-91.375071,39.735622],[-91.355214,39.710761],[-91.1044,39.533026],[-91.088694,39.518012],[-91.076772,39.499294],[-91.072011,39.477891],[-91.065826,39.464179],[-91.051015,39.452338],[-90.819651,39.320014],[-90.797475,39.303168],[-90.774078,39.278917],[-90.74828,39.24197],[-90.736806,39.220282],[-90.730051,39.200751],[-90.728912,39.187283],[-90.730702,39.159613],[-90.730051,39.146104],[-90.724517,39.133816],[-90.706614,39.112128],[-90.702748,39.101142],[-90.706858,39.090196],[-90.71467,39.078681],[-90.718902,39.066352],[-90.712636,39.053046],[-90.704742,39.040839],[-90.699371,39.024359],[-90.69815,39.007758],[-90.702748,38.995307],[-90.657582,38.920966],[-90.626617,38.890326],[-90.585439,38.877997],[-90.542063,38.893907],[-90.479115,38.958808],[-90.428375,38.967353],[-90.409169,38.961371],[-90.374908,38.943712],[-90.356353,38.94005],[-90.332834,38.938056],[-90.282216,38.926459],[-90.183665,38.882636],[-90.143666,38.856757],[-90.127309,38.830186],[-90.132192,38.818671]],[[-95.179921,47.216417],[-95.246938,47.294786],[-95.256907,47.315131],[-95.258168,47.331],[-95.255198,47.343207],[-95.247467,47.360378],[-95.236236,47.377956],[-95.222076,47.39529],[-95.187489,47.426866],[-95.168324,47.439887],[-95.148874,47.450222],[-95.133412,47.455146],[-95.115631,47.456366],[-95.089223,47.453925],[-95.066233,47.450263],[-95.025299,47.443915],[-95.004954,47.443061],[-94.985911,47.445176],[-94.967763,47.449897],[-94.943918,47.458848],[-94.889801,47.469794],[-94.865631,47.481513],[-94.84675,47.496039],[-94.834625,47.499376],[-94.761545,47.487657],[-94.74767,47.47724],[-94.724192,47.450954],[-94.708567,47.442654],[-94.689849,47.438666],[-94.637074,47.440009]]]}},{"type":"Feature","properties":{"name":"Colorado","name_en":"Colorado","scalerank":5,"min_zoom":4.7},"geometry":{"type":"MultiLineString","coordinates":[[[-105.815785,40.175971],[-105.819,40.172675],[-105.834055,40.170844],[-105.850738,40.171902],[-105.860829,40.165229]],[[-110.367747,37.897895],[-110.382069,37.894965],[-110.403554,37.873481],[-110.408111,37.845323],[-110.420155,37.832139],[-110.444325,37.824897],[-110.454905,37.81391],[-110.453847,37.802314],[-110.44164,37.785753],[-110.427805,37.764228],[-110.435048,37.742743],[-110.459869,37.724473],[-110.474721,37.706326],[-110.473948,37.685858],[-110.478098,37.671576],[-110.493235,37.657904],[-110.519439,37.641791],[-110.557485,37.621446],[-110.585601,37.598741],[-110.601796,37.57807],[-110.615387,37.562323],[-110.623687,37.551703],[-110.646718,37.530056],[-110.650624,37.51557],[-110.65217,37.501573],[-110.670481,37.493232],[-110.692209,37.490749],[-110.710194,37.49197],[-110.727284,37.490098],[-110.723785,37.477118],[-110.708974,37.458808],[-110.697825,37.446072],[-110.687856,37.439073],[-110.703969,37.416287],[-110.725413,37.392524],[-110.726308,37.375312],[-110.733144,37.347724],[-110.754872,37.333075],[-110.78482,37.333075],[-110.812001,37.318183],[-110.831858,37.293402],[-110.840688,37.28498],[-110.84675,37.267279],[-110.855295,37.248643],[-110.866607,37.233832],[-110.872182,37.218288],[-110.8815,37.202745],[-110.891916,37.192979],[-110.910553,37.180691],[-110.917551,37.17418],[-110.932525,37.152899],[-110.95226,37.134467],[-110.988393,37.120185],[-111.029205,37.113349],[-111.064605,37.113634],[-111.092519,37.112128],[-111.111318,37.109483],[-111.131012,37.109646],[-111.149322,37.112006],[-111.169504,37.102159],[-111.188588,37.080634],[-111.206776,37.06745],[-111.223622,37.06623],[-111.274241,37.079861],[-111.283681,37.068671],[-111.28246,37.041042],[-111.292388,37.026475],[-111.332143,37.017768],[-111.357086,37.01907],[-111.416656,37.027208],[-111.428944,37.009101],[-111.432688,36.989691],[-111.443837,36.980536],[-111.458119,36.961941],[-111.473459,36.932156]],[[-114.741363,36.013495],[-114.724477,36.027777],[-114.720041,36.038845],[-114.719472,36.050116],[-114.722808,36.073025],[-114.722768,36.084255],[-114.721262,36.092597],[-114.718129,36.097276],[-114.71109,36.105292],[-114.707265,36.108832],[-114.702952,36.111925],[-114.669423,36.124701],[-114.636871,36.141181],[-114.578928,36.15351],[-114.563344,36.158718],[-114.55484,36.160468],[-114.545522,36.159613],[-114.492055,36.146796],[-114.488271,36.145453],[-114.4829,36.14289],[-114.474436,36.137478],[-114.464101,36.132025],[-114.450754,36.128363],[-114.442983,36.127631],[-114.435536,36.127631],[-114.428782,36.128445],[-114.422963,36.130235],[-114.397328,36.14289],[-114.391916,36.144884],[-114.385894,36.146348],[-114.379262,36.147284],[-114.372385,36.147569],[-114.365712,36.147081],[-114.356516,36.144232],[-114.347564,36.139716],[-114.336741,36.130642],[-114.327138,36.120673],[-114.319692,36.111029],[-114.297231,36.07038],[-114.287831,36.057969],[-114.27538,36.045518],[-114.256581,36.032335],[-114.233713,36.024359],[-114.207834,36.023139],[-114.158762,36.029608],[-114.124013,36.045762],[-114.108469,36.089382],[-114.095286,36.12641],[-114.084218,36.157538],[-114.065541,36.178046],[-114.045318,36.200466],[-114.037587,36.201483],[-114.020904,36.212104],[-114.001576,36.217719],[-113.988637,36.197211],[-113.981353,36.181708],[-113.971303,36.162462],[-113.962758,36.140733],[-113.951405,36.137641],[-113.936187,36.13935],[-113.919097,36.128974],[-113.897776,36.108344],[-113.870717,36.079291],[-113.839589,36.060574],[-113.807444,36.055732],[-113.780588,36.041124],[-113.763987,36.017198],[-113.761098,36.011664],[-113.759877,36.006659],[-113.755849,35.984809],[-113.736684,35.967597],[-113.711537,35.939521],[-113.706899,35.917914],[-113.698964,35.899482],[-113.656321,35.865505],[-113.652252,35.850898],[-113.642201,35.836778],[-113.635813,35.830919]],[[-114.590972,35.35281],[-114.600697,35.376573],[-114.632436,35.428656],[-114.650746,35.476915],[-114.667714,35.516954],[-114.646596,35.565375],[-114.652821,35.608832],[-114.645172,35.630561]],[[-114.376943,34.539659],[-114.367299,34.530097],[-114.371734,34.515408],[-114.377105,34.500312],[-114.377268,34.499579],[-114.376088,34.490058],[-114.373036,34.478054],[-114.369008,34.471462],[-114.363881,34.466905],[-114.357289,34.465522],[-114.344309,34.465033],[-114.339508,34.464464],[-114.33552,34.463202],[-114.33141,34.460517],[-114.32372,34.453315],[-114.318837,34.449815],[-114.29894,34.438992],[-114.293853,34.435411],[-114.278961,34.420722],[-114.195546,34.370307],[-114.178456,34.362616],[-114.168813,34.35578],[-114.157135,34.344997],[-114.125234,34.327704],[-114.125071,34.317206]]]}},{"type":"Feature","properties":{"name":"Colorado","name_en":"Colorado","scalerank":5,"min_zoom":4.7},"geometry":{"type":"MultiLineString","coordinates":[[[-105.84557,40.40412],[-105.854563,40.380723],[-105.852854,40.363308],[-105.846913,40.344306],[-105.843577,40.31627],[-105.844553,40.280788],[-105.842763,40.266181],[-105.836659,40.2508],[-105.815419,40.214667],[-105.809926,40.195095],[-105.815582,40.176337]],[[-105.861399,40.164659],[-105.866851,40.15587],[-105.871083,40.150702],[-105.876861,40.146064],[-105.884511,40.141547],[-105.90392,40.151313],[-105.927846,40.148017],[-105.951527,40.137152],[-105.970123,40.124132],[-105.986928,40.118476],[-106.055776,40.113593],[-106.120351,40.084255],[-106.141469,40.080146],[-106.240793,40.08629],[-106.382395,40.077012],[-106.425771,40.066474],[-106.444976,40.056505],[-106.497711,40.007758],[-106.514312,39.996161],[-106.55484,39.974311],[-106.570383,39.962755],[-106.620717,39.893988],[-106.651194,39.874701],[-106.68578,39.894558],[-106.7058,39.917263],[-106.727203,39.93244],[-106.751332,39.935411],[-106.791737,39.914252],[-106.804921,39.910264],[-106.849029,39.907172],[-106.909047,39.895087],[-106.918446,39.891466],[-106.925649,39.885199],[-106.930979,39.874701],[-106.939361,39.851874],[-106.945221,39.842068],[-106.953969,39.831895],[-107.001088,39.79206],[-107.008534,39.780788],[-107.018422,39.75788],[-107.025299,39.747748],[-107.034088,39.741523],[-107.052846,39.732774],[-107.056386,39.726915],[-107.069407,39.689073],[-107.089996,39.659206],[-107.122385,39.638007],[-107.288482,39.581855],[-107.334706,39.577012],[-107.462148,39.588202],[-107.500885,39.585964],[-107.540761,39.578925],[-107.611806,39.563544],[-107.635732,39.563503],[-107.683949,39.571153],[-107.731557,39.57331],[-107.77717,39.582343],[-107.798004,39.579291],[-107.817494,39.570665],[-107.834543,39.557481],[-107.850494,39.535346],[-107.856679,39.529324],[-107.867502,39.524278],[-107.952992,39.505927],[-107.992747,39.489203],[-108.200307,39.353298],[-108.254465,39.298041],[-108.26301,39.281928],[-108.261301,39.240017],[-108.266835,39.227851],[-108.29426,39.196601],[-108.324859,39.151557],[-108.331207,39.137641],[-108.340932,39.12934],[-108.446889,39.083319],[-108.491322,39.076443],[-108.537709,39.077826],[-108.584462,39.085761],[-108.624664,39.100369],[-108.753285,39.178249],[-108.774281,39.184353],[-108.796986,39.187771],[-108.820953,39.188788],[-108.843658,39.192694],[-108.905995,39.216132],[-108.919179,39.217475],[-108.925404,39.216173],[-108.98176,39.172065],[-108.990956,39.158515],[-109.012074,39.149929],[-109.050649,39.141059],[-109.067128,39.130927],[-109.094146,39.103949],[-109.109202,39.092149],[-109.137766,39.074978],[-109.173451,39.044216],[-109.222035,39.019355],[-109.234731,39.009345],[-109.243886,38.996853],[-109.247629,38.98074],[-109.239817,38.936143],[-109.241078,38.921413],[-109.246693,38.911078],[-109.263539,38.896267],[-109.270375,38.887152],[-109.27009,38.831651],[-109.275054,38.822781],[-109.302846,38.818793],[-109.31078,38.807644],[-109.310455,38.790391],[-109.313588,38.768134],[-109.327138,38.75019],[-109.369049,38.728461],[-109.391835,38.711615],[-109.41039,38.702826],[-109.419667,38.696723],[-109.432037,38.691026],[-109.458485,38.689968],[-109.46996,38.686225],[-109.480865,38.669298],[-109.480295,38.651231],[-109.484446,38.636827],[-109.53246,38.624701],[-109.547597,38.609198],[-109.567942,38.569525],[-109.585032,38.54621],[-109.591664,38.5539],[-109.597524,38.573065],[-109.612294,38.583808],[-109.627512,38.576606],[-109.631012,38.558905],[-109.629384,38.514919],[-109.634267,38.497138],[-109.643707,38.474433],[-109.655426,38.454901],[-109.667226,38.446601],[-109.714996,38.446601],[-109.718495,38.441352],[-109.71935,38.381415],[-109.723053,38.368435],[-109.733062,38.362087],[-109.752268,38.357856],[-109.741444,38.346706],[-109.740834,38.332099],[-109.746897,38.31745],[-109.777333,38.283515],[-109.803782,38.237087],[-109.813588,38.22545],[-109.851471,38.194281],[-109.879709,38.179551],[-109.890045,38.172227],[-109.89745,38.165147],[-109.919342,38.146511],[-109.992502,38.103949],[-110.017568,38.081977],[-110.04894,38.025173],[-110.068227,38.001003],[-110.08849,38.004584],[-110.113352,38.005154],[-110.134389,37.997626],[-110.147857,37.967841],[-110.158437,37.962226],[-110.170074,37.957953],[-110.17809,37.952501],[-110.181874,37.943427],[-110.183949,37.932074],[-110.184926,37.909125],[-110.20873,37.893988],[-110.367543,37.897895]],[[-111.473459,36.932156],[-111.504628,36.902371],[-111.522857,36.889187],[-111.548451,36.880561],[-111.557607,36.873481],[-111.562082,36.8664],[-111.555572,36.861111],[-111.554596,36.856391],[-111.555572,36.851671],[-111.558461,36.849555],[-111.563954,36.850287],[-111.569325,36.851996],[-111.573842,36.854315],[-111.576772,36.856879],[-111.60851,36.843817],[-111.629994,36.821967],[-111.674672,36.736762],[-111.683217,36.724677],[-111.693593,36.714423],[-111.701568,36.709744],[-111.718902,36.702582],[-111.726674,36.697781],[-111.732818,36.690782],[-111.743276,36.667344],[-111.74885,36.660956],[-111.754547,36.65587],[-111.759023,36.64997],[-111.760854,36.640977],[-111.759023,36.618476],[-111.762603,36.610175],[-111.841176,36.524848],[-111.83845,36.503485],[-111.829091,36.46662],[-111.835194,36.453437],[-111.845448,36.444281],[-111.870717,36.432481],[-111.864247,36.426947],[-111.86677,36.423611],[-111.871246,36.419298],[-111.870717,36.411404],[-111.865346,36.407782],[-111.856028,36.405056],[-111.847076,36.403673],[-111.843373,36.404568],[-111.846791,36.393175],[-111.85733,36.386583],[-111.884348,36.377265],[-111.866322,36.364447],[-111.861318,36.350775],[-111.861073,36.334906],[-111.857045,36.315212],[-111.84789,36.302924],[-111.819203,36.279731],[-111.808665,36.267401],[-111.8131,36.257595],[-111.811269,36.247911],[-111.801829,36.226386],[-111.799672,36.214301],[-111.806264,36.148383],[-111.812571,36.130154],[-111.822255,36.116523],[-111.831939,36.110907],[-111.853139,36.107001],[-111.863271,36.103542],[-111.868031,36.097602],[-111.873525,36.088202],[-111.881663,36.079413],[-111.894276,36.075548],[-111.899973,36.072374],[-111.918935,36.058295],[-111.9287,36.055121],[-111.941396,36.056423],[-112.020863,36.081814],[-112.046254,36.100409],[-112.05191,36.103542],[-112.092885,36.103542],[-112.106068,36.105414],[-112.127756,36.113959],[-112.137563,36.116523],[-112.223256,36.116523],[-112.226674,36.121894],[-112.230621,36.145331],[-112.236887,36.150702],[-112.247467,36.151923],[-112.259877,36.155137],[-112.271881,36.159735],[-112.281565,36.164984],[-112.294016,36.175605],[-112.327016,36.23078],[-112.339711,36.245673],[-112.355051,36.256049],[-112.374379,36.259955],[-112.394521,36.256903],[-112.404612,36.248887],[-112.411488,36.237169],[-112.42219,36.223009],[-112.432851,36.215644],[-112.441274,36.216376],[-112.448394,36.222846],[-112.455149,36.233222],[-112.468617,36.245063],[-112.502919,36.256374],[-112.513417,36.265977],[-112.512563,36.278266],[-112.502756,36.288682],[-112.479807,36.304958],[-112.471547,36.315741],[-112.465199,36.327948],[-112.456614,36.354519],[-112.464915,36.387478],[-112.500071,36.400214],[-112.543324,36.400906],[-112.575999,36.39765],[-112.593658,36.398546],[-112.612416,36.401679],[-112.630238,36.401964],[-112.644887,36.393988],[-112.651967,36.379462],[-112.654042,36.365343],[-112.659169,36.354519],[-112.675201,36.34988],[-112.683746,36.351386],[-112.690745,36.354519],[-112.697865,36.356391],[-112.707021,36.354315],[-112.714711,36.349555],[-112.718414,36.34394],[-112.717112,36.33747],[-112.709828,36.330105],[-112.717926,36.324042],[-112.72704,36.321112],[-112.746734,36.317084],[-112.756703,36.31269],[-112.777089,36.295274],[-112.798492,36.286933],[-112.860097,36.280056],[-112.876658,36.2803]],[[-112.876373,36.280382],[-112.876658,36.2803]],[[-112.876658,36.2803],[-112.881418,36.280382]],[[-112.876658,36.2803],[-112.894154,36.275458],[-112.910268,36.266669],[-112.924428,36.255479],[-112.936391,36.243476],[-112.952707,36.237576],[-113.021474,36.232611],[-113.09203,36.197821],[-113.103383,36.188544],[-113.114166,36.181586],[-113.179067,36.158149],[-113.193512,36.136257],[-113.204498,36.110053],[-113.219106,36.088162],[-113.244537,36.078966],[-113.269846,36.081488],[-113.286244,36.085232],[-113.299713,36.084052],[-113.316274,36.072089],[-113.332834,36.0539],[-113.339101,36.040066],[-113.335561,35.994005],[-113.33609,35.972846],[-113.334218,35.969997],[-113.319692,35.959499],[-113.315745,35.95364],[-113.317372,35.950629],[-113.321116,35.948554],[-113.32311,35.945502],[-113.319081,35.912665],[-113.31192,35.883002],[-113.308583,35.851264],[-113.316274,35.812079],[-113.330963,35.782579],[-113.350494,35.762397],[-113.373891,35.750434],[-113.400258,35.745714],[-113.410797,35.747178],[-113.444814,35.759548],[-113.454416,35.760443],[-113.472401,35.760037],[-113.482045,35.762478],[-113.592641,35.827908],[-113.611928,35.830349],[-113.63565,35.830837]],[[-114.741363,36.013495],[-114.739654,35.985704],[-114.729319,35.959174],[-114.714752,35.936103],[-114.675404,35.89411],[-114.669016,35.885321],[-114.6669,35.873847],[-114.670644,35.862657],[-114.688222,35.837185],[-114.693593,35.822333],[-114.694651,35.766954],[-114.691721,35.739529],[-114.686757,35.719306],[-114.651723,35.646674],[-114.645172,35.630561]],[[-114.590972,35.35281],[-114.592397,35.325873],[-114.589955,35.300401],[-114.576894,35.25255],[-114.572011,35.21247],[-114.572662,35.191107],[-114.581899,35.151231],[-114.586171,35.14822],[-114.598012,35.143337],[-114.611969,35.140937],[-114.625478,35.140937],[-114.63561,35.137071],[-114.638987,35.123399],[-114.634348,35.114203],[-114.61559,35.096381],[-114.611684,35.082465],[-114.615468,35.073065],[-114.638987,35.047716],[-114.629384,35.015245],[-114.617055,34.879218],[-114.610097,34.867458],[-114.594309,34.862738],[-114.580149,34.856798],[-114.568715,34.842963],[-114.56078,34.827094],[-114.557037,34.815009],[-114.555084,34.786892],[-114.542388,34.767768],[-114.521352,34.756903],[-114.494374,34.753485],[-114.429026,34.642768],[-114.42455,34.638617],[-114.421213,34.634223],[-114.41983,34.626288],[-114.421213,34.602484],[-114.41983,34.595893],[-114.407786,34.579413],[-114.394602,34.570868],[-114.383697,34.560981],[-114.378896,34.540635]],[[-114.124989,34.314073],[-114.11913,34.293077],[-114.127512,34.279608],[-114.159169,34.259467],[-114.192698,34.232123],[-114.224355,34.198025],[-114.243967,34.19363],[-114.345937,34.133124],[-114.382192,34.123603],[-114.398305,34.109646],[-114.408762,34.09101],[-114.416982,34.048367],[-114.4287,34.029079],[-114.444325,34.012885],[-114.460805,33.999376],[-114.500396,33.977403],[-114.516021,33.963568],[-114.522288,33.941352],[-114.51891,33.929755],[-114.510813,33.918565],[-114.4912,33.899441],[-114.489858,33.89057],[-114.497874,33.881374],[-114.516021,33.869005],[-114.51415,33.853868],[-114.514027,33.828192],[-114.510365,33.804063],[-114.498036,33.79328],[-114.494618,33.78795],[-114.493479,33.776231],[-114.494618,33.764512],[-114.498036,33.759141],[-114.503285,33.754218],[-114.499094,33.743109],[-114.488149,33.725043],[-114.494781,33.710273],[-114.506418,33.699042],[-114.517405,33.684638],[-114.522288,33.660183],[-114.521596,33.638739],[-114.522532,33.627468],[-114.525706,33.622626],[-114.534535,33.616726],[-114.534535,33.603461],[-114.529124,33.581651],[-114.532704,33.568468],[-114.535959,33.561794],[-114.549631,33.546902],[-114.569407,33.530341],[-114.579416,33.520046],[-114.588857,33.495429],[-114.625885,33.437038],[-114.643788,33.425727],[-114.668365,33.419542],[-114.717519,33.416571],[-114.726959,33.411404],[-114.722483,33.399685],[-114.712148,33.38703],[-114.704172,33.378974],[-114.698232,33.368354],[-114.702016,33.359727],[-114.714019,33.348904],[-114.723541,33.321153],[-114.721425,33.30622],[-114.690175,33.276313],[-114.683258,33.262722],[-114.673085,33.204901],[-114.678334,33.161485],[-114.693471,33.12405],[-114.696848,33.089219],[-114.6669,33.054063],[-114.627431,33.04088],[-114.53661,33.035264],[-114.50182,33.019314],[-114.473866,32.985175],[-114.469879,32.97252],[-114.470326,32.962714],[-114.472524,32.952989],[-114.473866,32.940497],[-114.458079,32.876654],[-114.460805,32.854804],[-114.472157,32.841905],[-114.509348,32.820258],[-114.522288,32.807074],[-114.526031,32.789659],[-114.525217,32.771064],[-114.526235,32.753119],[-114.535959,32.738105],[-114.578277,32.730007],[-114.683013,32.748074],[-114.720855,32.724473]],[[-114.720937,32.724473],[-114.732086,32.686835],[-114.740346,32.669298],[-114.752024,32.652452],[-114.759674,32.645087],[-114.782379,32.628241],[-114.787709,32.621283],[-114.803538,32.594753],[-114.795033,32.574286],[-114.796376,32.552517],[-114.810374,32.511583],[-114.832753,32.49197],[-114.853668,32.487982],[-114.905914,32.491767],[-114.926259,32.48253],[-114.945221,32.462836],[-114.960194,32.438666],[-114.968617,32.416042],[-114.970082,32.398464],[-114.969472,32.3817],[-114.971669,32.363471],[-114.981679,32.341498],[-115.000111,32.323065],[-115.020619,32.30976],[-115.037099,32.291693],[-115.04308,32.258979],[-115.057444,32.231553],[-115.100168,32.215399],[-115.148671,32.203884],[-115.180287,32.190701],[-115.199941,32.157091],[-115.213043,32.109076],[-115.213246,32.060655],[-115.194569,32.02558],[-115.194163,32.030544],[-115.192983,32.031358],[-115.190745,32.031033],[-115.187123,32.032416],[-115.190175,32.036444],[-115.191884,32.039496],[-115.194569,32.046698],[-115.183665,32.046007],[-115.175282,32.047919],[-115.169545,32.05268],[-115.166615,32.06037],[-115.153635,32.049099],[-115.123036,32.037624],[-115.111969,32.02558],[-115.112131,32.013495],[-115.116322,31.999376],[-115.11677,31.986396],[-115.105133,31.97781],[-115.107167,31.974555],[-115.109975,31.967231],[-115.111969,31.964179],[-115.091908,31.966986],[-115.073354,31.974189],[-115.055165,31.978095],[-115.035227,31.966091]]]}},{"type":"Feature","properties":{"name":"Sacramento","name_en":"Sacramento","scalerank":5,"min_zoom":4.7},"geometry":{"type":"MultiLineString","coordinates":[[[-122.396474,40.831488],[-122.396352,40.831366],[-122.396352,40.831326],[-122.386057,40.826687],[-122.372914,40.81269],[-122.3697,40.783759],[-122.369211,40.763373],[-122.383372,40.762722],[-122.394032,40.753119],[-122.402821,40.73546],[-122.410634,40.721462]]]}},{"type":"Feature","properties":{"name":"Sacramento","name_en":"Sacramento","scalerank":5,"min_zoom":4.7},"geometry":{"type":"MultiLineString","coordinates":[[[-122.425038,41.253852],[-122.404042,41.280626],[-122.394928,41.288642],[-122.388417,41.295966],[-122.376617,41.31391],[-122.368967,41.318793],[-122.355214,41.31745],[-122.312489,41.29446],[-122.289459,41.285224],[-122.278554,41.279242],[-122.268625,41.27204],[-122.259999,41.262966],[-122.254465,41.252753],[-122.252756,41.241523],[-122.255605,41.229438],[-122.27599,41.191352],[-122.283559,41.172187],[-122.312611,41.131863],[-122.332834,41.090277],[-122.348622,41.07099],[-122.370961,41.062934],[-122.383941,41.053331],[-122.396148,41.031195],[-122.410634,40.989569],[-122.410959,40.968288],[-122.405263,40.945746],[-122.394358,40.927924],[-122.378977,40.920681],[-122.366567,40.91116],[-122.374135,40.890082],[-122.396352,40.858588],[-122.402211,40.845282],[-122.401845,40.839667],[-122.396352,40.831326]],[[-122.410634,40.721462],[-122.439768,40.713813],[-122.44811,40.696601],[-122.442535,40.674628],[-122.42984,40.653144],[-122.43928,40.623236],[-122.416331,40.605089],[-122.362172,40.584296],[-122.360463,40.577257],[-122.362131,40.560818],[-122.358754,40.553819],[-122.351471,40.545518],[-122.34789,40.538153],[-122.345448,40.53087],[-122.341705,40.522773],[-122.342275,40.517768],[-122.344472,40.510932],[-122.342437,40.50491],[-122.320953,40.499132],[-122.313588,40.492133],[-122.308013,40.485053],[-122.303822,40.481879],[-122.269928,40.478217],[-122.237945,40.46837],[-122.209706,40.45421],[-122.187164,40.437445],[-122.178578,40.424506],[-122.175771,40.409003],[-122.176625,40.375759],[-122.174184,40.368109],[-122.16454,40.357489],[-122.163564,40.351508],[-122.167836,40.346503],[-122.184438,40.337185],[-122.190907,40.331],[-122.179311,40.326972],[-122.166982,40.328152],[-122.156361,40.330634],[-122.149892,40.331],[-122.140777,40.323554],[-122.136138,40.314521],[-122.13915,40.306912],[-122.152984,40.303738],[-122.166982,40.296698],[-122.18635,40.280544],[-122.200063,40.262274],[-122.197092,40.249091],[-122.187896,40.248969],[-122.172719,40.262274],[-122.163564,40.262152],[-122.155629,40.253282],[-122.161204,40.245876],[-122.171213,40.238878],[-122.176625,40.231716],[-122.183949,40.215399],[-122.197418,40.199774],[-122.204091,40.183783],[-122.190907,40.166571],[-122.170318,40.160753],[-122.145334,40.15823],[-122.124135,40.15058],[-122.115142,40.129259],[-122.11262,40.10932],[-122.099965,40.071723],[-122.087229,40.008857],[-122.08259,39.998847],[-122.069447,39.977729],[-122.066762,39.9713],[-122.06607,39.949774],[-122.067006,39.938585],[-122.070424,39.933783],[-122.083974,39.929307],[-122.078684,39.919623],[-122.066721,39.910224],[-122.060536,39.90644],[-122.052154,39.88821],[-122.045644,39.885037],[-122.032582,39.892849],[-122.028188,39.878607],[-122.033599,39.863715],[-122.041982,39.846991],[-122.046254,39.827663],[-122.043568,39.815863],[-122.03661,39.808417],[-122.026723,39.804511],[-122.015533,39.803412],[-122.007192,39.800645],[-122.004384,39.793402],[-122.005279,39.772732],[-121.995473,39.761054],[-121.950307,39.746121],[-121.937001,39.728339],[-121.941518,39.705593],[-121.965932,39.676052],[-121.958119,39.666287],[-121.967641,39.650824],[-121.973541,39.629218],[-121.977366,39.587755],[-121.974517,39.526719],[-121.994985,39.377631],[-122.001129,39.361762],[-122.012115,39.344102],[-122.005483,39.331],[-122.003163,39.290595],[-121.999094,39.275214],[-121.991607,39.28266],[-121.981842,39.25788],[-121.98054,39.246039],[-121.984771,39.234239],[-121.966908,39.207628],[-121.958119,39.200751],[-121.949574,39.202012],[-121.935699,39.205878],[-121.922841,39.206244],[-121.917144,39.197048],[-121.916005,39.185614],[-121.910878,39.1706],[-121.909739,39.162543],[-121.912343,39.153144],[-121.917388,39.15058],[-121.920481,39.148017],[-121.917144,39.138699],[-121.900258,39.134467],[-121.895416,39.131863],[-121.893625,39.128852],[-121.891225,39.121527],[-121.8756,39.096503],[-121.868031,39.087226],[-121.838124,39.077582],[-121.821767,39.062852],[-121.809071,39.043036],[-121.799875,39.021999],[-121.797597,39.005927],[-121.802317,38.991523],[-121.811757,38.977851],[-121.824045,38.963935],[-121.826894,38.955105],[-121.824045,38.94477],[-121.817738,38.936143],[-121.810414,38.932644],[-121.795237,38.928778],[-121.790679,38.920111],[-121.791737,38.911078],[-121.79304,38.905951],[-121.793772,38.898627],[-121.79662,38.892849],[-121.79776,38.886664],[-121.79304,38.877997],[-121.778432,38.869818],[-121.762196,38.870225],[-121.748402,38.873725],[-121.741526,38.874579],[-121.720204,38.859931],[-121.717275,38.854438],[-121.716217,38.843126],[-121.713368,38.830878],[-121.709055,38.8192],[-121.703603,38.80976],[-121.698801,38.8074],[-121.692128,38.806912],[-121.686269,38.805365],[-121.683746,38.799831],[-121.681996,38.792914],[-121.670074,38.768134],[-121.639516,38.779731],[-121.6079,38.782294],[-121.58495,38.772813],[-121.580719,38.748318],[-121.593007,38.722195],[-121.60558,38.702257],[-121.605824,38.683051],[-121.580719,38.658881]],[[-121.580719,38.658759],[-121.567779,38.652533],[-121.556874,38.648627],[-121.549428,38.642035],[-121.54662,38.627753],[-121.539784,38.613308],[-121.523671,38.611111],[-121.505238,38.611396],[-121.491363,38.604193],[-121.498402,38.555854],[-121.501617,38.545844],[-121.510487,38.527126],[-121.511871,38.525336],[-121.515696,38.523993],[-121.539784,38.507921],[-121.500803,38.473904],[-121.491851,38.456326],[-121.518707,38.446479],[-121.504954,38.415229],[-121.501454,38.396267],[-121.505035,38.377631],[-121.512725,38.358669],[-121.531484,38.335232],[-121.556467,38.327419],[-121.568186,38.321926],[-121.567413,38.311021],[-121.558827,38.298489],[-121.522857,38.268826],[-121.506459,38.257107],[-121.50414,38.242255],[-121.512034,38.237372],[-121.53539,38.233669],[-121.54776,38.233018],[-121.550649,38.225735],[-121.549713,38.20482],[-121.55724,38.190701],[-121.570546,38.182888],[-121.581451,38.174302],[-121.58849,38.160224],[-121.611155,38.155544],[-121.643178,38.16649],[-121.661936,38.171942],[-121.672882,38.168036],[-121.68928,38.14765]]]}},{"type":"Feature","properties":{"name":"Tennessee","name_en":"Tennessee","scalerank":5,"min_zoom":4.7},"geometry":{"type":"MultiLineString","coordinates":[[[-87.975413,35.945258],[-87.988596,35.945624],[-88.009145,35.953477],[-88.013051,35.966986],[-88.005849,35.981635],[-87.999013,35.999457],[-87.99592,36.019721],[-87.991567,36.038357],[-87.981028,36.059434],[-87.970286,36.074978],[-87.954498,36.084255],[-87.937123,36.104804],[-87.929677,36.123969],[-87.927398,36.144314],[-87.931304,36.167019],[-87.939361,36.183946],[-87.941274,36.208441],[-87.941721,36.236925],[-87.949534,36.263007],[-87.999013,36.356757],[-88.025706,36.395453],[-88.049224,36.419013],[-88.055531,36.430203],[-88.051747,36.444281],[-88.050526,36.463243],[-88.044097,36.492458],[-88.033925,36.522895],[-88.035634,36.554958],[-88.042226,36.580837],[-88.051503,36.610378],[-88.057118,36.643663],[-88.069488,36.67536],[-88.086903,36.703315],[-88.146474,36.830756],[-88.19286,36.918484],[-88.217437,36.950303],[-88.26887,37.00495],[-88.283315,37.021511]],[[-86.898508,34.574774],[-86.952016,34.60753],[-86.977406,34.628282],[-87.005238,34.65412],[-87.030873,34.66824],[-87.060129,34.677436],[-87.095693,34.695502],[-87.125071,34.712348],[-87.156606,34.733181],[-87.193227,34.753974],[-87.220041,34.761827],[-87.248158,34.762234],[-87.273305,34.761013],[-87.299672,34.767198],[-87.329213,34.788682],[-87.356272,34.813829],[-87.395741,34.815945],[-87.432769,34.810492],[-87.464752,34.817816],[-87.499338,34.828803],[-87.529693,34.832953],[-87.562571,34.827175],[-87.612416,34.8039],[-87.635732,34.795966],[-87.659006,34.790554],[-87.685374,34.780707],[-87.700429,34.773383]]]}},{"type":"Feature","properties":{"name":"Tennessee","name_en":"Tennessee","scalerank":5,"min_zoom":4.7},"geometry":{"type":"MultiLineString","coordinates":[[[-88.283315,37.021511],[-88.304514,37.032253],[-88.318756,37.045844],[-88.334828,37.057481],[-88.355295,37.062527],[-88.39981,37.058539],[-88.483388,37.03913],[-88.520863,37.039984],[-88.554311,37.053778],[-88.586171,37.089911]],[[-83.969472,35.870144],[-83.980214,35.871283],[-83.993316,35.87641],[-84.003977,35.87755],[-84.01891,35.874579],[-84.026479,35.867214],[-84.032135,35.858018],[-84.041493,35.849677],[-84.050445,35.846462],[-84.0572,35.847276],[-84.064565,35.849311],[-84.075592,35.849677],[-84.08731,35.846706],[-84.104604,35.837836],[-84.130605,35.834011],[-84.134755,35.82807],[-84.130238,35.804958],[-84.135487,35.794501],[-84.147084,35.794379],[-84.164418,35.801215],[-84.170888,35.793402],[-84.17398,35.773993],[-84.178619,35.767768],[-84.190256,35.765896],[-84.19872,35.770819],[-84.206614,35.777411],[-84.216217,35.780788],[-84.271148,35.780788],[-84.276967,35.778144],[-84.285308,35.772732],[-84.29601,35.768012],[-84.30899,35.767768],[-84.303782,35.757188],[-84.302602,35.747382],[-84.306223,35.738959],[-84.315256,35.732367],[-84.330556,35.753363],[-84.338857,35.762234],[-84.349965,35.767768],[-84.359853,35.753974],[-84.374501,35.755479],[-84.391591,35.763129],[-84.408315,35.767768],[-84.413401,35.762803],[-84.421295,35.753119],[-84.4287,35.746202],[-84.431874,35.749701],[-84.44343,35.769355],[-84.445546,35.777371],[-84.526845,35.853298],[-84.541737,35.863308],[-84.551829,35.840522],[-84.555409,35.836005],[-84.568349,35.83393],[-84.578114,35.837755],[-84.587636,35.839871],[-84.599762,35.832587],[-84.60851,35.813992],[-84.610829,35.794379],[-84.617055,35.782538],[-84.637359,35.786933],[-84.660553,35.809638],[-84.668853,35.809394],[-84.675771,35.759467],[-84.685292,35.750515],[-84.698476,35.745307],[-84.713043,35.732367],[-84.715484,35.723253],[-84.714955,35.700995],[-84.719309,35.691962],[-84.728139,35.688259],[-84.764272,35.691962],[-84.774078,35.681179],[-84.781972,35.609442],[-84.78893,35.586982],[-84.798166,35.569525],[-84.812001,35.558173],[-84.832875,35.554226],[-84.84435,35.555365],[-84.861236,35.560492],[-84.874135,35.561632],[-84.883616,35.556179],[-84.881215,35.544257],[-84.874501,35.532497],[-84.870717,35.527452],[-84.864735,35.51378],[-84.860504,35.508246],[-84.86144,35.503607],[-84.870717,35.492743],[-84.879954,35.486274],[-84.899322,35.481472],[-84.907948,35.475694],[-84.909901,35.467312],[-84.905385,35.448065],[-84.907948,35.444363],[-84.919667,35.443223],[-84.928538,35.441433],[-84.936635,35.441026],[-84.945872,35.444363],[-84.952504,35.451728],[-84.957997,35.461371],[-84.964426,35.468044],[-84.973744,35.466091],[-84.979482,35.457465],[-84.981068,35.445258],[-84.97997,35.421088],[-84.984527,35.415229],[-84.995269,35.412177],[-85.017812,35.410834],[-85.022817,35.405341],[-85.062611,35.327012],[-85.076487,35.308539],[-85.093577,35.300971],[-85.096913,35.291205],[-85.088246,35.243679],[-85.089833,35.225857],[-85.096099,35.218207],[-85.102895,35.212917],[-85.116282,35.204698],[-85.121978,35.199652],[-85.126576,35.192491],[-85.129709,35.182196],[-85.130767,35.167548],[-85.199086,35.123399],[-85.257558,35.100938],[-85.27538,35.08869],[-85.323598,35.035671],[-85.336822,35.027208],[-85.350575,35.037421],[-85.349762,35.058946],[-85.344472,35.083441],[-85.34435,35.102362],[-85.356028,35.111925],[-85.376576,35.117255],[-85.397939,35.115098],[-85.411977,35.102362],[-85.400258,35.099148],[-85.39391,35.092149],[-85.393178,35.081814],[-85.398305,35.068183],[-85.426259,35.061347],[-85.428538,35.055772],[-85.429433,35.04739],[-85.432118,35.03913],[-85.439849,35.034044],[-85.459055,35.035712],[-85.4676,35.047919],[-85.472808,35.064561],[-85.481801,35.079535],[-85.498931,35.090115],[-85.520904,35.096259],[-85.541656,35.094306],[-85.555165,35.080593],[-85.556711,35.074978],[-85.558258,35.064154],[-85.560536,35.058376],[-85.574574,35.040635],[-85.593617,35.028022],[-85.615224,35.022406],[-85.637115,35.025946],[-85.649159,35.030829],[-85.661285,35.034044],[-85.672963,35.033026],[-85.683013,35.025214],[-85.689768,35.011501],[-85.693267,34.994493],[-85.694936,34.961737],[-85.701731,34.939805],[-85.718007,34.923163],[-85.756337,34.896837],[-85.93456,34.70657],[-85.949452,34.683051],[-86.002797,34.643622],[-86.031728,34.60163],[-86.048573,34.582628],[-86.067983,34.574734],[-86.089955,34.569403],[-86.109242,34.556708],[-86.196523,34.475775],[-86.217885,34.460313],[-86.220693,34.454942],[-86.222808,34.452216],[-86.238149,34.44127],[-86.241567,34.434272],[-86.240102,34.428046],[-86.236724,34.424099],[-86.234364,34.423936],[-86.242502,34.404079],[-86.252431,34.391221],[-86.267893,34.384385],[-86.292388,34.382351],[-86.311757,34.388943],[-86.336497,34.420274],[-86.3579,34.430772],[-86.401926,34.432725],[-86.41926,34.438422],[-86.426178,34.454942],[-86.434682,34.467597],[-86.454498,34.480821],[-86.532826,34.516059],[-86.545155,34.529242],[-86.554921,34.573554],[-86.568756,34.590115],[-86.58849,34.596462],[-86.611155,34.589057],[-86.626698,34.57453],[-86.635976,34.562812],[-86.646718,34.559109],[-86.666371,34.568549],[-86.684071,34.583319],[-86.691803,34.58747],[-86.703928,34.589057],[-86.71642,34.587185],[-86.722646,34.582302],[-86.727366,34.57571],[-86.73526,34.568549],[-86.773549,34.556016],[-86.819569,34.555732],[-86.866038,34.563503],[-86.898508,34.574774]],[[-87.700429,34.773383],[-87.736806,34.761664],[-87.77477,34.74669],[-87.813466,34.743598],[-87.851918,34.759711],[-87.909169,34.809638],[-87.965403,34.885525],[-87.980214,34.90119],[-87.99828,34.912787],[-88.019439,34.917344],[-88.083363,34.907335],[-88.105133,34.909939],[-88.137522,34.928534],[-88.161692,34.957343],[-88.206939,35.061835],[-88.216868,35.076483],[-88.231435,35.082465],[-88.273752,35.076606],[-88.291371,35.079698],[-88.303782,35.096137],[-88.300771,35.109646],[-88.313588,35.14114],[-88.317454,35.160712],[-88.317454,35.201687],[-88.313629,35.214667],[-88.304514,35.220323],[-88.266265,35.231513],[-88.259348,35.236274],[-88.25536,35.246365],[-88.257476,35.25727],[-88.264882,35.264716],[-88.272776,35.270697],[-88.276438,35.277411],[-88.268219,35.284247],[-88.214996,35.307807],[-88.203725,35.309638],[-88.194,35.308539],[-88.186391,35.310492],[-88.180898,35.321479],[-88.181874,35.334744],[-88.197377,35.354031],[-88.201324,35.366156],[-88.191803,35.383857],[-88.169097,35.387641],[-88.118804,35.384141],[-88.097727,35.390408],[-88.069407,35.407335],[-88.047109,35.410834],[-88.029205,35.404731],[-88.013051,35.394477],[-87.997548,35.392442],[-87.981597,35.410834],[-87.98233,35.425971],[-87.999745,35.429551],[-88.020172,35.431423],[-88.030019,35.44123],[-88.026275,35.466173],[-88.016103,35.473334],[-88.000722,35.477322],[-87.981597,35.492743],[-87.971059,35.533881],[-87.993153,35.569607],[-88.021596,35.60456],[-88.030019,35.643581],[-88.025014,35.656521],[-88.019643,35.664496],[-88.016103,35.672431],[-88.016347,35.685167],[-88.020131,35.692572],[-88.033355,35.709418],[-88.036244,35.715888],[-88.030344,35.737331],[-88.016469,35.753119],[-88.000722,35.766547],[-87.989084,35.780788],[-87.986928,35.78795],[-87.98469,35.805528],[-87.981597,35.814887],[-87.957753,35.843126],[-87.953725,35.852729],[-87.949127,35.872992],[-87.932485,35.918321],[-87.933827,35.938422],[-87.937164,35.941962],[-87.953725,35.952704],[-87.956532,35.946479],[-87.961049,35.944932],[-87.967275,35.945421],[-87.975413,35.945258]]]}},{"type":"Feature","properties":{"name":"Klamath","name_en":"Klamath","scalerank":5,"min_zoom":4.7},"geometry":{"type":"MultiLineString","coordinates":[[[-121.951405,42.475124],[-121.954335,42.462592],[-121.934722,42.440131],[-121.890777,42.418728],[-121.866444,42.395453],[-121.866119,42.369005],[-121.860219,42.337104],[-121.850738,42.304511],[-121.840403,42.28498],[-121.807281,42.249579]]]}},{"type":"Feature","properties":{"name":"Klamath","name_en":"Klamath","scalerank":5,"min_zoom":4.7},"geometry":{"type":"MultiLineString","coordinates":[[[-121.807281,42.249579],[-121.785878,42.240343],[-121.774892,42.221625],[-121.777415,42.203233],[-121.81428,42.18769],[-121.823232,42.170356],[-121.833974,42.13349],[-121.867787,42.114814],[-121.911529,42.126899],[-121.957753,42.149115],[-121.999094,42.160834],[-122.035471,42.145575],[-122.086985,42.073676],[-122.120839,42.047553],[-122.16804,42.034613],[-122.188222,42.023017],[-122.196604,42.002875],[-122.209096,41.99376],[-122.237213,41.99079],[-122.284739,41.992296],[-122.319651,41.999132],[-122.333119,41.999823],[-122.343861,41.997504],[-122.366811,41.988145],[-122.400787,41.982774],[-122.416371,41.973944],[-122.442983,41.945136],[-122.46227,41.934516],[-122.509348,41.925401],[-122.52831,41.91413],[-122.555653,41.877875],[-122.568715,41.864081],[-122.586334,41.85517],[-122.610585,41.850653],[-122.635121,41.851182],[-122.658437,41.858222],[-122.693674,41.881456],[-122.748769,41.890896],[-122.775217,41.898505],[-122.788971,41.900824],[-122.802113,41.899726],[-122.81371,41.893175],[-122.819814,41.883368],[-122.824208,41.872178],[-122.830678,41.861436],[-122.845448,41.855048],[-122.863515,41.858669],[-122.882192,41.865668],[-122.898834,41.869452],[-122.909047,41.867499],[-122.936431,41.85517],[-122.984853,41.848944],[-122.993886,41.844753],[-123.01415,41.831326],[-123.015248,41.828437],[-123.020619,41.824408],[-123.028554,41.816677],[-123.038401,41.812283],[-123.049713,41.817939],[-123.059153,41.82449],[-123.094106,41.835964],[-123.134023,41.855048],[-123.154124,41.860663],[-123.179758,41.862616],[-123.203603,41.867987],[-123.249257,41.888983],[-123.272206,41.88996],[-123.284169,41.884223],[-123.286855,41.877021],[-123.285634,41.869452],[-123.286366,41.857123],[-123.279286,41.853868],[-123.279042,41.848944],[-123.28307,41.843858],[-123.296986,41.836534],[-123.302968,41.832221],[-123.314687,41.813503],[-123.323394,41.804755],[-123.327504,41.811103],[-123.330881,41.825954],[-123.338735,41.826199],[-123.374013,41.800482],[-123.41747,41.74372],[-123.421213,41.737331],[-123.42394,41.730414],[-123.425608,41.722846],[-123.425526,41.720486],[-123.424224,41.715522],[-123.424428,41.712836],[-123.426096,41.709093],[-123.431142,41.70246],[-123.433217,41.69892],[-123.444692,41.655056],[-123.448232,41.647813],[-123.452952,41.641547],[-123.476308,41.61872],[-123.4947,41.604519],[-123.511545,41.595974],[-123.515736,41.592556],[-123.519765,41.581081],[-123.518625,41.567165],[-123.502919,41.504096],[-123.495188,41.44713],[-123.484242,41.40412],[-123.484486,41.383409],[-123.498647,41.35045],[-123.521474,41.325385],[-123.574371,41.280707],[-123.584462,41.267646],[-123.600494,41.239854],[-123.610097,41.227159],[-123.6256,41.215766],[-123.645172,41.208197],[-123.666371,41.204169],[-123.686513,41.203233],[-123.702789,41.204779],[-123.720326,41.208523],[-123.73705,41.214626],[-123.751332,41.222764],[-123.761098,41.23489],[-123.77123,41.264228],[-123.779856,41.276964]],[[-123.779856,41.276882],[-123.797719,41.285102],[-123.818837,41.287787],[-123.839589,41.293524],[-123.856191,41.310981],[-123.84553,41.328192],[-123.847524,41.348456],[-123.859771,41.365343],[-123.880116,41.372423],[-123.904693,41.398301],[-123.910797,41.407172],[-123.911733,41.415473],[-123.910308,41.435492],[-123.91393,41.444444],[-123.949208,41.502143],[-123.965443,41.517035],[-123.986724,41.527208],[-124.03246,41.540717],[-124.068349,41.53913]]]}},{"type":"Feature","properties":{"name":"Holston","name_en":"Holston","scalerank":5,"min_zoom":4.7},"geometry":{"type":"MultiLineString","coordinates":[[[-81.419586,37.009141],[-81.446523,36.982733],[-81.453847,36.97724],[-81.462595,36.974473],[-81.535308,36.973741],[-81.552235,36.971055],[-81.571767,36.962755],[-81.581125,36.96015],[-81.625315,36.961697],[-81.651682,36.953437],[-81.704213,36.925238],[-81.743235,36.902289],[-81.758656,36.89643],[-81.774729,36.892605],[-81.790273,36.891181],[-81.803782,36.88699],[-81.833323,36.868028],[-81.841786,36.863227],[-82.042063,36.793321],[-82.102773,36.776068],[-82.22643,36.729071],[-82.249582,36.726671],[-82.270741,36.721951],[-82.31078,36.699774],[-82.32844,36.692572],[-82.339955,36.691474],[-82.35676,36.693386],[-82.363149,36.692572],[-82.371938,36.686306],[-82.389475,36.668809],[-82.400095,36.665229],[-82.420033,36.661973],[-82.486073,36.637885],[-82.564524,36.620795],[-82.589101,36.609971],[-82.607981,36.590196],[-82.627797,36.545681],[-82.650502,36.528022],[-82.690826,36.514431],[-82.6905,36.511054],[-82.686391,36.505886],[-82.68456,36.499701],[-82.690826,36.493272],[-82.69929,36.492011],[-82.706858,36.494818],[-82.71345,36.498725],[-82.718821,36.5008],[-82.744944,36.500027],[-82.75475,36.497829],[-82.767201,36.493272],[-82.781484,36.482937],[-82.787709,36.4796],[-82.795237,36.479031],[-82.80012,36.481798],[-82.805572,36.483507],[-82.815012,36.4796],[-82.79719,36.45954],[-82.814687,36.456814],[-82.8426,36.462185],[-82.855946,36.46662],[-82.886708,36.428778],[-82.895741,36.423122],[-82.920766,36.416083],[-82.931711,36.411404],[-82.963938,36.386908],[-82.981313,36.377061],[-83.006825,36.369737],[-83.045766,36.365302],[-83.066762,36.367784],[-83.081899,36.377265],[-83.114858,36.363389],[-83.132639,36.358588],[-83.147084,36.356757],[-83.164784,36.351264],[-83.182118,36.324774],[-83.199208,36.315212],[-83.223256,36.303046],[-83.23644,36.30154],[-83.287343,36.30154],[-83.316721,36.293158],[-83.370473,36.26789],[-83.431752,36.223171],[-83.43814,36.216498],[-83.464996,36.179796],[-83.472971,36.17182],[-83.501943,36.166693],[-83.557281,36.180691],[-83.582834,36.17182],[-83.581939,36.16413],[-83.590932,36.155137],[-83.605092,36.147569],[-83.634104,36.142279],[-83.636098,36.136013],[-83.632558,36.126085],[-83.629994,36.113145],[-83.634389,36.103298],[-83.644114,36.1081],[-83.653717,36.118028],[-83.657867,36.123358],[-83.670888,36.125067],[-83.676015,36.120388],[-83.673736,36.110297],[-83.664703,36.096055],[-83.69579,36.103542],[-83.70523,36.099799],[-83.704254,36.091335],[-83.699818,36.081977],[-83.698842,36.075548],[-83.712392,36.065456],[-83.726145,36.063056],[-83.74177,36.063503],[-83.760935,36.061957],[-83.789377,36.051459],[-83.81428,36.034247],[-83.853017,35.998603],[-83.84911,35.986192],[-83.860463,35.9713],[-83.872914,35.960883],[-83.888173,35.954698],[-83.907786,35.952704],[-83.911977,35.951361],[-83.934397,35.938178],[-83.939036,35.939805],[-83.943674,35.943305],[-83.94933,35.945258],[-83.957997,35.942491],[-83.967763,35.936306],[-83.975982,35.929389],[-83.980051,35.92475],[-83.977447,35.911973],[-83.963694,35.877265],[-83.969472,35.870144]]]}},{"type":"Feature","properties":{"name":"Fraser","name_en":"Fraser","scalerank":5,"min_zoom":4.7},"geometry":{"type":"MultiLineString","coordinates":[[[-118.319,52.521999],[-118.33373,52.543891],[-118.339467,52.549262],[-118.368398,52.566677],[-118.572255,52.762152],[-118.587473,52.777777],[-118.595611,52.788153],[-118.598988,52.801703],[-118.599599,52.827012],[-118.610666,52.845323],[-118.911204,52.95246],[-118.921702,52.953966],[-118.931711,52.957099],[-118.955474,52.971259],[-118.96642,52.974433],[-118.969309,52.975857],[-118.982533,52.988715],[-118.991078,53.000352],[-118.997792,53.006171],[-119.050689,53.029161],[-119.080881,53.033881],[-119.156402,53.034003],[-119.183217,53.041571],[-119.197499,53.04267],[-119.222076,53.036933],[-119.291371,53.002387],[-119.346059,52.985541],[-119.402577,52.974433],[-119.458119,52.971706],[-119.475657,52.974392],[-119.488881,52.98017],[-119.512074,52.994981],[-119.525746,52.998318],[-119.538808,52.999579],[-119.549794,53.002956],[-119.559885,53.008857],[-119.570058,53.018134],[-119.568105,53.032416],[-119.581532,53.043158],[-119.602162,53.049872],[-119.621653,53.052191],[-119.639719,53.051581],[-119.648793,53.052558],[-119.652659,53.055935],[-119.65567,53.069037],[-119.663726,53.07213],[-119.674713,53.071479],[-119.686838,53.07335],[-119.84439,53.1553],[-119.848378,53.154079],[-119.851308,53.150214],[-119.855051,53.147895],[-119.865142,53.154405],[-119.877309,53.160346],[-119.916331,53.169135],[-119.923248,53.172309],[-119.940012,53.196234],[-119.960357,53.201972],[-120.006825,53.205024],[-120.02538,53.213568],[-120.06192,53.250434],[-120.070953,53.257676],[-120.092926,53.267198],[-120.124338,53.304145],[-120.163075,53.319932],[-120.208974,53.353705],[-120.234853,53.361355],[-120.264394,53.364691],[-120.288971,53.373725],[-120.41983,53.44949],[-120.414947,53.461046],[-120.418935,53.468451],[-120.428538,53.473253],[-120.440297,53.477403],[-120.448313,53.478624],[-120.466176,53.477118],[-120.474477,53.477403],[-120.480336,53.48017],[-120.492421,53.489081],[-120.498647,53.491034],[-120.526275,53.495551],[-120.537587,53.507514],[-120.544016,53.524929],[-120.556996,53.545681],[-120.578114,53.553534],[-120.623443,53.546332],[-120.632069,53.55622],[-120.628529,53.571112],[-120.632883,53.577257],[-120.664296,53.580837],[-120.672597,53.584255],[-120.692372,53.607978],[-120.700754,53.621609],[-120.707834,53.62755],[-120.722646,53.63349],[-120.75064,53.635525],[-120.762441,53.63821],[-120.831532,53.680609],[-120.858632,53.689724],[-120.878,53.690741],[-120.886464,53.692084],[-120.89273,53.696479],[-120.89387,53.702501],[-120.891021,53.709011],[-120.887359,53.714423],[-120.885976,53.717597],[-120.897939,53.73489],[-120.899648,53.741156],[-120.906077,53.743272],[-120.944244,53.737494],[-120.953847,53.740668],[-120.988393,53.758612],[-121.058217,53.764106],[-121.077748,53.771593],[-121.069081,53.789618],[-121.085846,53.789984],[-121.125559,53.779079],[-121.135121,53.784532],[-121.163401,53.816596],[-121.172515,53.820258],[-121.195872,53.81391],[-121.207509,53.813178],[-121.215199,53.817654],[-121.224965,53.830878],[-121.232004,53.833686],[-121.235585,53.835801],[-121.240468,53.840522],[-121.255849,53.847357],[-121.267445,53.846544],[-121.283518,53.83747],[-121.290028,53.82685],[-121.302113,53.835883],[-121.312815,53.848212],[-121.322336,53.856635],[-121.330963,53.854112],[-121.350209,53.863837],[-121.36148,53.875312],[-121.373931,53.884955],[-121.396474,53.888943],[-121.40217,53.890937],[-121.405019,53.895453],[-121.406972,53.899929],[-121.40982,53.901923],[-121.417104,53.901068],[-121.43399,53.895087],[-121.434722,53.890652],[-121.444488,53.881944],[-121.455881,53.879096],[-121.461334,53.892035],[-121.473134,53.908881],[-121.500356,53.915147],[-121.550689,53.915595],[-121.598704,53.925401],[-121.646881,53.943549],[-121.646881,53.950385],[-121.634348,53.961615],[-121.64509,53.976752],[-121.666982,53.99079],[-121.687896,53.998806],[-121.658925,54.007025],[-121.653147,54.011786],[-121.656117,54.021064],[-121.667348,54.026679],[-121.68163,54.029486],[-121.693715,54.030219],[-121.702748,54.033311],[-121.716176,54.046983],[-121.727528,54.050116],[-121.739654,54.046088],[-121.746002,54.038275],[-121.752838,54.032986],[-121.766265,54.036444],[-121.773508,54.04324],[-121.786285,54.063544],[-121.79304,54.071234],[-121.803049,54.076687],[-121.825592,54.085557],[-121.858144,54.108466],[-121.904286,54.123155],[-121.923329,54.132636],[-121.962758,54.167304],[-121.985422,54.181586],[-122.128814,54.200303],[-122.135406,54.20539],[-122.137115,54.211249],[-122.139882,54.217068],[-122.149892,54.222032],[-122.157704,54.221544],[-122.193959,54.214545],[-122.255727,54.214545],[-122.272125,54.216661],[-122.282582,54.221991],[-122.290761,54.228705],[-122.300771,54.235053],[-122.329986,54.247992],[-122.364084,54.258612],[-122.397857,54.260077],[-122.426747,54.245632],[-122.442738,54.235216],[-122.460317,54.231716],[-122.498687,54.228217],[-122.510081,54.223578],[-122.546498,54.200303],[-122.537913,54.190253],[-122.536488,54.179307],[-122.542795,54.170478],[-122.557118,54.166815],[-122.561879,54.166327],[-122.566029,54.16474],[-122.569569,54.162055],[-122.575592,54.153428],[-122.578277,54.150458],[-122.581899,54.148139],[-122.587636,54.145575],[-122.586578,54.136542],[-122.579172,54.12995],[-122.569081,54.126085],[-122.559885,54.125067],[-122.559071,54.11579],[-122.560699,54.105089],[-122.564443,54.094916],[-122.569692,54.087429],[-122.579172,54.081977],[-122.600819,54.07449],[-122.608225,54.067206],[-122.60969,54.063178],[-122.61144,54.054633],[-122.613108,54.050482],[-122.615631,54.046942],[-122.618723,54.043891],[-122.625803,54.038845],[-122.664784,54.022284],[-122.673411,54.013536],[-122.674794,54.005642],[-122.67219,53.99787],[-122.667307,53.990749],[-122.662099,53.984687],[-122.70401,53.978054],[-122.71052,53.974718],[-122.706614,53.963568],[-122.692372,53.947089],[-122.693105,53.940619],[-122.716298,53.923692],[-122.736806,53.912543],[-122.750071,53.897406],[-122.751454,53.868598],[-122.715972,53.76321],[-122.717152,53.725898],[-122.721425,53.717108],[-122.733306,53.699408],[-122.734771,53.690212],[-122.730621,53.682685],[-122.71581,53.671332],[-122.711252,53.663886],[-122.711903,53.654079],[-122.720286,53.635932],[-122.720774,53.624701],[-122.717681,53.610541],[-122.71935,53.595404],[-122.72232,53.585639],[-122.725901,53.578437],[-122.727366,53.570583],[-122.72411,53.558661],[-122.678049,53.515692],[-122.685658,53.49254],[-122.675201,53.467353],[-122.659291,53.443549],[-122.650502,53.424872],[-122.657216,53.404853],[-122.676259,53.397244],[-122.776723,53.396999],[-122.804677,53.393134],[-122.827992,53.383979],[-122.886057,53.321845],[-122.882314,53.317979],[-122.8697,53.300605],[-122.863108,53.288398],[-122.853586,53.283962],[-122.832265,53.278917],[-122.809438,53.270209],[-122.794545,53.261583],[-122.783193,53.249823],[-122.73412,53.181912],[-122.71935,53.165961],[-122.700754,53.155788],[-122.655995,53.148749],[-122.63679,53.138983],[-122.621449,53.128119],[-122.56664,53.103339],[-122.558013,53.097276],[-122.556264,53.091132],[-122.559682,53.084418],[-122.566721,53.076728],[-122.561879,53.071967],[-122.550445,53.065538],[-122.545155,53.061632],[-122.541331,53.057196],[-122.538319,53.052029],[-122.533762,53.040717],[-122.517568,52.977322],[-122.489654,52.93004],[-122.458892,52.895372],[-122.447825,52.876532],[-122.44933,52.853095],[-122.462758,52.828681],[-122.464345,52.821316],[-122.464263,52.814521],[-122.462758,52.800564],[-122.463206,52.792589],[-122.469594,52.772162],[-122.470815,52.764472],[-122.474273,52.693061],[-122.477691,52.678005],[-122.479237,52.674425],[-122.483754,52.667914],[-122.485748,52.664415],[-122.488026,52.654364],[-122.485992,52.646186],[-122.47761,52.629462],[-122.475087,52.611925],[-122.482777,52.580268],[-122.484486,52.563585],[-122.479604,52.550971],[-122.469472,52.543158],[-122.457387,52.536811],[-122.446645,52.528876],[-122.440175,52.518175],[-122.433583,52.494574],[-122.428293,52.483751],[-122.39509,52.436347],[-122.387359,52.419216],[-122.379994,52.392279],[-122.374135,52.379828],[-122.364491,52.370673],[-122.35261,52.365668],[-122.326568,52.358995],[-122.308176,52.352118],[-122.301829,52.3487],[-122.296132,52.34455],[-122.2919,52.339301],[-122.289866,52.332587],[-122.290679,52.327175],[-122.29247,52.321804],[-122.293202,52.315538],[-122.29186,52.309638],[-122.282135,52.295233],[-122.279205,52.288153],[-122.277577,52.280707],[-122.276763,52.196479],[-122.288889,52.147732],[-122.290395,52.12877],[-122.286977,52.11046],[-122.268666,52.050889],[-122.26769,52.042019],[-122.263417,52.025946],[-122.262441,52.016466],[-122.264556,52.007758],[-122.273997,51.996894],[-122.276112,51.988837],[-122.273061,51.970649],[-122.2683,51.960476],[-122.268178,51.950751],[-122.299306,51.910224],[-122.311879,51.900743],[-122.327016,51.896999],[-122.34789,51.89411],[-122.371083,51.886542],[-122.386952,51.875434],[-122.385976,51.862169],[-122.399078,51.843695],[-122.406565,51.810167],[-122.409088,51.776719],[-122.407704,51.758246],[-122.381459,51.734646],[-122.364084,51.722195],[-122.358957,51.715277],[-122.341461,51.683376],[-122.329823,51.671007],[-122.325307,51.662543],[-122.326039,51.65351],[-122.32787,51.64407],[-122.326731,51.634548],[-122.281117,51.556342],[-122.276845,51.543402],[-122.277211,51.516628],[-122.274159,51.50788],[-122.269439,51.50141],[-122.240875,51.471137],[-122.229482,51.455593],[-122.221425,51.438585],[-122.22057,51.422065],[-122.227773,51.39114],[-122.238108,51.3664],[-122.243072,51.34748],[-122.243479,51.328681],[-122.236155,51.313178],[-122.228017,51.306342],[-122.200917,51.289252],[-122.194447,51.281765],[-122.181711,51.255398],[-122.17634,51.246894],[-122.157216,51.225531],[-122.153635,51.218533],[-122.148752,51.20364],[-122.14509,51.196641],[-122.13858,51.189399],[-122.130605,51.183865],[-122.121693,51.179755],[-122.064605,51.163113],[-122.051625,51.154649],[-122.044789,51.145697],[-122.040761,51.136908],[-122.035878,51.128689],[-122.026479,51.121649],[-121.978668,51.100043],[-121.964345,51.090033],[-121.951161,51.072211],[-121.926503,51.020209],[-121.923329,51.008124]],[[-121.923329,51.008124],[-121.917144,51.008124]],[[-121.923329,51.008124],[-121.90567,50.999945],[-121.88679,50.984483],[-121.870758,50.965277],[-121.861928,50.946072],[-121.861236,50.923163],[-121.872467,50.879218],[-121.878245,50.827582],[-121.875559,50.815741],[-121.869211,50.805854],[-121.851796,50.791205],[-121.848256,50.784695],[-121.845448,50.767646],[-121.848948,50.764512],[-121.861928,50.761054],[-121.874989,50.759467],[-121.885894,50.76142],[-121.909739,50.774726],[-121.925649,50.760932],[-121.928822,50.739814],[-121.923329,50.695868],[-121.917958,50.677354],[-121.905019,50.663113],[-121.875559,50.637519],[-121.84675,50.601386],[-121.77359,50.530707],[-121.753774,50.521186],[-121.744618,50.514024],[-121.700551,50.4383],[-121.686594,50.429063],[-121.680735,50.407416],[-121.67634,50.363837],[-121.657704,50.332302],[-121.599477,50.266466],[-121.580719,50.232856],[-121.578928,50.218288],[-121.58141,50.186957],[-121.580719,50.172065],[-121.560211,50.109931],[-121.551096,50.063096],[-121.54662,50.048529],[-121.537709,50.033393],[-121.528554,50.023505],[-121.521474,50.013129],[-121.515492,49.982204],[-121.507314,49.969672],[-121.484771,49.949652],[-121.46581,49.936713],[-121.456776,49.929023],[-121.450754,49.920111],[-121.447743,49.905707],[-121.445424,49.788275],[-121.43871,49.772895],[-121.429311,49.75849],[-121.423899,49.74372],[-121.428863,49.726874],[-121.424224,49.725613],[-121.434641,49.707343],[-121.439565,49.689154],[-121.43871,49.670356],[-121.431549,49.650499],[-121.418813,49.626288],[-121.413808,49.613552],[-121.411733,49.600165],[-121.413726,49.588813],[-121.430816,49.560248],[-121.433339,49.55036],[-121.432932,49.540798],[-121.426625,49.51081],[-121.427113,49.501247],[-121.435536,49.469835],[-121.43692,49.45836],[-121.436187,49.434597],[-121.44343,49.403266],[-121.466461,49.384548],[-121.497914,49.376044],[-121.530141,49.375556],[-121.549184,49.377305],[-121.558217,49.376736],[-121.567372,49.373603],[-121.599843,49.351426],[-121.628326,49.337836],[-121.636586,49.330756],[-121.655588,49.309638],[-121.684967,49.29206],[-121.691274,49.284247],[-121.695424,49.271674],[-121.699574,49.24018],[-121.703603,49.230902],[-121.721262,49.214911],[-121.742665,49.208808],[-121.8426,49.209174],[-121.890004,49.219428],[-121.905914,49.218858],[-122.000111,49.201483],[-122.059722,49.179389],[-122.199818,49.167914],[-122.213124,49.163886],[-122.232045,49.151964],[-122.313832,49.117377],[-122.330922,49.113227],[-122.347808,49.114814],[-122.364125,49.124213],[-122.397572,49.152655],[-122.416249,49.163926],[-122.437245,49.170844],[-122.462961,49.173407],[-122.54308,49.170844],[-122.565012,49.176947],[-122.595041,49.204617],[-122.615387,49.21247],[-122.640452,49.209581],[-122.683461,49.189399],[-122.707875,49.184516],[-122.715647,49.188015],[-122.735015,49.204047],[-122.738922,49.209052],[-122.745351,49.215155],[-122.759836,49.22016],[-122.786733,49.22545],[-122.835113,49.226182],[-122.861887,49.222968],[-122.878896,49.215888],[-122.886952,49.209906],[-122.905385,49.200954],[-122.913401,49.195095],[-122.930979,49.177558],[-122.940419,49.169989],[-122.951243,49.164008],[-122.972768,49.15998],[-123.024241,49.157782],[-123.040598,49.150987]]]}},{"type":"Feature","properties":{"name":"Sprague","name_en":"Sprague","scalerank":5,"min_zoom":4.7},"geometry":{"type":"MultiLineString","coordinates":[[[-120.881825,42.400417],[-120.929026,42.400417],[-120.980824,42.407253],[-120.988922,42.410509],[-121.022084,42.431708],[-121.048451,42.440701],[-121.123606,42.458441],[-121.20519,42.464667],[-121.255849,42.475531],[-121.441274,42.473334],[-121.565907,42.495307],[-121.595937,42.511664],[-121.608022,42.547797],[-121.616607,42.554145],[-121.670074,42.571723],[-121.681956,42.585232],[-121.688791,42.598497],[-121.69811,42.60871],[-121.717275,42.612657],[-121.726145,42.610785],[-121.742299,42.60224],[-121.752065,42.599636],[-121.760406,42.600287],[-121.779205,42.605292],[-121.789296,42.606472],[-121.809682,42.60102],[-121.82726,42.589057],[-121.84142,42.577175],[-121.851389,42.571723],[-121.864003,42.566759],[-121.876088,42.555203],[-121.895416,42.530707],[-121.93928,42.492987],[-121.950673,42.476142]]]}},{"type":"Feature","properties":{"name":"R. des Outaouais","name_en":"R. des Outaouais","scalerank":6,"min_zoom":5},"geometry":{"type":"MultiLineString","coordinates":[[[-77.527252,47.74433],[-77.525868,47.755968],[-77.526967,47.776394],[-77.525706,47.792914],[-77.526967,47.819403],[-77.545806,47.840033],[-77.559682,47.841986],[-77.559682,47.841905]],[[-78.723744,47.684678],[-78.723948,47.68419],[-78.724029,47.683702],[-78.726796,47.675808],[-78.739735,47.668809],[-78.756825,47.667263],[-78.800364,47.659613],[-78.812815,47.656358],[-78.812856,47.656358]],[[-77.325754,47.62226],[-77.325592,47.62226],[-77.310699,47.620714],[-77.298492,47.607978],[-77.30724,47.591661],[-77.304758,47.578192],[-77.28954,47.563788],[-77.287343,47.544704],[-77.293853,47.522976],[-77.276194,47.508653],[-77.244985,47.494981],[-77.216624,47.496283],[-77.189443,47.504665],[-77.170644,47.514919],[-77.15095,47.53795],[-77.128489,47.543402],[-77.115102,47.530544],[-77.111073,47.507432],[-77.097279,47.483344],[-77.07136,47.475165],[-77.049631,47.478827],[-77.031606,47.486355],[-77.016916,47.485541],[-76.979604,47.465684],[-76.964589,47.465196],[-76.950185,47.475124],[-76.934804,47.487576]],[[-77.46288,47.546495],[-77.473215,47.540473],[-77.490956,47.537177],[-77.499338,47.542792],[-77.502105,47.559597],[-77.49885,47.578192],[-77.487172,47.596747],[-77.490793,47.610907],[-77.50829,47.609198],[-77.526194,47.603949],[-77.546783,47.593085],[-77.557973,47.581244],[-77.569163,47.565741],[-77.58495,47.549018],[-77.598948,47.543402],[-77.632436,47.539659],[-77.647206,47.550116],[-77.653554,47.578192],[-77.646392,47.60102],[-77.606353,47.63406],[-77.584543,47.647244],[-77.557973,47.657579],[-77.547027,47.665554],[-77.544504,47.670681]]]}},{"type":"Feature","properties":{"name":"R. des Outaouais","name_en":"R. des Outaouais","scalerank":6,"min_zoom":5},"geometry":{"type":"MultiLineString","coordinates":[[[-77.559682,47.841986],[-77.588816,47.823513],[-77.639801,47.780219],[-77.668284,47.765652],[-77.685699,47.763536],[-77.720937,47.765082],[-77.737172,47.759385],[-77.746449,47.748358],[-77.759877,47.716986],[-77.77066,47.704169],[-77.785064,47.696357],[-77.791412,47.69949],[-77.805328,47.742133],[-77.810536,47.75141],[-77.819936,47.757514],[-77.872141,47.781806],[-77.889638,47.787543],[-77.908437,47.78738],[-77.922027,47.779853],[-77.934682,47.769965],[-77.946156,47.766872],[-77.956288,47.779893],[-77.945546,47.787706],[-77.942738,47.797675],[-77.945872,47.808132],[-77.95287,47.81745],[-77.968577,47.825629],[-77.982289,47.821479],[-78.000966,47.804145],[-78.018178,47.784003],[-78.034576,47.754991],[-78.046986,47.72309],[-78.051869,47.694281],[-78.067983,47.671332],[-78.104644,47.67947],[-78.169179,47.711005],[-78.214182,47.707221],[-78.230621,47.711005],[-78.244456,47.718329],[-78.254628,47.727362],[-78.256093,47.737006],[-78.243642,47.746405],[-78.255523,47.756903],[-78.272369,47.755968],[-78.290395,47.748399],[-78.305735,47.738959],[-78.323964,47.776923],[-78.350413,47.810614],[-78.359527,47.817003],[-78.381215,47.824571],[-78.40453,47.839423],[-78.414255,47.836534],[-78.423736,47.830349],[-78.436106,47.828315],[-78.450673,47.840522],[-78.461049,47.863796],[-78.463246,47.88642],[-78.453114,47.896593],[-78.446889,47.900824],[-78.438832,47.910224],[-78.435292,47.919623],[-78.44286,47.923896],[-78.498118,47.930732],[-78.545277,47.923896],[-78.556874,47.927761],[-78.578725,47.941433],[-78.589955,47.944403],[-78.612864,47.943305],[-78.634674,47.939887],[-78.655588,47.933621],[-78.675649,47.923896],[-78.696156,47.909532],[-78.713857,47.891303],[-78.726226,47.869737],[-78.736928,47.822943],[-78.748525,47.804755],[-78.756337,47.785264],[-78.750722,47.759385],[-78.734527,47.736274],[-78.721791,47.723985],[-78.716786,47.710517],[-78.724029,47.683702]],[[-77.544504,47.670681],[-77.535308,47.705105],[-77.52892,47.72016],[-77.527252,47.74433]],[[-78.812815,47.656358],[-78.868072,47.629747],[-78.887929,47.616034],[-78.922434,47.585883],[-78.941721,47.572943],[-78.982411,47.560167],[-79.022613,47.527289],[-79.045562,47.519843],[-79.061391,47.523464],[-79.084137,47.532823],[-79.099721,47.546007],[-79.093984,47.560818],[-79.11148,47.581244],[-79.135121,47.588813],[-79.190175,47.58808],[-79.198476,47.586005],[-79.220448,47.576606],[-79.234242,47.57449],[-79.252024,47.577216],[-79.278472,47.590766],[-79.292592,47.595526],[-79.319244,47.594672],[-79.349192,47.589301],[-79.379018,47.587755],[-79.430287,47.606879],[-79.459543,47.60224],[-79.484934,47.589789],[-79.495758,47.576972]],[[-77.325592,47.62226],[-77.368642,47.613389],[-77.40038,47.592312],[-77.427398,47.567206],[-77.46288,47.546495]],[[-76.819325,47.517361],[-76.898997,47.54446],[-76.915354,47.546495],[-76.922841,47.53502],[-76.924631,47.517401],[-76.928456,47.499132],[-76.934804,47.487576]]]}},{"type":"Feature","properties":{"name":"Ottawa","name_en":"Ottawa","scalerank":6,"min_zoom":5},"geometry":{"type":"MultiLineString","coordinates":[[[-79.165517,46.827175],[-79.204701,46.854682],[-79.25064,46.889472],[-79.292144,46.928778],[-79.325917,46.977403],[-79.352406,47.010037],[-79.355458,47.024522],[-79.366689,47.03323],[-79.380727,47.03616],[-79.396474,47.049831],[-79.431386,47.086859],[-79.447255,47.131659],[-79.44518,47.162421],[-79.440094,47.193468],[-79.436513,47.225043],[-79.438954,47.257107],[-79.445465,47.274604],[-79.456044,47.29031],[-79.469065,47.304755],[-79.482655,47.318427],[-79.504954,47.340847],[-79.528147,47.365587],[-79.554189,47.391466],[-79.57136,47.417507],[-79.580434,47.451728],[-79.572865,47.483954],[-79.554311,47.513536],[-79.530588,47.540107],[-79.516672,47.565619],[-79.516265,47.568671],[-79.495758,47.576972]]]}},{"type":"Feature","properties":{"name":"Ottawa","name_en":"Ottawa","scalerank":6,"min_zoom":5},"geometry":{"type":"MultiLineString","coordinates":[[[-79.165517,46.827175],[-79.096303,46.704291],[-79.073557,46.676337],[-79.034088,46.653632],[-79.013905,46.638251],[-79.005238,46.618272],[-79.001454,46.595649],[-78.991689,46.57331],[-78.964263,46.532986],[-78.931793,46.49962],[-78.891347,46.469997],[-78.75414,46.401313],[-78.737416,46.385606],[-78.730865,46.364773],[-78.719879,46.346991],[-78.694163,46.336453],[-78.422434,46.293321],[-78.372914,46.293728],[-78.345123,46.288886],[-78.332997,46.275702],[-78.32079,46.265937],[-78.29304,46.265489],[-78.243642,46.272284],[-78.110951,46.262519],[-78.045644,46.238105],[-77.92101,46.235541],[-77.722524,46.19363],[-77.682118,46.186591]],[[-77.68399,46.187201],[-77.658518,46.183783],[-77.469146,46.115017],[-77.408315,46.077989],[-77.397572,46.072943],[-77.372996,46.063666]],[[-77.371327,46.062812],[-77.349965,46.051947],[-77.338816,46.044949],[-77.305287,46.025499],[-77.282582,45.998847],[-77.282175,45.96601],[-77.267445,45.936469],[-77.239125,45.918077],[-77.208974,45.907538],[-77.17634,45.89822],[-77.119252,45.892442],[-77.067209,45.891628],[-77.017201,45.888943],[-76.964711,45.88996],[-76.926829,45.892401],[-76.902537,45.892401]],[[-76.902537,45.892401],[-76.877675,45.895819],[-76.857086,45.894599],[-76.81786,45.88581],[-76.797434,45.875434],[-76.786041,45.861599],[-76.781158,45.843614],[-76.778554,45.799384],[-76.773549,45.779242],[-76.765492,45.760037],[-76.754628,45.741034],[-76.73884,45.737494],[-76.725901,45.731391],[-76.715403,45.721869],[-76.707021,45.707872],[-76.702626,45.691718],[-76.698598,45.661404],[-76.690297,45.647895],[-76.672556,45.630154],[-76.666493,45.621161],[-76.655141,45.591905],[-76.647572,45.580756],[-76.637318,45.572333],[-76.622996,45.564968],[-76.596303,45.555609],[-76.499664,45.538031],[-76.461781,45.526313],[-76.439768,45.523708],[-76.432932,45.522081],[-76.411733,45.512152],[-76.403757,45.511054],[-76.401967,45.502997],[-76.390207,45.498399],[-76.367909,45.482978],[-76.356068,45.476752],[-76.343617,45.473456],[-76.314768,45.470974],[-76.301096,45.471706],[-76.288889,45.473944],[-76.260569,45.484198],[-76.249989,45.490994],[-76.246775,45.495388],[-76.240142,45.507595],[-76.235504,45.512803],[-76.228627,45.517768],[-76.223378,45.519843],[-76.155019,45.529364],[-76.12857,45.529608],[-76.04894,45.515326],[-76.023264,45.505316],[-76.009755,45.487901],[-75.998931,45.486355],[-75.969594,45.474311],[-75.959543,45.468573],[-75.939565,45.451606],[-75.929758,45.441189],[-75.925282,45.433417],[-75.912831,45.426947],[-75.882069,45.399441],[-75.869496,45.392524],[-75.855621,45.388495],[-75.841135,45.387071],[-75.775706,45.393744],[-75.761383,45.399929],[-75.752553,45.407416],[-75.729197,45.435126],[-75.707265,45.45539],[-75.68342,45.468451],[-75.656565,45.475369],[-75.592885,45.47956],[-75.360504,45.543647],[-75.310658,45.568061],[-75.283681,45.576524],[-75.05309,45.595893],[-75.024322,45.606553],[-74.993967,45.622667],[-74.966542,45.633083],[-74.937611,45.637559],[-74.775217,45.632392],[-74.714263,45.641303],[-74.696767,45.641628],[-74.69107,45.642605],[-74.684438,45.645616],[-74.671946,45.653632],[-74.665354,45.656195],[-74.643788,45.655951],[-74.622996,45.647895],[-74.585683,45.625922],[-74.5454,45.608751],[-74.504506,45.597439],[-74.457265,45.594997],[-74.396596,45.574774],[-74.377553,45.560899]],[[-76.902537,45.892401],[-76.902333,45.892401],[-76.902089,45.892442]]]}},{"type":"Feature","properties":{"name":"Salinas","name_en":"Salinas","scalerank":10,"min_zoom":7.2},"geometry":{"type":"MultiLineString","coordinates":[[[-120.320058,35.364854],[-120.319651,35.345242],[-120.319732,35.344997],[-120.35025,35.329901],[-120.387034,35.320746],[-120.444692,35.334499],[-120.500966,35.354193],[-120.508372,35.360297],[-120.546864,35.390733],[-120.58019,35.425076],[-120.620188,35.462999],[-120.65331,35.496202],[-120.689931,35.537543],[-120.693837,35.541938],[-120.712026,35.554511],[-120.713694,35.564154],[-120.706858,35.582587],[-120.697662,35.607245],[-120.694203,35.646837],[-120.695139,35.693712],[-120.695872,35.708808],[-120.697174,35.736762],[-120.702952,35.760932],[-120.738881,35.816677],[-120.77359,35.857489],[-120.827748,35.888861],[-120.854237,35.945828],[-120.888824,36.000027]]]}},{"type":"Feature","properties":{"name":"St. Lawrence","name_en":"St. Lawrence","scalerank":2,"min_zoom":2.1},"geometry":{"type":"MultiLineString","coordinates":[[[-74.712961,44.999294],[-74.742299,44.999091],[-74.869252,45.010321],[-74.887278,45.009589],[-74.90453,45.005439],[-74.940907,44.987982],[-74.99942,44.972683],[-75.015696,44.966173],[-75.059478,44.94127],[-75.076405,44.935736],[-75.130442,44.925401],[-75.270985,44.86404],[-75.70051,44.581895],[-75.755442,44.527859],[-75.791982,44.497016]]]}},{"type":"Feature","properties":{"name":"San Joaquin","name_en":"San Joaquin","scalerank":6,"min_zoom":5},"geometry":{"type":"MultiLineString","coordinates":[[[-119.697906,37.000434],[-119.667063,37.016872],[-119.649322,37.025214],[-119.617055,37.037665],[-119.600819,37.062323]]]}},{"type":"Feature","properties":{"name":"San Joaquin","name_en":"San Joaquin","scalerank":6,"min_zoom":5},"geometry":{"type":"MultiLineString","coordinates":[[[-121.203969,37.651394],[-121.25182,37.695828],[-121.249257,37.702501],[-121.239125,37.715766],[-121.238149,37.719672],[-121.246002,37.725613],[-121.254791,37.726874],[-121.263661,37.724555],[-121.271637,37.719672],[-121.272694,37.750312],[-121.292144,37.796007],[-121.309722,37.881781],[-121.309316,37.907416],[-121.299631,37.932563],[-121.308949,37.936794],[-121.310455,37.943305],[-121.310129,37.951239],[-121.313832,37.959906],[-121.322377,37.967068],[-121.338694,37.973944],[-121.348012,37.980333],[-121.365305,37.995673],[-121.378285,38.003852],[-121.394846,38.007107],[-121.42634,38.007676],[-121.445424,38.00377]],[[-118.736724,37.095974],[-118.757721,37.124091],[-118.789174,37.179307],[-118.808217,37.203192],[-118.825022,37.216661],[-118.846588,37.227607],[-118.915354,37.242255],[-118.931956,37.250841],[-118.946116,37.271755],[-118.957753,37.3074],[-118.976308,37.323106],[-119.017649,37.341254],[-119.040639,37.347439],[-119.062611,37.34988],[-119.081614,37.354926],[-119.093088,37.367296],[-119.107289,37.398261],[-119.113881,37.406684],[-119.13858,37.425849],[-119.144195,37.431912],[-119.167104,37.465399],[-119.17809,37.477118],[-119.191314,37.48371],[-119.207509,37.481798],[-119.218373,37.473944],[-119.237945,37.439521],[-119.295766,37.375271],[-119.30602,37.357856],[-119.312082,37.339057],[-119.316151,37.283637],[-119.318959,37.274929],[-119.32726,37.258368],[-119.336171,37.217231],[-119.341949,37.20307],[-119.361928,37.176296],[-119.372222,37.166693],[-119.384429,37.162055],[-119.400624,37.164008],[-119.427113,37.175076],[-119.442983,37.178331],[-119.452219,37.173041],[-119.455068,37.15644],[-119.457875,37.148993],[-119.464467,37.143907],[-119.472279,37.143134],[-119.500885,37.146186],[-119.520904,37.143581],[-119.529937,37.139594],[-119.536041,37.132107],[-119.53718,37.121039],[-119.531321,37.099473],[-119.533803,37.088568],[-119.54662,37.076972],[-119.564524,37.070746],[-119.600738,37.062527]],[[-119.697987,37.000434],[-119.708608,36.986762],[-119.723704,36.975165],[-119.733306,36.958279],[-119.736684,36.935574],[-119.740224,36.927191],[-119.748647,36.916815],[-119.758941,36.907986],[-119.767974,36.904161],[-119.774973,36.900214],[-119.785268,36.879747],[-119.7919,36.870673],[-119.806874,36.862006],[-119.824859,36.858018],[-119.870717,36.857001],[-119.881825,36.854804],[-119.900868,36.844997],[-119.911977,36.8428],[-119.925933,36.832546],[-119.933258,36.828803],[-119.939036,36.830512],[-119.944081,36.834093],[-119.949574,36.835964],[-119.967681,36.834499],[-120.012359,36.821885],[-120.024526,36.820868],[-120.034901,36.82571],[-120.051747,36.829698],[-120.07665,36.824652],[-120.12149,36.808621],[-120.130727,36.804145],[-120.155019,36.788764],[-120.16747,36.785915],[-120.200022,36.788764],[-120.219797,36.784491],[-120.257476,36.768134],[-120.278554,36.767646],[-120.288564,36.774237],[-120.300282,36.785264],[-120.312164,36.793647],[-120.322621,36.791856],[-120.337514,36.786241],[-120.349762,36.795111],[-120.358022,36.809149],[-120.361073,36.819159],[-120.374135,36.83572],[-120.425893,36.863389],[-120.429351,36.883734],[-120.439524,36.893866],[-120.437896,36.905829],[-120.43456,36.917996],[-120.43928,36.929023],[-120.447987,36.937934],[-120.463002,36.958075],[-120.474355,36.969997],[-120.52477,37.049343],[-120.529286,37.062527],[-120.550852,37.094062],[-120.559722,37.103461],[-120.57372,37.110704],[-120.614369,37.117743],[-120.624908,37.124864],[-120.643666,37.145616],[-120.655263,37.151882],[-120.666412,37.152289],[-120.700266,37.148301],[-120.710561,37.144395],[-120.725901,37.151923],[-120.739613,37.162421],[-120.745473,37.175971],[-120.737213,37.192816],[-120.791127,37.229844],[-120.799916,37.24372],[-120.803212,37.268622],[-120.813303,37.283149],[-120.830149,37.290798],[-120.874827,37.300116],[-120.902333,37.30976],[-120.926259,37.323432],[-120.936431,37.339911],[-120.938466,37.345323],[-120.960317,37.378363],[-120.965566,37.400824],[-120.96996,37.411933],[-120.976308,37.418158],[-121.00536,37.439236],[-121.012034,37.44835],[-121.022369,37.467882],[-121.02892,37.476426],[-121.1315,37.567003],[-121.148508,37.585964],[-121.160512,37.6258],[-121.172678,37.636298],[-121.203969,37.651475]]]}},{"type":"Feature","properties":{"name":"Chattahoochee","name_en":"Chattahoochee","scalerank":6,"min_zoom":5},"geometry":{"type":"MultiLineString","coordinates":[[[-83.814768,34.363796],[-83.817006,34.363715],[-83.826039,34.365587],[-83.840932,34.36461],[-83.883656,34.337429],[-83.906077,34.325995],[-83.922515,34.315985],[-83.935414,34.305284],[-83.949778,34.282986],[-83.956858,34.257432],[-83.965321,34.236274],[-83.977447,34.220282],[-83.998402,34.212958],[-84.02245,34.212226],[-84.039174,34.20128],[-84.061757,34.177558],[-84.075592,34.166938]],[[-85.067209,31.635362],[-85.10143,31.675482],[-85.109609,31.692247],[-85.137196,31.803575],[-85.144032,31.823839],[-85.137563,31.84516],[-85.136586,31.851386],[-85.135162,31.856269],[-85.130198,31.869412],[-85.122182,31.902899],[-85.102773,31.941352],[-85.074615,31.980577],[-85.070546,31.985216],[-85.062001,32.000108],[-85.060536,32.003852],[-85.057118,32.028673],[-85.064443,32.050564]],[[-84.966379,30.922634],[-84.957834,30.915147],[-84.944163,30.891628],[-84.936676,30.867987],[-84.935455,30.825792],[-84.920562,30.760037],[-84.875885,30.719062],[-84.873931,30.719306]]]}},{"type":"Feature","properties":{"name":"Chattahoochee","name_en":"Chattahoochee","scalerank":6,"min_zoom":5},"geometry":{"type":"MultiLineString","coordinates":[[[-83.746246,34.715644],[-83.736399,34.711737],[-83.725982,34.709662],[-83.690582,34.706651],[-83.680816,34.70246],[-83.673085,34.695014],[-83.659779,34.674831],[-83.657053,34.667344],[-83.654042,34.650255],[-83.651357,34.641791],[-83.633453,34.600694],[-83.625111,34.567328],[-83.623769,34.550564],[-83.629994,34.536811],[-83.679799,34.474189],[-83.683665,34.466498],[-83.687123,34.44241],[-83.691965,34.435736],[-83.698557,34.430935],[-83.726918,34.399482],[-83.753489,34.378526],[-83.785227,34.364854],[-83.817006,34.363715]],[[-84.075592,34.166938],[-84.104237,34.146186],[-84.114817,34.065619],[-84.141103,34.047187],[-84.161977,34.04206],[-84.175649,34.030097],[-84.186513,34.016425],[-84.199127,34.006171],[-84.209055,34.003526],[-84.230092,34.002265],[-84.240102,33.999376],[-84.247914,33.994412],[-84.268056,33.971462],[-84.291656,33.987331],[-84.328521,34.00255],[-84.362416,34.006781],[-84.377268,33.989447],[-84.39094,33.96369],[-84.441477,33.916775],[-84.439361,33.896308],[-84.448069,33.884955],[-84.44933,33.874091],[-84.448842,33.86225],[-84.452382,33.847968],[-84.460561,33.837022],[-84.538035,33.781114],[-84.633656,33.685004],[-84.648183,33.677273],[-84.662913,33.663601],[-84.676015,33.654161],[-84.689198,33.64997],[-84.702626,33.648464],[-84.71349,33.644232],[-84.733551,33.628852],[-84.74885,33.6317],[-84.766916,33.622626],[-84.78189,33.609076],[-84.791086,33.59337],[-84.804758,33.585273],[-84.809316,33.581651],[-84.813547,33.570136],[-84.81607,33.540066],[-84.826527,33.525906],[-84.843332,33.510199],[-84.862701,33.497504],[-84.880971,33.492255],[-84.895375,33.485948],[-84.945872,33.444444],[-84.981272,33.45421],[-85.016998,33.432725],[-85.044667,33.395697],[-85.060618,33.340928],[-85.086171,33.306586],[-85.097279,33.286811],[-85.100209,33.265652],[-85.09496,33.247748],[-85.087473,33.231391],[-85.083608,33.214464],[-85.077056,33.211249],[-85.063588,33.207099],[-85.052235,33.201606],[-85.052317,33.194037],[-85.05724,33.186957],[-85.060414,33.178249],[-85.063832,33.149359],[-85.068105,33.142035],[-85.075592,33.137519],[-85.086741,33.136013],[-85.098459,33.132392],[-85.104156,33.123562],[-85.114125,33.089545],[-85.114858,33.082831],[-85.116811,33.076972],[-85.124623,33.067694],[-85.16218,33.036078],[-85.175649,33.019477],[-85.187164,33.000596],[-85.193837,32.981472],[-85.19286,32.964057],[-85.201405,32.935126],[-85.168813,32.863105],[-85.171742,32.834337],[-85.170766,32.825507],[-85.167592,32.817694],[-85.162668,32.810655],[-85.156565,32.804267],[-85.136342,32.785834],[-85.130767,32.77912],[-85.139027,32.769558],[-85.135243,32.760037],[-85.125966,32.749783],[-85.117787,32.738105],[-85.111928,32.703315],[-85.101918,32.682725],[-85.101226,32.670111],[-85.103505,32.652452],[-85.097401,32.643012],[-85.085601,32.636339],[-85.077789,32.628445],[-85.083608,32.615261],[-85.01476,32.539496],[-85.003245,32.523017],[-84.999013,32.510281],[-84.994252,32.478095],[-84.986724,32.46247],[-84.976308,32.44831],[-84.967885,32.433417],[-84.966705,32.420315]],[[-84.966705,32.420315],[-84.966379,32.416042],[-84.966379,32.423448],[-84.966705,32.420315]],[[-84.966705,32.420315],[-84.968251,32.407294],[-84.974721,32.396104],[-84.978993,32.38642],[-84.973744,32.375027],[-84.995473,32.355089],[-84.992014,32.336778],[-84.972401,32.320502],[-84.924713,32.297065],[-84.915151,32.290351],[-84.909047,32.278998],[-84.90453,32.278266],[-84.900095,32.276231],[-84.898061,32.268907],[-84.900787,32.26081],[-84.907826,32.255398],[-84.916737,32.25255],[-84.925364,32.252143],[-84.919586,32.23961],[-84.922597,32.2296],[-84.930287,32.222235],[-84.939036,32.217393],[-84.956939,32.223904],[-84.971832,32.220649],[-84.975453,32.212429],[-84.959462,32.203721],[-84.971425,32.196112],[-84.987701,32.189521],[-85.004506,32.184923],[-85.017812,32.183214],[-85.024648,32.179511],[-85.031484,32.170356],[-85.047515,32.137519],[-85.049224,32.129096],[-85.048899,32.104438],[-85.05134,32.091417],[-85.061391,32.073839],[-85.064565,32.051052]],[[-85.067047,31.635199],[-85.058176,31.6164],[-85.056142,31.603787],[-85.055653,31.576524],[-85.053619,31.568793],[-85.044749,31.548855],[-85.042633,31.535224],[-85.048655,31.511583],[-85.059722,31.492621],[-85.065541,31.471991],[-85.055653,31.443386],[-85.076772,31.419501],[-85.083811,31.38288],[-85.089833,31.30622],[-85.094594,31.297309],[-85.107249,31.281684],[-85.11026,31.27143],[-85.10851,31.263536],[-85.099436,31.243923],[-85.097279,31.234198],[-85.102528,31.19835],[-85.101145,31.182563],[-85.089833,31.169623],[-85.069814,31.161078],[-85.042388,31.12877],[-85.0183,31.086737],[-85.005686,31.039822],[-84.996205,31.029324],[-84.994252,31.018826],[-84.997548,31.010565],[-85.003896,31.00434],[-85.00886,30.99669],[-85.007924,30.984076],[-85.003407,30.979682],[-84.985992,30.96894],[-84.97997,30.963568],[-84.974273,30.952704],[-84.966379,30.922634]],[[-84.875885,30.719062],[-84.879018,30.676947],[-84.904449,30.638048],[-84.99234,30.5421],[-85.003326,30.522081],[-85.007924,30.501166],[-85.014312,30.48664],[-85.016103,30.476142],[-85.011342,30.466376],[-85.001088,30.452663],[-85.0065,30.446397],[-85.018666,30.442572],[-85.028391,30.435981],[-85.033925,30.415595],[-85.029856,30.380968],[-85.03893,30.36404],[-85.049428,30.35163],[-85.051829,30.343533],[-85.048899,30.322699],[-85.051625,30.313422],[-85.069325,30.291368],[-85.085805,30.249945],[-85.096099,30.232286],[-85.12564,30.197333],[-85.134267,30.177761],[-85.148346,30.122585],[-85.147206,30.110297],[-85.138254,30.086534],[-85.133656,30.06448],[-85.130767,30.058661],[-85.103505,30.03502],[-85.088531,30.014675],[-85.022817,29.981309],[-85.007924,29.95246],[-85.015736,29.87462],[-85.019928,29.864122],[-85.020904,29.856879],[-85.02184,29.854031],[-85.026438,29.850531],[-85.028391,29.8463],[-85.028188,29.845526],[-85.02892,29.834093],[-85.028391,29.833319],[-85.039906,29.796983],[-85.040883,29.778917],[-85.031809,29.771267],[-85.017934,29.768378],[-84.988515,29.754991],[-84.973744,29.7508]]]}},{"type":"Feature","properties":{"name":"Alabama","name_en":"Alabama","scalerank":6,"min_zoom":5},"geometry":{"type":"MultiLineString","coordinates":[[[-86.200307,33.587836],[-86.205434,33.585069],[-86.208323,33.576483],[-86.198598,33.562608],[-86.198883,33.546902],[-86.213043,33.531928],[-86.223134,33.520046],[-86.231842,33.511542],[-86.23648,33.508002],[-86.246938,33.503445],[-86.271392,33.499945],[-86.294911,33.492214],[-86.319163,33.454901],[-86.329945,33.444444]],[[-86.521799,33.032091],[-86.520741,33.014106],[-86.515859,32.985622],[-86.510854,32.962714],[-86.507802,32.943956],[-86.502431,32.921942],[-86.493031,32.900987],[-86.478261,32.883083],[-86.459381,32.862087],[-86.446889,32.850938],[-86.451405,32.837836],[-86.452301,32.819403],[-86.446197,32.812038],[-86.44579,32.811591],[-86.445383,32.811225]]]}},{"type":"Feature","properties":{"name":"Alabama","name_en":"Alabama","scalerank":6,"min_zoom":5},"geometry":{"type":"MultiLineString","coordinates":[[[-85.182607,34.259467],[-85.19518,34.254014],[-85.219106,34.227851],[-85.234486,34.218451],[-85.252838,34.216417],[-85.332021,34.232042],[-85.342519,34.245714],[-85.350901,34.259711],[-85.371002,34.266913],[-85.38561,34.264106],[-85.417714,34.249783],[-85.436147,34.246405],[-85.437571,34.241238],[-85.422515,34.2296],[-85.401682,34.2178],[-85.385243,34.211697],[-85.388173,34.204535],[-85.392201,34.199083],[-85.397776,34.194892],[-85.405141,34.191189],[-85.424306,34.19949],[-85.430247,34.205634],[-85.432485,34.215115],[-85.439036,34.219916],[-85.453684,34.21544],[-85.476877,34.20421],[-85.482981,34.204617],[-85.501291,34.209174],[-85.536285,34.221869],[-85.552113,34.222724],[-85.566233,34.215115],[-85.577545,34.205512],[-85.58731,34.201606],[-85.597646,34.201768],[-85.610585,34.20421],[-85.617055,34.207343],[-85.621653,34.212185],[-85.626861,34.216579],[-85.635121,34.218451],[-85.641916,34.217475],[-85.653717,34.212836],[-85.658355,34.211697],[-85.686187,34.208686],[-85.709055,34.202989],[-85.754628,34.184353],[-85.747182,34.170193],[-85.734771,34.162055],[-85.706166,34.149604],[-85.700022,34.15705],[-85.691151,34.14407],[-85.709828,34.136257],[-85.739003,34.133734],[-85.761383,34.136542],[-85.753489,34.115261],[-85.745595,34.105048],[-85.748199,34.101874],[-85.771637,34.101833],[-85.781565,34.104682],[-85.791737,34.111599],[-85.799794,34.119493],[-85.802968,34.125678],[-85.80842,34.130561],[-85.820546,34.12877],[-85.840199,34.12226],[-85.853261,34.114936],[-85.829742,34.074408],[-85.830312,34.053331],[-85.847076,34.046942],[-85.870188,34.053494],[-85.912831,34.075059],[-85.910756,34.056667],[-85.904693,34.036444],[-85.895823,34.016669],[-85.884918,33.999376],[-85.900868,34.00019],[-85.914215,34.006781],[-85.926829,34.014716],[-85.940175,34.019843],[-85.949696,34.018337],[-85.960683,34.014431],[-85.973256,34.013251],[-85.987375,34.019843],[-85.993398,34.000556],[-85.98526,33.979844],[-85.969797,33.961982],[-85.953847,33.950954],[-85.953847,33.94477],[-86.000966,33.94477],[-86.012115,33.941759],[-86.059153,33.922227],[-86.061025,33.903998],[-86.059438,33.885362],[-86.069244,33.875841],[-86.059071,33.854763],[-86.05724,33.846055],[-86.056264,33.820624],[-86.057525,33.820339],[-86.060292,33.817572],[-86.062734,33.813015],[-86.063059,33.806952],[-86.057688,33.797187],[-86.049469,33.790717],[-86.042836,33.784003],[-86.041982,33.773464],[-86.071034,33.75495],[-86.093861,33.747585],[-86.113271,33.737616],[-86.130686,33.725409],[-86.138173,33.714789],[-86.143381,33.690619],[-86.157094,33.686103],[-86.17691,33.690212],[-86.200266,33.691514],[-86.178049,33.662665],[-86.166819,33.644395],[-86.169545,33.636298],[-86.187082,33.630968],[-86.189849,33.618109],[-86.190175,33.60224],[-86.200266,33.587917]],[[-86.329945,33.444444],[-86.339589,33.432481],[-86.352651,33.423163],[-86.378407,33.409735],[-86.361724,33.395535],[-86.353831,33.386908],[-86.350453,33.378974],[-86.353668,33.368842],[-86.367747,33.354071],[-86.370961,33.34516],[-86.366282,33.31448],[-86.370717,33.299425],[-86.388905,33.293036],[-86.406972,33.292019],[-86.421132,33.287787],[-86.430328,33.27851],[-86.433665,33.262641],[-86.437652,33.261583],[-86.454661,33.253974],[-86.456899,33.252061],[-86.464223,33.247992],[-86.46467,33.238552],[-86.460317,33.221015],[-86.466705,33.214667],[-86.480133,33.212104],[-86.492299,33.204698],[-86.494456,33.183783],[-86.487864,33.170925],[-86.460317,33.142198],[-86.467885,33.130316],[-86.496816,33.118354],[-86.508697,33.10871],[-86.513661,33.095893],[-86.516672,33.078477],[-86.517486,33.062608],[-86.515533,33.054063],[-86.519643,33.048651],[-86.520904,33.043769],[-86.521799,33.032335]],[[-86.446197,32.812038],[-86.392812,32.764919],[-86.370269,32.751288],[-86.362213,32.733751],[-86.350453,32.697211],[-86.331532,32.672187],[-86.223012,32.578681],[-86.208811,32.559272],[-86.21052,32.542914],[-86.223622,32.533718],[-86.24885,32.523627],[-86.261708,32.511583],[-86.265777,32.504991],[-86.267445,32.500556],[-86.269683,32.49669],[-86.27538,32.491767],[-86.303456,32.481309],[-86.312896,32.474392],[-86.322174,32.459581],[-86.321034,32.447821],[-86.302642,32.423448],[-86.316355,32.416042],[-86.322906,32.422716],[-86.328928,32.426052],[-86.343617,32.429633],[-86.343617,32.423448],[-86.329254,32.408474],[-86.322092,32.398749],[-86.316355,32.388699],[-86.338002,32.394884],[-86.369211,32.423163],[-86.381825,32.429633],[-86.393666,32.427802],[-86.398671,32.423041],[-86.402903,32.416612],[-86.412506,32.409776],[-86.420644,32.408026],[-86.443674,32.405626],[-86.453481,32.402371],[-86.511952,32.348009],[-86.534983,32.354844],[-86.577016,32.375027],[-86.586822,32.374823],[-86.596181,32.372911],[-86.605295,32.372911],[-86.614573,32.378485],[-86.620107,32.387803],[-86.623118,32.398139],[-86.627024,32.406358],[-86.635365,32.409776],[-86.654937,32.402289],[-86.679799,32.368923],[-86.70051,32.360785],[-86.707672,32.363105],[-86.716705,32.368598],[-86.724517,32.374579],[-86.727854,32.378485],[-86.729115,32.393134],[-86.733388,32.397732],[-86.778798,32.391791],[-86.785024,32.381415],[-86.78425,32.366075],[-86.789906,32.347113],[-86.78246,32.341498],[-86.788238,32.336737],[-86.801747,32.322699],[-86.80663,32.31977],[-86.823232,32.32213],[-86.826731,32.328233],[-86.824371,32.337022],[-86.823435,32.347113],[-86.837636,32.390733],[-86.840159,32.411404],[-86.830881,32.423448],[-86.830881,32.429633],[-86.851674,32.440009],[-86.861562,32.441474],[-86.871816,32.436469],[-86.86913,32.417182],[-86.882314,32.391954],[-86.904897,32.370144],[-86.930165,32.360785],[-86.953928,32.366034],[-86.977773,32.378852],[-86.997426,32.394884],[-87.008412,32.409776],[-87.026967,32.401679],[-87.053334,32.394843],[-87.072865,32.385037],[-87.071034,32.368232],[-87.065663,32.366807],[-87.058258,32.36933],[-87.051869,32.372992],[-87.049387,32.375027],[-87.029124,32.354031],[-87.023549,32.345974],[-87.015207,32.327257],[-87.042063,32.331081],[-87.058665,32.336859],[-87.07079,32.332709],[-87.084096,32.306749],[-87.08845,32.283637],[-87.093902,32.275702],[-87.108022,32.27265],[-87.120839,32.273017],[-87.132436,32.274726],[-87.143056,32.278876],[-87.152984,32.286241],[-87.160959,32.262397],[-87.155507,32.243842],[-87.128163,32.213975],[-87.118886,32.210639],[-87.106516,32.210761],[-87.09557,32.209052],[-87.090932,32.200303],[-87.091949,32.189073],[-87.095448,32.181016],[-87.101796,32.17475],[-87.11144,32.168972],[-87.122141,32.164822],[-87.134145,32.162665],[-87.15925,32.162787],[-87.164215,32.165107],[-87.175933,32.174384],[-87.180287,32.176378],[-87.186635,32.175238],[-87.197092,32.170111],[-87.244862,32.162787],[-87.245188,32.157742],[-87.252024,32.14704],[-87.259755,32.137397],[-87.262847,32.135443],[-87.266998,32.121772],[-87.266591,32.116238],[-87.262847,32.108181],[-87.255198,32.101671],[-87.244008,32.094835],[-87.236073,32.086982],[-87.238026,32.077094],[-87.25121,32.064887],[-87.268788,32.055609],[-87.288971,32.052802],[-87.310048,32.06037],[-87.327301,32.082302],[-87.325754,32.1046],[-87.320709,32.126166],[-87.327748,32.145697],[-87.347035,32.155829],[-87.368642,32.155463],[-87.387807,32.14765],[-87.399403,32.135443],[-87.404652,32.117621],[-87.413075,32.049831],[-87.423655,32.038926],[-87.446441,32.031806],[-87.467926,32.020779],[-87.474517,31.998318],[-87.459828,31.979315],[-87.410146,31.969306],[-87.399403,31.953884],[-87.393422,31.934678],[-87.384674,31.923529],[-87.386708,31.919745],[-87.454661,31.929389],[-87.46642,31.929145],[-87.486969,31.923896],[-87.498769,31.922553],[-87.508697,31.913926],[-87.51769,31.89407],[-87.523183,31.871446],[-87.522939,31.854926],[-87.493804,31.82921],[-87.450836,31.811632],[-87.423248,31.78974],[-87.440419,31.751247],[-87.452463,31.744574],[-87.48644,31.734687],[-87.498769,31.727362],[-87.521474,31.704454],[-87.537017,31.694119],[-87.5537,31.689765],[-87.558217,31.674872],[-87.554596,31.641954],[-87.543609,31.609158],[-87.52599,31.594265],[-87.51183,31.587266],[-87.510935,31.571641],[-87.5183,31.555203],[-87.529164,31.545762],[-87.530019,31.548774],[-87.538035,31.553494],[-87.548573,31.557807],[-87.557037,31.559434],[-87.564849,31.5574],[-87.583811,31.545762],[-87.607045,31.522284],[-87.594146,31.507636],[-87.572825,31.491563],[-87.570709,31.463894],[-87.585194,31.427517],[-87.610911,31.42182],[-87.642242,31.426825],[-87.680002,31.422227],[-87.691884,31.415839],[-87.705312,31.404649],[-87.716379,31.389594],[-87.724721,31.351264],[-87.734446,31.349473],[-87.762522,31.367703],[-87.765004,31.354682],[-87.77953,31.339423],[-87.78303,31.330105],[-87.780955,31.321072],[-87.771799,31.309516],[-87.769358,31.298774],[-87.810292,31.326687],[-87.809275,31.31627],[-87.804758,31.308173],[-87.797271,31.298774],[-87.795766,31.294135],[-87.793324,31.292914],[-87.790883,31.292182],[-87.789866,31.288845],[-87.791982,31.283718],[-87.79662,31.279364],[-87.801381,31.27794],[-87.803456,31.281684],[-87.807729,31.284857],[-87.817128,31.285956],[-87.826527,31.284939],[-87.8308,31.281684],[-87.844472,31.244167],[-87.847279,31.243598],[-87.862131,31.244167],[-87.865631,31.242703],[-87.865712,31.239081],[-87.864858,31.234646],[-87.871775,31.199774],[-87.872548,31.180284],[-87.87621,31.162665],[-87.884633,31.155951],[-87.899729,31.169623],[-87.91161,31.164089],[-87.918609,31.166938],[-87.924672,31.171169],[-87.933827,31.169623],[-87.937327,31.166124],[-87.940175,31.160468],[-87.944732,31.146511],[-87.960764,31.091986],[-87.960561,31.075141],[-87.94811,31.079657],[-87.944203,31.077745],[-87.941396,31.075751],[-87.938344,31.074246],[-87.933827,31.073432],[-87.949534,31.055121],[-87.960113,31.028754],[-87.966135,31.00141],[-87.967926,30.980333],[-87.963857,30.970771],[-87.945383,30.961005],[-87.940663,30.949978],[-87.943715,30.94241],[-87.967926,30.908962],[-87.983795,30.879503],[-87.976918,30.867784],[-87.961985,30.860297],[-87.953725,30.843533],[-87.956532,30.83043],[-87.964263,30.825303],[-87.989084,30.819607],[-88.001373,30.812364],[-88.009633,30.804063],[-88.022572,30.784857],[-88.014963,30.780219],[-87.997874,30.772244],[-87.992177,30.768093],[-87.98941,30.76081],[-87.993398,30.755968],[-87.999135,30.752021],[-88.002105,30.74726],[-87.995473,30.685492]]]}},{"type":"Feature","properties":{"name":"Tugaloo","name_en":"Tugaloo","scalerank":6,"min_zoom":5},"geometry":{"type":"MultiLineString","coordinates":[[[-83.165883,34.598497],[-83.159047,34.587185],[-83.121816,34.56977],[-83.100697,34.54621],[-83.079661,34.53502],[-83.063466,34.51142],[-83.047353,34.496527],[-83.015045,34.481635],[-82.967885,34.482937],[-82.899566,34.482937],[-82.857411,34.460517],[-82.846262,34.434516],[-82.841298,34.407172],[-82.827626,34.374864],[-82.818593,34.366034]]]}},{"type":"Feature","properties":{"name":"Tugaloo","name_en":"Tugaloo","scalerank":6,"min_zoom":5},"geometry":{"type":"MultiLineString","coordinates":[[[-83.35558,34.708319],[-83.324045,34.671658],[-83.232777,34.622504],[-83.199208,34.608913],[-83.175445,34.614529],[-83.168365,34.613064],[-83.166493,34.599636]]]}},{"type":"Feature","properties":{"name":"Chattooga","name_en":"Chattooga","scalerank":6,"min_zoom":5},"geometry":{"type":"MultiLineString","coordinates":[[[-83.120595,35.076239],[-83.132192,35.046576],[-83.133656,35.037055],[-83.132476,35.027289],[-83.129262,35.022325],[-83.12442,35.018256],[-83.118642,35.011176],[-83.11441,34.999132],[-83.115956,34.987128],[-83.121653,34.975369],[-83.125198,34.962387],[-83.134483,34.942493],[-83.158357,34.935198],[-83.182894,34.915303],[-83.220694,34.886787],[-83.239926,34.877502],[-83.256256,34.861843],[-83.266265,34.847764],[-83.279775,34.837755],[-83.294911,34.829617],[-83.308339,34.819932],[-83.316721,34.805691],[-83.320668,34.799913],[-83.322133,34.792548],[-83.322865,34.784369],[-83.324696,34.776435],[-83.328969,34.768337],[-83.345937,34.750515],[-83.35558,34.708319]]]}},{"type":"Feature","properties":{"name":"Savannah","name_en":"Savannah","scalerank":6,"min_zoom":5},"geometry":{"type":"MultiLineString","coordinates":[[[-82.589345,34.017646],[-82.589263,34.017401],[-82.578114,33.99376],[-82.570668,33.967719],[-82.558217,33.95657],[-82.542104,33.951606],[-82.522288,33.951606],[-82.506093,33.937934],[-82.488759,33.916815],[-82.465159,33.894477],[-82.434153,33.877061],[-82.401845,33.864691],[-82.363352,33.843573],[-82.321156,33.815009],[-82.272694,33.777777],[-82.245432,33.750515],[-82.233022,33.705837],[-82.216868,33.685899],[-82.208363,33.663601]]]}},{"type":"Feature","properties":{"name":"Savannah","name_en":"Savannah","scalerank":6,"min_zoom":5},"geometry":{"type":"MultiLineString","coordinates":[[[-82.818593,34.366034],[-82.761586,34.29267],[-82.753529,34.270046],[-82.734527,34.184638],[-82.729075,34.170681],[-82.722239,34.166449],[-82.705881,34.14765],[-82.68224,34.139512],[-82.669504,34.130154],[-82.658274,34.118679],[-82.650502,34.108588],[-82.639638,34.080756],[-82.631459,34.06684],[-82.6079,34.05626],[-82.599477,34.045356],[-82.589263,34.017401]],[[-82.208363,33.663601],[-82.194,33.634589],[-82.174143,33.6164],[-82.150624,33.602851],[-82.12914,33.594672],[-82.081654,33.58279],[-82.061879,33.574571],[-82.041005,33.559882],[-81.99885,33.515408],[-81.978342,33.499091],[-81.93814,33.47602],[-81.924062,33.458441],[-81.931142,33.437038],[-81.926015,33.431912],[-81.91747,33.416571],[-81.933339,33.414374],[-81.935943,33.406846],[-81.923695,33.382392],[-81.937978,33.376085],[-81.93106,33.361151],[-81.88858,33.318468],[-81.880238,33.312323],[-81.876536,33.317247],[-81.871653,33.321723],[-81.860585,33.320502],[-81.848785,33.316718],[-81.841786,33.313544],[-81.841786,33.306708],[-81.855377,33.300482],[-81.838368,33.289333],[-81.83137,33.277859],[-81.834625,33.267401],[-81.848622,33.259548],[-81.833363,33.237087],[-81.817698,33.224636],[-81.799631,33.219102],[-81.777211,33.217882],[-81.770579,33.209662],[-81.764882,33.169867],[-81.759836,33.155829],[-81.724233,33.131049],[-81.63622,33.100531],[-81.595326,33.080756],[-81.567209,33.057685],[-81.551991,33.049669],[-81.530181,33.046658],[-81.51773,33.039496],[-81.505279,33.022488],[-81.495839,33.002143],[-81.492299,32.985175],[-81.5006,32.950954],[-81.500559,32.931586],[-81.488922,32.923122],[-81.437734,32.847968],[-81.428212,32.820339],[-81.425201,32.804755],[-81.424062,32.789984],[-81.418691,32.774604],[-81.408559,32.760565],[-81.402577,32.744818],[-81.403554,32.731309],[-81.409779,32.724473],[-81.412262,32.712226],[-81.416168,32.70185],[-81.413482,32.697211],[-81.408803,32.694444],[-81.403066,32.687934],[-81.398183,32.679999],[-81.396108,32.673285],[-81.399322,32.654161],[-81.404775,32.638739],[-81.405873,32.624213],[-81.396108,32.607774],[-81.383534,32.597235],[-81.365468,32.58629],[-81.344879,32.577704],[-81.314931,32.572821],[-81.305979,32.568956],[-81.297719,32.563544],[-81.290354,32.557237],[-81.275502,32.542548],[-81.270172,32.538764],[-81.266428,32.539496],[-81.244496,32.529608],[-81.239084,32.525906],[-81.235463,32.517035],[-81.23351,32.505683],[-81.228383,32.495917],[-81.214915,32.491767],[-81.200836,32.484483],[-81.196401,32.4678],[-81.197499,32.436469],[-81.167104,32.35456],[-81.152089,32.350206],[-81.139801,32.338487],[-81.131907,32.321112],[-81.129872,32.299913],[-81.131947,32.288113],[-81.139638,32.274604],[-81.142893,32.265163],[-81.144602,32.253974],[-81.142893,32.227891],[-81.145009,32.222032],[-81.154408,32.204779],[-81.156565,32.193793],[-81.15392,32.187201],[-81.136057,32.155341],[-81.136383,32.152208],[-81.138173,32.148139],[-81.138824,32.142646],[-81.136057,32.135443],[-81.131581,32.130805],[-81.121002,32.125596],[-81.11559,32.121772],[-81.086659,32.091417],[-81.077992,32.087022],[-81.020131,32.091132],[-80.99828,32.087022],[-80.958079,32.070665],[-80.95108,32.063422],[-80.944651,32.049628],[-80.929351,32.039618],[-80.911122,32.0338],[-80.891103,32.032416]]]}},{"type":"Feature","properties":{"name":"Rainy","name_en":"Rainy","scalerank":6,"min_zoom":5},"geometry":{"type":"MultiLineString","coordinates":[[[-91.319081,48.828233],[-91.332509,48.840359],[-91.347035,48.857245],[-91.363596,48.882025],[-91.380116,48.899766],[-91.400868,48.913926],[-91.480336,48.927517],[-91.512522,48.923407],[-91.569203,48.895087],[-91.604644,48.875678],[-91.629506,48.865261],[-91.629506,48.86518]],[[-93.381581,48.616156],[-93.313547,48.633368],[-93.282216,48.634792],[-93.245229,48.633368],[-93.154652,48.63581],[-93.087758,48.634467],[-93.018056,48.63581],[-92.975087,48.641913],[-92.946116,48.650702],[-92.896474,48.660183],[-92.843088,48.666856],[-92.779042,48.678046]]]}},{"type":"Feature","properties":{"name":"Rainy","name_en":"Rainy","scalerank":6,"min_zoom":5},"geometry":{"type":"MultiLineString","coordinates":[[[-90.503489,49.329169],[-90.529164,49.280341],[-90.541371,49.263699],[-90.557851,49.252061],[-90.601877,49.229926],[-90.613352,49.219306],[-90.613433,49.211778],[-90.609527,49.205024],[-90.604075,49.198676],[-90.59968,49.191962],[-90.602406,49.193427],[-90.605458,49.189724],[-90.607411,49.183702],[-90.607086,49.17829],[-90.603139,49.175889],[-90.587514,49.170437],[-90.582346,49.167426],[-90.582265,49.151679],[-90.594472,49.129462],[-90.620188,49.095771],[-90.655629,49.064643],[-90.696197,49.05211],[-90.791493,49.047309],[-90.81432,49.048855],[-90.83727,49.053005],[-90.858754,49.053534],[-90.897288,49.034369],[-90.923655,49.032091],[-90.969594,49.033718],[-91.029368,49.028591],[-91.056996,49.021104],[-91.079457,49.006415],[-91.093455,48.985053],[-91.102528,48.975938],[-91.116689,48.972235],[-91.127594,48.967475],[-91.133168,48.956244],[-91.136545,48.942694],[-91.14094,48.93126],[-91.160715,48.906521],[-91.18163,48.887763],[-91.270009,48.829372],[-91.295033,48.821234],[-91.319081,48.828233]],[[-91.629506,48.865261],[-91.647776,48.850206],[-91.665028,48.829413],[-91.668528,48.817979],[-91.666371,48.804633],[-91.662831,48.792548],[-91.662099,48.780585],[-91.668528,48.767401],[-91.707387,48.781562],[-91.755279,48.78616],[-91.804514,48.783067],[-91.884429,48.763617],[-91.949045,48.758328],[-92.01179,48.746365],[-92.023264,48.745714],[-92.033437,48.747016],[-92.060699,48.754991],[-92.066721,48.755072],[-92.072377,48.755886],[-92.079416,48.759955],[-92.080678,48.764919],[-92.079335,48.771755],[-92.078928,48.777859],[-92.082834,48.780463],[-92.093007,48.783637],[-92.114247,48.797716],[-92.124664,48.800971],[-92.168813,48.800971],[-92.212636,48.791531],[-92.290598,48.758857],[-92.617991,48.693915],[-92.655385,48.678046],[-92.686676,48.68537],[-92.753651,48.67182],[-92.779042,48.678046]],[[-93.37682,48.617214],[-93.386545,48.615058],[-93.418202,48.604356],[-93.452301,48.597683],[-93.454579,48.587226],[-93.453033,48.573065],[-93.460764,48.557644],[-93.492543,48.542589],[-93.567372,48.53852],[-93.600697,48.526638],[-93.617096,48.531562],[-93.757639,48.516872],[-93.779449,48.519802],[-93.81017,48.543809],[-93.836537,48.617458],[-93.87564,48.636501],[-94.232981,48.652289],[-94.25182,48.657538],[-94.253285,48.662665],[-94.256581,48.683783],[-94.259267,48.691107],[-94.266265,48.698025],[-94.275258,48.704372],[-94.28482,48.709296],[-94.293365,48.712185],[-94.312367,48.714179],[-94.480336,48.700954],[-94.519928,48.704698],[-94.593658,48.726671],[-94.689687,48.77912],[-94.702545,48.790351],[-94.711781,48.807807],[-94.714101,48.824042],[-94.712961,48.842719],[-94.712554,48.862982]]]}},{"type":"Feature","properties":{"name":"Winnipeg","name_en":"Winnipeg","scalerank":6,"min_zoom":5},"geometry":{"type":"MultiLineString","coordinates":[[[-96.597646,50.979275],[-96.587636,50.959662],[-96.537831,50.885443],[-96.500315,50.83393],[-96.423899,50.705837],[-96.397084,50.67711],[-96.372141,50.661404],[-96.326283,50.637397],[-96.295277,50.624538],[-96.294342,50.623887]],[[-96.02599,50.283026],[-96.02595,50.283067],[-96.02595,50.283149],[-96.017323,50.301825],[-96.008778,50.327582],[-96.003733,50.346503],[-95.996938,50.365424],[-95.988678,50.40351],[-95.988759,50.404812]],[[-94.614491,49.992703],[-94.602935,49.983222],[-94.598053,49.96369],[-94.591786,49.917426],[-94.581532,49.88349],[-94.558665,49.842719],[-94.545481,49.826239],[-94.529368,49.809638],[-94.51183,49.786444],[-94.500071,49.757432],[-94.463124,49.65351],[-94.472035,49.61225],[-94.51358,49.579169],[-94.632802,49.507392],[-94.77953,49.457221],[-94.828603,49.419989],[-94.861399,49.376532],[-94.869293,49.328315],[-94.862172,49.264024],[-94.861684,49.192003],[-94.853871,49.115505],[-94.833648,49.049425],[-94.805328,49.007432],[-94.775054,48.969184],[-94.733795,48.908393],[-94.712758,48.863389]]]}},{"type":"Feature","properties":{"name":"Winnipeg","name_en":"Winnipeg","scalerank":6,"min_zoom":5},"geometry":{"type":"MultiLineString","coordinates":[[[-95.988678,50.40351],[-95.989858,50.428534],[-95.996083,50.449083],[-96.009877,50.466376],[-96.0301,50.4737],[-96.055653,50.478583],[-96.077056,50.490546],[-96.115793,50.52029],[-96.139882,50.530219],[-96.147572,50.537055],[-96.150502,50.551581],[-96.155019,50.562283],[-96.166249,50.569688],[-96.180653,50.574083],[-96.226715,50.581163],[-96.251291,50.594753],[-96.274281,50.610785],[-96.295277,50.624538]],[[-94.614491,49.992703],[-94.629872,50.005316],[-94.64273,50.013495],[-94.653961,50.023505],[-94.663319,50.034247],[-94.654612,50.041815],[-94.633901,50.069281],[-94.629791,50.078925],[-94.62328,50.08751],[-94.59435,50.108344],[-94.587636,50.123603],[-94.600209,50.146796],[-94.630116,50.148627],[-94.690663,50.130439],[-94.67809,50.121853],[-94.666086,50.107978],[-94.663645,50.09516],[-94.680084,50.089464],[-94.738433,50.0963],[-94.729115,50.11225],[-94.724192,50.117377],[-94.741078,50.122504],[-94.749013,50.130723],[-94.746327,50.140692],[-94.731597,50.150946],[-94.747385,50.158962],[-94.76183,50.154405],[-94.776479,50.144802],[-94.79308,50.137274],[-94.809641,50.135525],[-94.882232,50.136176],[-94.961293,50.126654],[-94.977162,50.120876],[-94.992665,50.121609],[-95.012115,50.137274],[-95.019358,50.153347],[-95.016713,50.186103],[-95.019643,50.199327],[-95.032379,50.207343],[-95.076243,50.218207],[-95.106109,50.222276],[-95.147125,50.236029],[-95.176503,50.253282],[-95.21467,50.267849],[-95.231842,50.281277],[-95.22175,50.291571],[-95.211293,50.295478],[-95.200917,50.297431],[-95.190907,50.301785],[-95.172963,50.315497],[-95.168284,50.324408],[-95.180328,50.328437],[-95.186676,50.33393],[-95.204416,50.358344],[-95.214833,50.363837],[-95.411041,50.377387],[-95.458404,50.370673],[-95.499379,50.350165],[-95.534739,50.338568],[-95.543446,50.332139],[-95.550689,50.313788],[-95.544667,50.276923],[-95.554067,50.253974],[-95.566762,50.241075],[-95.637563,50.185736],[-95.646962,50.180732],[-95.660146,50.178819],[-95.67276,50.181912],[-95.694163,50.195665],[-95.704823,50.199327],[-95.722524,50.195868],[-95.753529,50.17654],[-95.766591,50.172065],[-95.834869,50.172065],[-95.869008,50.166571],[-95.929921,50.142686],[-95.961781,50.137274],[-96.025217,50.137234],[-96.046742,50.148953],[-96.061147,50.178819],[-96.060658,50.210964],[-96.032094,50.257676],[-96.02595,50.283149]]]}},{"type":"Feature","properties":{"name":"South Saskatchewan","name_en":"South Saskatchewan","scalerank":6,"min_zoom":5},"geometry":{"type":"MultiLineString","coordinates":[[[-116.422027,51.667304],[-116.395741,51.671983],[-116.363759,51.662869],[-116.335032,51.645779],[-116.318349,51.626329],[-116.316396,51.615261],[-116.318349,51.577948],[-116.314605,51.571804],[-116.30899,51.566433],[-116.306508,51.558417],[-116.312164,51.544379],[-116.301178,51.537665],[-116.27123,51.50963],[-116.243276,51.489814],[-116.223785,51.467637],[-116.215321,51.460761],[-116.190541,51.446153],[-116.17748,51.440253],[-116.145497,51.431342],[-116.140289,51.42768],[-116.107818,51.387152],[-116.091664,51.372341],[-116.07315,51.359483],[-116.062123,51.354763],[-116.038726,51.34809],[-116.027699,51.342841],[-116.007965,51.325141],[-116.000559,51.320095],[-115.992055,51.316759],[-115.965972,51.31155],[-115.868398,51.270372],[-115.814931,51.261908],[-115.798899,51.256049],[-115.78893,51.248399],[-115.772613,51.228542],[-115.763539,51.219672],[-115.722524,51.194363],[-115.706125,51.188259],[-115.689687,51.187771],[-115.656077,51.192939],[-115.644439,51.190741],[-115.62621,51.178412],[-115.61498,51.178412],[-115.541575,51.209093],[-115.538564,51.209581],[-115.527252,51.208197],[-115.501943,51.200263],[-115.46524,51.193223],[-115.453765,51.189032],[-115.442779,51.18183],[-115.389882,51.128241],[-115.360951,51.1046],[-115.327219,51.091091],[-115.313466,51.08747],[-115.305776,51.082465],[-115.291005,51.065619],[-115.260243,51.054999],[-115.228179,51.069363],[-115.196401,51.090522],[-115.166168,51.100287],[-115.135894,51.09573],[-115.122914,51.096462],[-115.106435,51.103135],[-115.022532,51.150255],[-114.962961,51.169216],[-114.943959,51.1706],[-114.935902,51.168891],[-114.929107,51.166327],[-114.921742,51.164618],[-114.912262,51.165839],[-114.905507,51.168769],[-114.886952,51.181179],[-114.870188,51.186387],[-114.836171,51.189643],[-114.819407,51.19363],[-114.813303,51.197048],[-114.801869,51.205878],[-114.673695,51.247504],[-114.6551,51.248847],[-114.620758,51.246161],[-114.587148,51.238959],[-114.555043,51.226752],[-114.517201,51.204901],[-114.508168,51.202094],[-114.489573,51.19892],[-114.479604,51.195624],[-114.454742,51.179511],[-114.439443,51.175808],[-114.389556,51.176581],[-114.382192,51.175076],[-114.368031,51.169501],[-114.331939,51.146918],[-114.321278,51.143337],[-114.315053,51.143012],[-114.288319,51.144721],[-114.27302,51.142361],[-114.265614,51.140001],[-114.260854,51.136094],[-114.251454,51.1164],[-114.245473,51.111518],[-114.238637,51.109931],[-114.198964,51.108588],[-114.196278,51.108222],[-114.193715,51.107001],[-114.1905,51.102973],[-114.183949,51.090928],[-114.18102,51.088406],[-114.169342,51.085476],[-114.133046,51.069037],[-114.12267,51.060492],[-114.120107,51.060329],[-114.113352,51.055447],[-114.110748,51.055284],[-114.101796,51.051866],[-114.070424,51.047065],[-114.063588,51.04503],[-114.056142,51.043728],[-114.015126,51.021104],[-114.015126,51.01496],[-114.032379,50.998358],[-114.039052,50.982367],[-114.035715,50.96369],[-114.022613,50.939236],[-114.018666,50.937608],[-114.012685,50.937934],[-114.006337,50.937079],[-114.001536,50.931749],[-114.003163,50.929999],[-114.008372,50.908474],[-114.006337,50.896674],[-114.001373,50.885769],[-113.99474,50.876654],[-113.987864,50.870307],[-113.991078,50.869412],[-113.993764,50.869412],[-113.995188,50.868191],[-113.9947,50.863471],[-113.965403,50.855984],[-113.845448,50.846381],[-113.834625,50.842353],[-113.816518,50.829372],[-113.791615,50.815375],[-113.777496,50.81155],[-113.768056,50.815741],[-113.678212,50.803168],[-113.587229,50.802069],[-113.559641,50.808661],[-113.544545,50.810248],[-113.532297,50.805121],[-113.515614,50.794867],[-113.501129,50.796902],[-113.473948,50.815741],[-113.450551,50.826483],[-113.4287,50.830268],[-113.374338,50.829372],[-113.369862,50.832465],[-113.346995,50.853217],[-113.338043,50.855984],[-113.326405,50.853054],[-113.31432,50.848456],[-113.303822,50.8463],[-113.291575,50.848904],[-113.268219,50.859931],[-113.256256,50.863959],[-113.241526,50.865505],[-113.196156,50.863471],[-113.182362,50.861151],[-113.162913,50.854804],[-113.145619,50.845038],[-113.138092,50.83279],[-113.142568,50.794053],[-113.144358,50.788398],[-113.152577,50.778266],[-113.144032,50.772284],[-113.110829,50.767279],[-113.079457,50.768093],[-113.069244,50.767279],[-113.037343,50.755805],[-113.025136,50.754218],[-112.9829,50.758572],[-112.961659,50.765733],[-112.943715,50.791938],[-112.922841,50.798285],[-112.898183,50.798774],[-112.878041,50.795193],[-112.871938,50.790839],[-112.869781,50.779364],[-112.864369,50.774726],[-112.851796,50.771186],[-112.843577,50.771552],[-112.837148,50.773546],[-112.829661,50.774726],[-112.810292,50.772569],[-112.777211,50.76321],[-112.75768,50.761054],[-112.739084,50.76321],[-112.704091,50.772569],[-112.689361,50.774726],[-112.672963,50.779486],[-112.660756,50.788438],[-112.650014,50.794013],[-112.637847,50.788398],[-112.614573,50.776068],[-112.600942,50.768093],[-112.589467,50.761054],[-112.576568,50.760443],[-112.559926,50.761664],[-112.542714,50.76085],[-112.527984,50.754218],[-112.52245,50.744452],[-112.531484,50.739936],[-112.562123,50.733751],[-112.550689,50.724677],[-112.52595,50.71544],[-112.514312,50.706488],[-112.526194,50.691962],[-112.512522,50.681179],[-112.491282,50.668402],[-112.480214,50.648139],[-112.466135,50.633409],[-112.434193,50.623603],[-112.399566,50.619981],[-112.377797,50.623887],[-112.370351,50.608751],[-112.376129,50.596259],[-112.386098,50.584744],[-112.391428,50.572333],[-112.387685,50.56505],[-112.37914,50.561143],[-112.36974,50.558458],[-112.363515,50.554999],[-112.358876,50.547065],[-112.357655,50.541449],[-112.357655,50.535712],[-112.352284,50.496609],[-112.348622,50.483588],[-112.339955,50.469997],[-112.326812,50.457628],[-112.314198,50.449001],[-112.303293,50.439521],[-112.295237,50.42532],[-112.288442,50.42532],[-112.263092,50.435736],[-112.223378,50.434638],[-112.185292,50.425482],[-112.164906,50.411566],[-112.172353,50.404812],[-112.170481,50.389716],[-112.17809,50.34516],[-112.175771,50.335883],[-112.163645,50.329779],[-112.160064,50.315619],[-112.158315,50.299384],[-112.151235,50.287462],[-112.133901,50.282172],[-112.113637,50.279608],[-112.096791,50.273505],[-112.089752,50.257392],[-112.085357,50.242865],[-112.076975,50.230902],[-112.071523,50.219265],[-112.07608,50.205593],[-112.05309,50.199815],[-111.995839,50.209784],[-111.966217,50.205593],[-111.942291,50.190253],[-111.925933,50.183621],[-111.918528,50.188788],[-111.91161,50.205593],[-111.896108,50.203396],[-111.879872,50.192979],[-111.849599,50.164618],[-111.846425,50.157538],[-111.846059,50.150946],[-111.843373,50.146064],[-111.832834,50.14411],[-111.816477,50.143378],[-111.80724,50.141059],[-111.781321,50.130439],[-111.762196,50.129584],[-111.696645,50.136746],[-111.678293,50.14411],[-111.644399,50.121161],[-111.613393,50.092882],[-111.60733,50.083197],[-111.608795,50.076239],[-111.611684,50.069932],[-111.609975,50.062201],[-111.601064,50.054755],[-111.590688,50.05154],[-111.581451,50.046576],[-111.575836,50.034247],[-111.590443,50.030707],[-111.593821,50.022976],[-111.593332,50.012274],[-111.596303,50.000067],[-111.596913,49.994696],[-111.596059,49.987982],[-111.596099,49.982123],[-111.599436,49.9796],[-111.628245,49.98074],[-111.637318,49.9796],[-111.652089,49.974962],[-111.658681,49.969794],[-111.663157,49.962714],[-111.671457,49.952338],[-111.681874,49.944892],[-111.692209,49.940131],[-111.700836,49.93476],[-111.703969,49.928982]],[[-106.853261,51.262641],[-106.865631,51.273993],[-106.905995,51.309272],[-106.926259,51.316596],[-106.954335,51.319607],[-106.968984,51.328681],[-106.976715,51.343573],[-106.983998,51.364366],[-106.996327,51.384345],[-107.014882,51.401882],[-107.036122,51.414252],[-107.05602,51.419013],[-107.069203,51.429267],[-107.074615,51.453192],[-107.074045,51.500922],[-107.067006,51.5456],[-107.059804,51.568183],[-107.049184,51.586615],[-107.041249,51.59394],[-107.029937,51.601874],[-107.017974,51.608222],[-106.997792,51.613308],[-106.990956,51.619574],[-106.977773,51.637478],[-106.940256,51.663275],[-106.85497,51.693915],[-106.813832,51.716864],[-106.79719,51.7237],[-106.792226,51.726874],[-106.789215,51.734076],[-106.786041,51.751654],[-106.782297,51.758165],[-106.727651,51.813178],[-106.729807,51.830756],[-106.754954,51.899726],[-106.764882,51.918647],[-106.759836,51.931667],[-106.765614,51.952419],[-106.768544,51.971625],[-106.754709,51.980089],[-106.713368,51.990994],[-106.707997,52.002265],[-106.711985,52.013861],[-106.719146,52.025092],[-106.723948,52.035346],[-106.713368,52.075751],[-106.678375,52.105984],[-106.637196,52.1317],[-106.607818,52.158881],[-106.606272,52.165229],[-106.603383,52.185492],[-106.600413,52.19363],[-106.590199,52.202948],[-106.565785,52.210517],[-106.556304,52.21662],[-106.484364,52.27558],[-106.476186,52.280626],[-106.470286,52.283311],[-106.464345,52.287218],[-106.45641,52.296007],[-106.452056,52.30329],[-106.445546,52.318793],[-106.401967,52.379747],[-106.388173,52.391669],[-106.375722,52.395128],[-106.343902,52.400092],[-106.333567,52.40587],[-106.327789,52.41828],[-106.325185,52.443549],[-106.316477,52.457099],[-106.289174,52.48078],[-106.165924,52.55268],[-106.154775,52.562934],[-106.130116,52.622748],[-106.111724,52.650499],[-106.107574,52.662543],[-106.113189,52.689968],[-106.111806,52.700873],[-106.100168,52.706895],[-106.114166,52.722357],[-106.120595,52.727403],[-106.117421,52.740994],[-106.129506,52.759833],[-106.128041,52.775214],[-106.122874,52.780951],[-106.107167,52.785183],[-106.100168,52.789496],[-106.097076,52.7956],[-106.095204,52.810492],[-106.093332,52.816759],[-106.076894,52.835517],[-106.055776,52.852566],[-106.038157,52.870714],[-106.03185,52.892524],[-106.03185,52.885077],[-106.02892,52.906073],[-106.012115,52.913845],[-105.945383,52.911404],[-105.913197,52.905382],[-105.894114,52.905585],[-105.743886,52.933458],[-105.749094,52.968573],[-105.711293,52.997748],[-105.657379,53.016954],[-105.614125,53.022244],[-105.591217,53.016425],[-105.569203,53.008002],[-105.54719,53.003363],[-105.52477,53.008612],[-105.519602,53.013739],[-105.510487,53.035915],[-105.504018,53.04267],[-105.496816,53.04739],[-105.489735,53.053331],[-105.483795,53.063829],[-105.490102,53.072089],[-105.495107,53.084581],[-105.496327,53.098578],[-105.491282,53.111029],[-105.481516,53.115424],[-105.453033,53.11876],[-105.44286,53.118476],[-105.414906,53.159451],[-105.399973,53.163642],[-105.322092,53.156033],[-105.309722,53.151719],[-105.27599,53.134101],[-105.264963,53.132392],[-105.246693,53.132107],[-105.221303,53.138617],[-105.180572,53.1671],[-105.120188,53.17829],[-105.084543,53.189399],[-105.069447,53.202826],[-105.099599,53.214667],[-105.077626,53.221625],[-105.069569,53.226996],[-105.065053,53.240424]],[[-111.706166,49.93122],[-111.703969,49.928982]],[[-111.703969,49.928982],[-111.690907,49.915595],[-111.670806,49.902777],[-111.648752,49.89407],[-111.627349,49.890896],[-111.611562,49.89529],[-111.569,49.914252],[-111.547922,49.918158],[-111.478586,49.898627],[-111.462554,49.90115],[-111.453236,49.90705],[-111.445383,49.909369],[-111.440053,49.914333],[-111.438059,49.928087],[-111.425038,49.96662],[-111.411488,49.968126],[-111.390736,49.966579],[-111.371897,49.969062],[-111.363596,49.983018],[-111.361806,49.995388],[-111.356842,50.0008],[-111.349273,50.004259],[-111.334828,50.013699],[-111.329701,50.014594],[-111.318593,50.014431],[-111.311513,50.017117],[-111.307485,50.023301],[-111.305002,50.029975],[-111.302113,50.034247],[-111.28303,50.042914],[-111.263905,50.047065],[-111.195383,50.051215],[-111.150136,50.061835],[-111.130238,50.062201],[-111.106597,50.055976],[-111.048248,50.027411],[-111.018666,50.036444],[-110.961171,50.023261],[-110.931549,50.027411],[-110.924143,50.034247],[-110.917958,50.04328],[-110.909291,50.051337],[-110.879709,50.058132],[-110.836008,50.082709],[-110.828236,50.07628],[-110.825266,50.070868],[-110.823069,50.065253],[-110.817983,50.058417],[-110.811147,50.054877],[-110.803456,50.054796],[-110.795481,50.055691],[-110.787587,50.054755],[-110.743235,50.036933],[-110.726145,50.034247],[-110.664052,50.034247],[-110.650054,50.040798],[-110.642812,50.048407],[-110.629954,50.069037],[-110.640289,50.07864],[-110.64859,50.091376],[-110.657867,50.098171],[-110.670888,50.089464],[-110.680816,50.092149],[-110.687123,50.096788],[-110.690419,50.103787],[-110.691396,50.113715],[-110.688059,50.125434],[-110.679921,50.128607],[-110.669993,50.129421],[-110.661,50.133857],[-110.644887,50.136746],[-110.592681,50.134141],[-110.581532,50.140692],[-110.579172,50.154731],[-110.574615,50.168484],[-110.572011,50.182888],[-110.575307,50.199327],[-110.590688,50.217841],[-110.632395,50.231798],[-110.65038,50.246527],[-110.625152,50.260688],[-110.613271,50.27143],[-110.609446,50.287462],[-110.613922,50.290635],[-110.62328,50.293728],[-110.632558,50.298122],[-110.63679,50.305487],[-110.634145,50.31037],[-110.621327,50.316677],[-110.616282,50.322292],[-110.615142,50.330105],[-110.616444,50.346462],[-110.612864,50.353298],[-110.598988,50.367947],[-110.593495,50.375596],[-110.588979,50.383653],[-110.585032,50.39765],[-110.585357,50.421454],[-110.581532,50.432156],[-110.588979,50.4383],[-110.574778,50.455919],[-110.563588,50.461778],[-110.539174,50.451117],[-110.523346,50.452826],[-110.499582,50.459418],[-110.450795,50.42768],[-110.420766,50.4171],[-110.389719,50.42532],[-110.389719,50.432156],[-110.411855,50.442491],[-110.411936,50.457546],[-110.399281,50.473578],[-110.389719,50.486762],[-110.389394,50.492621],[-110.395497,50.52029],[-110.396962,50.558295],[-110.393544,50.574408],[-110.382436,50.58515],[-110.322011,50.595526],[-110.251088,50.623725],[-110.208485,50.630154],[-110.195221,50.634874],[-110.150746,50.672309],[-110.141713,50.687079],[-110.128163,50.721747],[-110.116038,50.733751],[-110.098948,50.736151],[-110.059885,50.732489],[-110.047109,50.739936],[-110.045481,50.756863],[-110.054799,50.772569],[-110.075063,50.795193],[-110.06607,50.807888],[-110.044993,50.82038],[-110.020904,50.829861],[-110.003041,50.839911],[-109.991811,50.852851],[-109.991567,50.859402],[-110.009877,50.873725],[-110.017893,50.885443],[-110.017649,50.893826],[-110.010854,50.899929],[-109.999338,50.905056],[-109.974599,50.907253],[-109.92809,50.898505],[-109.907135,50.908474],[-109.899485,50.913398],[-109.891713,50.916368],[-109.88565,50.920437],[-109.879628,50.943183],[-109.870229,50.950507],[-109.857086,50.953152],[-109.842275,50.953477],[-109.816233,50.950059],[-109.761586,50.935167],[-109.735829,50.931749],[-109.721669,50.932318],[-109.709706,50.935248],[-109.701405,50.942654],[-109.698232,50.95661],[-109.693105,50.971218],[-109.680979,50.974962],[-109.657338,50.972724],[-109.609242,50.975653],[-109.464263,50.959662],[-109.424469,50.966986],[-109.346913,50.998603],[-109.307851,51.008124],[-109.114125,51.021755],[-109.050608,51.01496],[-108.986969,51.022406],[-108.964589,51.021104],[-108.946156,51.014228],[-108.906321,50.991807],[-108.892649,50.987006],[-108.869618,50.982856],[-108.846995,50.972724],[-108.806996,50.946072],[-108.783925,50.954698],[-108.754791,50.961208],[-108.724273,50.963487],[-108.697133,50.959662],[-108.643666,50.934516],[-108.61205,50.928005],[-108.581044,50.939236],[-108.563385,50.931098],[-108.518463,50.923774],[-108.499135,50.918158],[-108.478627,50.905056],[-108.465077,50.896511],[-108.454091,50.88288],[-108.446604,50.86579],[-108.443837,50.846747],[-108.443105,50.825548],[-108.439076,50.809597],[-108.428822,50.795681],[-108.409739,50.780951],[-108.362375,50.75849],[-108.355092,50.7508],[-108.348866,50.740546],[-108.306711,50.699001],[-108.268422,50.676785],[-108.228098,50.666815],[-108.185902,50.666287],[-108.101226,50.67768],[-108.067006,50.676825],[-108.034535,50.670111],[-108.005727,50.658026]],[[-111.703969,49.928982],[-111.706166,49.924994]]]}},{"type":"Feature","properties":{"name":"Pit","name_en":"Pit","scalerank":6,"min_zoom":5},"geometry":{"type":"MultiLineString","coordinates":[[[-122.094635,40.783515],[-122.112294,40.771104],[-122.138295,40.756781],[-122.16454,40.75373],[-122.199127,40.761786],[-122.223012,40.771552],[-122.241322,40.769232],[-122.260325,40.765204],[-122.284779,40.766791],[-122.324534,40.766791],[-122.356801,40.763007],[-122.362782,40.762885],[-122.369211,40.763373]]]}},{"type":"Feature","properties":{"name":"Pit","name_en":"Pit","scalerank":6,"min_zoom":5},"geometry":{"type":"MultiLineString","coordinates":[[[-120.429351,41.70893],[-120.427358,41.68712],[-120.412465,41.652533],[-120.408844,41.629503],[-120.414906,41.607611],[-120.457265,41.558173],[-120.461049,41.548448],[-120.466176,41.526801],[-120.470937,41.517157],[-120.477935,41.510769],[-120.504506,41.492296],[-120.509348,41.487616],[-120.520497,41.482286],[-120.533111,41.477973],[-120.542348,41.476142],[-120.554311,41.479763],[-120.560414,41.48782],[-120.565094,41.496772],[-120.572743,41.502875],[-120.588979,41.501776],[-120.637074,41.486274],[-120.658681,41.482367],[-120.679311,41.474311],[-120.713857,41.437771],[-120.737213,41.427802],[-120.763092,41.429551],[-120.812001,41.444607],[-120.837148,41.448269],[-120.854604,41.443915],[-120.889963,41.422065],[-120.909169,41.41352],[-120.931752,41.40705],[-120.944244,41.405544],[-120.956939,41.407294],[-120.964182,41.413357],[-120.973215,41.42296],[-120.983632,41.429023],[-120.994781,41.424384],[-121.009511,41.40998],[-121.016225,41.400662],[-121.019032,41.38996],[-121.025787,41.3758],[-121.0419,41.373643],[-121.07665,41.381049],[-121.100209,41.379828],[-121.11734,41.369818],[-121.12621,41.351915],[-121.124989,41.327094],[-121.116444,41.292426],[-121.114125,41.274848],[-121.114613,41.256456],[-121.120717,41.235175],[-121.138254,41.202948],[-121.141916,41.184149],[-121.131663,41.170844],[-121.130523,41.166815],[-121.134023,41.15587],[-121.135081,41.149685],[-121.133697,41.13699],[-121.130279,41.127631],[-121.12206,41.112494],[-121.109934,41.072862],[-121.109853,41.047919],[-121.125152,41.036729],[-121.142161,41.027289],[-121.152008,41.005316],[-121.159657,40.980292],[-121.16983,40.961615],[-121.191803,40.949734],[-121.207102,40.955919],[-121.219879,40.968451],[-121.250966,40.984076],[-121.262278,41.004421],[-121.270823,41.027045],[-121.279124,41.042914],[-121.315297,41.059394],[-121.359486,41.054226],[-121.401235,41.036729],[-121.429921,41.016221],[-121.434397,41.007025],[-121.4322,41.000108],[-121.43224,40.994696],[-121.443593,40.989569],[-121.455881,40.991767],[-121.468658,40.999294],[-121.481679,41.004421],[-121.513173,40.990587],[-121.536448,40.990668],[-121.55842,40.995795],[-121.573313,41.002631],[-121.594228,41.017035],[-121.609853,41.025458],[-121.627105,41.029568],[-121.652699,41.030544],[-121.663889,41.028266],[-121.682729,41.0185],[-121.744618,41.009467],[-121.759674,40.999864],[-121.784291,40.97488],[-121.799875,40.968451],[-121.816396,40.972602],[-121.843617,40.996894],[-121.869862,41.008409],[-121.883046,41.021023],[-121.898549,41.032823],[-121.917144,41.036729],[-121.93163,41.031358],[-121.943227,41.021348],[-121.973866,40.982449],[-121.978261,40.96955],[-121.977366,40.944892],[-121.973012,40.92532],[-121.963002,40.913764],[-121.951772,40.904975],[-121.943837,40.893378],[-121.943593,40.878119],[-121.952056,40.867255],[-121.965688,40.860785],[-121.981068,40.858588],[-121.992828,40.853135],[-122.025746,40.817003],[-122.048085,40.826524],[-122.065175,40.814276],[-122.079823,40.793158],[-122.094635,40.783515]]]}},{"type":"Feature","properties":{"name":"Double Mountain Fork Brazos","name_en":"Double Mountain Fork Brazos","scalerank":6,"min_zoom":5},"geometry":{"type":"MultiLineString","coordinates":[[[-101.658925,33.532538],[-101.625396,33.518012],[-101.545318,33.475043],[-101.452382,33.44127],[-101.433705,33.425605],[-101.426259,33.400092],[-101.423207,33.391669],[-101.408193,33.366156],[-101.32726,33.265692],[-101.320912,33.260688],[-101.299957,33.227851],[-101.288889,33.220974],[-101.275706,33.219184],[-101.261871,33.219306],[-101.199818,33.207099],[-101.176666,33.196804],[-101.16686,33.180365],[-101.164174,33.162299],[-101.156402,33.148749],[-101.143544,33.13996],[-101.125844,33.136013],[-101.102895,33.138129],[-101.05606,33.152411],[-101.03246,33.155829],[-101.010487,33.150987],[-100.995432,33.139472],[-100.982574,33.126003],[-100.9676,33.114936],[-100.948069,33.1081],[-100.903228,33.101833],[-100.881947,33.101264],[-100.834462,33.106635],[-100.813832,33.103542],[-100.80309,33.087592],[-100.787506,33.093858],[-100.77774,33.090684],[-100.777252,33.080919],[-100.789418,33.067694],[-100.772084,33.052843],[-100.755442,33.044379],[-100.736155,33.040635],[-100.710927,33.039822],[-100.700836,33.037421],[-100.700795,33.031521],[-100.704905,33.023749],[-100.707509,33.015896],[-100.702138,33.008328],[-100.689809,33.00434],[-100.675893,33.001899],[-100.665924,32.998847],[-100.657867,32.990994],[-100.646555,32.972439],[-100.638661,32.964057],[-100.630116,32.960028],[-100.603261,32.951931],[-100.568349,32.946804],[-100.547719,32.937852],[-100.515126,32.916287],[-100.509836,32.910753],[-100.506947,32.906033],[-100.501332,32.904649]]]}},{"type":"Feature","properties":{"name":"S. Branch Potomac","name_en":"S. Branch Potomac","scalerank":6,"min_zoom":5},"geometry":{"type":"MultiLineString","coordinates":[[[-79.341542,38.624783],[-79.328806,38.64053],[-79.321889,38.657294],[-79.321889,38.675076],[-79.287384,38.747056],[-79.279937,38.784776],[-79.279042,38.80154],[-79.284047,38.834662],[-79.282867,38.851671],[-79.278391,38.86404],[-79.271555,38.875515],[-79.237416,38.915839],[-79.230377,38.926337],[-79.225901,38.939561],[-79.223215,38.967108],[-79.219553,38.97781],[-79.209055,38.989691],[-79.180165,39.005072],[-79.153554,39.00491],[-79.126373,39.000271],[-79.095937,39.002061],[-79.090484,39.004706],[-79.079416,39.012803],[-79.073232,39.015652],[-79.065094,39.01614],[-79.047475,39.014187],[-79.039622,39.015448],[-79.025258,39.025946],[-79.002349,39.056098],[-78.98762,39.06863],[-78.977366,39.074001],[-78.97289,39.07746],[-78.96996,39.082343],[-78.969228,39.087836],[-78.970123,39.099799],[-78.969228,39.105496],[-78.96467,39.114854],[-78.946889,39.141954],[-78.938791,39.160183],[-78.934885,39.165473],[-78.923085,39.173855],[-78.879628,39.19245],[-78.868316,39.200629],[-78.85851,39.210395],[-78.803578,39.294379],[-78.775624,39.32099],[-78.765736,39.33393],[-78.758412,39.349189],[-78.75357,39.365546],[-78.751536,39.381659],[-78.752024,39.407009],[-78.748931,39.418647],[-78.739735,39.427069],[-78.726389,39.429877],[-78.69811,39.428087],[-78.684438,39.43122],[-78.670481,39.441352],[-78.639027,39.480902],[-78.628651,39.486396],[-78.605214,39.492703],[-78.595448,39.498114],[-78.58849,39.5067],[-78.579457,39.525824],[-78.574941,39.532823],[-78.540842,39.541287],[-78.469065,39.533515],[-78.437978,39.55154],[-78.433217,39.561632],[-78.43814,39.566759],[-78.458079,39.572089],[-78.454823,39.586249],[-78.438547,39.589911],[-78.419057,39.590115],[-78.406361,39.594021],[-78.433909,39.624091],[-78.423818,39.629218],[-78.415028,39.629828],[-78.395497,39.627224],[-78.386301,39.628119],[-78.36026,39.638129],[-78.340403,39.641791],[-78.325347,39.639228]],[[-79.620717,38.441311],[-79.600006,38.464993],[-79.578318,38.484727],[-79.551707,38.496568],[-79.533925,38.494574],[-79.515207,38.482733],[-79.507314,38.484483],[-79.491526,38.502468],[-79.462921,38.52615],[-79.409657,38.578437],[-79.39094,38.597154],[-79.377105,38.604071],[-79.360341,38.609971],[-79.349517,38.616889],[-79.341624,38.624783]]]}},{"type":"Feature","properties":{"name":"Hudson","name_en":"Hudson","scalerank":6,"min_zoom":5},"geometry":{"type":"MultiLineString","coordinates":[[[-74.074534,44.100165],[-74.076243,44.091986],[-74.072377,44.09044],[-74.066965,44.090155],[-74.063954,44.085557],[-74.057118,44.018256],[-74.057444,44.000515],[-74.06017,43.987372],[-74.068186,43.979193],[-74.084096,43.976345],[-74.109975,43.977322],[-74.126576,43.976182],[-74.139231,43.96662],[-74.188873,43.869818],[-74.184885,43.842963],[-74.146148,43.832343],[-74.08552,43.812934],[-74.07136,43.805609],[-74.065053,43.794257],[-74.051747,43.758572],[-74.046539,43.751044],[-74.035553,43.747748],[-74.027821,43.740505],[-74.022694,43.733222],[-74.019602,43.729926],[-74.009145,43.727973],[-73.987294,43.719021],[-73.975168,43.716254],[-73.930247,43.713568],[-73.913075,43.703192],[-73.89623,43.640204],[-73.872467,43.593817],[-73.844146,43.554633],[-73.814605,43.533637],[-73.811716,43.522976],[-73.810658,43.500556],[-73.814565,43.493923],[-73.844838,43.476671],[-73.860992,43.460395],[-73.871775,43.443305],[-73.877675,43.423163],[-73.879547,43.397813],[-73.877553,43.373236],[-73.871693,43.352362],[-73.847483,43.301459],[-73.846099,43.284247],[-73.844838,43.278022],[-73.839345,43.265977],[-73.835601,43.262234],[-73.813791,43.263739],[-73.801747,43.261786],[-73.779897,43.252753],[-73.765981,43.250759],[-73.754384,43.253933],[-73.746978,43.261542],[-73.741363,43.270575],[-73.734975,43.278022],[-73.71467,43.284125],[-73.668772,43.282823],[-73.65982,43.28795],[-73.657379,43.300116],[-73.650746,43.307481],[-73.640859,43.311143],[-73.628855,43.312201],[-73.615956,43.309109],[-73.612498,43.301093],[-73.612864,43.290107],[-73.61144,43.278022],[-73.597279,43.240261],[-73.593129,43.222195],[-73.592397,43.103787],[-73.584177,43.085639],[-73.60969,43.019599],[-73.621978,43.000027],[-73.625071,42.990994],[-73.626698,42.978339],[-73.629465,42.966986],[-73.673492,42.928575],[-73.688954,42.897488],[-73.674428,42.825873],[-73.680328,42.784003],[-73.702138,42.760077],[-73.707631,42.749823],[-73.708363,42.738959],[-73.706899,42.714789],[-73.711049,42.70543],[-73.735504,42.675238],[-73.755442,42.64057],[-73.76358,42.618842],[-73.767812,42.597235],[-73.77245,42.533311],[-73.785268,42.497382],[-73.796457,42.396674],[-73.792795,42.374823],[-73.777821,42.336493],[-73.77595,42.318427],[-73.783599,42.304267],[-73.799998,42.286078],[-73.818918,42.270535],[-73.834299,42.263861],[-73.848215,42.254706],[-73.942372,42.105414],[-73.944651,42.084906],[-73.940419,42.044135],[-73.956044,41.975409],[-73.950999,41.958808],[-73.947092,41.950141],[-73.948842,41.93948],[-73.952626,41.928168],[-73.954701,41.917507],[-73.952707,41.905951],[-73.943471,41.884955],[-73.940419,41.872829],[-73.941762,41.856147],[-73.952219,41.817084],[-73.954701,41.800808],[-73.952626,41.78205],[-73.948069,41.765408],[-73.941029,41.736925],[-73.947255,41.648261],[-73.956858,41.60871],[-73.980621,41.567491],[-73.987945,41.547675],[-73.995676,41.509711],[-73.994252,41.48664],[-73.987498,41.469794],[-73.967681,41.440863],[-73.961537,41.426093],[-73.958323,41.409451],[-73.958323,41.391384],[-73.961537,41.372504],[-73.973866,41.338487],[-73.97232,41.321397],[-73.94929,41.30919]]]}},{"type":"Feature","properties":{"name":"Wabash","name_en":"Wabash","scalerank":6,"min_zoom":5},"geometry":{"type":"MultiLineString","coordinates":[[[-84.754709,40.358954],[-84.729726,40.357123],[-84.709096,40.352362],[-84.647694,40.327012],[-84.638051,40.32864],[-84.623687,40.337836],[-84.61852,40.343695],[-84.611073,40.35456],[-84.60554,40.366523],[-84.606313,40.375759],[-84.622182,40.387274],[-84.677561,40.414984],[-84.69636,40.420437],[-84.72411,40.421942],[-84.795644,40.427273],[-84.794586,40.431749],[-84.793324,40.434597],[-84.788197,40.440863],[-84.795644,40.447699],[-84.78189,40.478217],[-84.774526,40.488715],[-84.768137,40.492377],[-84.758941,40.495388],[-84.750722,40.499335],[-84.747222,40.505723],[-84.741526,40.521837],[-84.732004,40.531765],[-84.730092,40.541449],[-84.747222,40.556952],[-84.791127,40.575059],[-84.887115,40.585639],[-84.932769,40.598578],[-84.939443,40.602891],[-84.952707,40.619005],[-84.954498,40.623155],[-84.954579,40.628485],[-84.955393,40.634223],[-84.959462,40.639472],[-84.964955,40.64114],[-84.98054,40.641628],[-85.031809,40.653144],[-85.039662,40.656846],[-85.046457,40.665351],[-85.055653,40.680487],[-85.088612,40.708116],[-85.206532,40.783515],[-85.23058,40.802761],[-85.246165,40.808661],[-85.297027,40.814032],[-85.341949,40.82807],[-85.419016,40.834988],[-85.443023,40.842149],[-85.46349,40.85517],[-85.474436,40.859198],[-85.500966,40.857489],[-85.511301,40.862006],[-85.545725,40.889675],[-85.576161,40.894558],[-85.693105,40.844916],[-85.825836,40.805854],[-85.870839,40.801622],[-85.915273,40.786973],[-85.947418,40.781358],[-85.96581,40.771999],[-85.977773,40.769843],[-86.021881,40.771308],[-86.035756,40.769843],[-86.123443,40.750678],[-86.170033,40.747504],[-86.263661,40.766181],[-86.285715,40.764472],[-86.30606,40.752143],[-86.326243,40.744981],[-86.35497,40.746609],[-86.40567,40.755561],[-86.42984,40.755723],[-86.498158,40.748725],[-86.517486,40.743109],[-86.647939,40.658637],[-86.67691,40.631781],[-86.70051,40.598578],[-86.708608,40.581488],[-86.71231,40.576931],[-86.752838,40.553249],[-86.778188,40.54328],[-86.837066,40.496161],[-86.868967,40.487128],[-86.878651,40.481879],[-86.90038,40.452704],[-86.912831,40.417019],[-86.917714,40.410427],[-86.929351,40.407172],[-86.953725,40.406114],[-87.046254,40.420437],[-87.066396,40.41588],[-87.084055,40.404853],[-87.11144,40.379462],[-87.144643,40.358425],[-87.269114,40.310492],[-87.316518,40.270697],[-87.32433,40.258734],[-87.331695,40.241278],[-87.349721,40.229112],[-87.432281,40.197455],[-87.44872,40.181993],[-87.443837,40.163153],[-87.427602,40.14289],[-87.420481,40.123358],[-87.420725,40.102362],[-87.435943,40.038764],[-87.439036,39.999701],[-87.434071,39.963731],[-87.419301,39.933783],[-87.403432,39.919501],[-87.387115,39.908311],[-87.375234,39.894395],[-87.372711,39.87169],[-87.37682,39.860704],[-87.38976,39.843126],[-87.391957,39.830756],[-87.387034,39.819648],[-87.378245,39.80919],[-87.372222,39.798529],[-87.375844,39.786689],[-87.390614,39.751817],[-87.394846,39.706732],[-87.391957,39.62873],[-87.393137,39.618232],[-87.402496,39.58279],[-87.409332,39.573269],[-87.416168,39.565863],[-87.430776,39.536404],[-87.434722,39.512803],[-87.439036,39.505479],[-87.443756,39.500678],[-87.447174,39.49494],[-87.461008,39.432563],[-87.471099,39.416124],[-87.522694,39.373358],[-87.53661,39.357123],[-87.597076,39.334784],[-87.615102,39.319892],[-87.625478,39.299628],[-87.620758,39.282253],[-87.598012,39.248562],[-87.598866,39.205593],[-87.663401,39.15644],[-87.6669,39.118191],[-87.661244,39.10989],[-87.653879,39.104844],[-87.639027,39.097724],[-87.608632,39.073513],[-87.598459,39.055609],[-87.590077,39.018419],[-87.583811,39.001532],[-87.572377,38.990302],[-87.542633,38.97016],[-87.53661,38.957465],[-87.53661,38.916531],[-87.539703,38.905463],[-87.553782,38.889675],[-87.557037,38.877997],[-87.545969,38.841091],[-87.524322,38.802517],[-87.511342,38.763251],[-87.542795,38.689968],[-87.547922,38.682685],[-87.559804,38.680732],[-87.573476,38.680772],[-87.583811,38.679389],[-87.599843,38.668484],[-87.615142,38.651679],[-87.623402,38.631781],[-87.61852,38.61168],[-87.621571,38.606391],[-87.624745,38.602484],[-87.628285,38.599636],[-87.632192,38.597439],[-87.625966,38.597439],[-87.638905,38.591254],[-87.651845,38.582831],[-87.662017,38.571479],[-87.6669,38.556464],[-87.663442,38.540798],[-87.646596,38.519802],[-87.646474,38.508083],[-87.653391,38.497016],[-87.658599,38.497911],[-87.664662,38.502265],[-87.673736,38.501817],[-87.681223,38.497138],[-87.691965,38.487128],[-87.700429,38.481391],[-87.732004,38.468533],[-87.762522,38.460883],[-87.762522,38.453437],[-87.747385,38.441596],[-87.752431,38.421454],[-87.76769,38.400214],[-87.78303,38.385118],[-87.79011,38.381903],[-87.809682,38.376329],[-87.817738,38.371527],[-87.825999,38.36046],[-87.834788,38.337755],[-87.841379,38.326768],[-87.844472,38.317694],[-87.846018,38.304999],[-87.848744,38.293769],[-87.855336,38.288926],[-87.864735,38.293321],[-87.869049,38.302924],[-87.871571,38.312567],[-87.875478,38.316921],[-87.882721,38.313747],[-87.890696,38.306342],[-87.897084,38.298163],[-87.904897,38.279486],[-87.915761,38.284695],[-87.925201,38.296332],[-87.926381,38.302598],[-87.945668,38.298774],[-87.955149,38.286444],[-87.960561,38.270209],[-87.967926,38.254218],[-87.976796,38.245388],[-87.98526,38.239529],[-87.992014,38.232693],[-87.995269,38.220649],[-87.992665,38.209906],[-87.985748,38.202175],[-87.978668,38.195909],[-87.975413,38.189317],[-87.965484,38.179755],[-87.946441,38.17121],[-87.934071,38.159776],[-87.944407,38.141872],[-87.953684,38.137397],[-87.975535,38.133368],[-87.985341,38.127875],[-88.006947,38.111151],[-88.030019,38.097764],[-88.014027,38.091498],[-87.982533,38.094102],[-87.967926,38.083523],[-87.981842,38.073554],[-87.998647,38.064805],[-88.016265,38.058539],[-88.033111,38.05622],[-88.045522,38.051622],[-88.031565,38.027126],[-88.043691,38.015245],[-88.039662,38.005235],[-88.035878,37.988878],[-88.035064,37.973578],[-88.039947,37.966864],[-88.049469,37.961493],[-88.049794,37.949408],[-88.043691,37.928982],[-88.041249,37.915147],[-88.038319,37.905544],[-88.041493,37.898301],[-88.057362,37.89171],[-88.067372,37.891872],[-88.111969,37.898546],[-88.095367,37.8817],[-88.046295,37.844428],[-88.039947,37.83336],[-88.050608,37.828884],[-88.065907,37.827989],[-88.094879,37.829657],[-88.098622,37.827501],[-88.098622,37.822821],[-88.095041,37.818142],[-88.088043,37.815985],[-88.068756,37.814317],[-88.0454,37.806667]]]}},{"type":"Feature","properties":{"name":"Saint John","name_en":"Saint John","scalerank":6,"min_zoom":5},"geometry":{"type":"MultiLineString","coordinates":[[[-70.264068,46.183458],[-70.285553,46.192084],[-70.281646,46.212185],[-70.25414,46.251776],[-70.236928,46.288601],[-70.224477,46.301052],[-70.202626,46.305732],[-70.200266,46.315538],[-70.197743,46.337104],[-70.189158,46.358669],[-70.168121,46.368476],[-70.153798,46.373114],[-70.075103,46.419786],[-70.037587,46.449083],[-70.034413,46.454128],[-70.031402,46.475857],[-70.023061,46.495429],[-70.010121,46.510688],[-69.993479,46.519314],[-69.968455,46.519558],[-69.946889,46.510321],[-69.911488,46.484565],[-69.886098,46.487006],[-69.860178,46.498399],[-69.845286,46.515733],[-69.853139,46.536322],[-69.871449,46.554389],[-69.877878,46.567654],[-69.869252,46.57807],[-69.842641,46.587592],[-69.829742,46.585801],[-69.819488,46.587266],[-69.808461,46.594346],[-69.802113,46.603583],[-69.797922,46.614936],[-69.795522,46.627143],[-69.79483,46.638739],[-69.786733,46.65119],[-69.733388,46.697374],[-69.721913,46.703315],[-69.691762,46.711046],[-69.678293,46.718777],[-69.672841,46.725694],[-69.669301,46.7331],[-69.661366,46.742133],[-69.598866,46.785753],[-69.581899,46.806667],[-69.578236,46.815782],[-69.572906,46.83515],[-69.568918,46.840847],[-69.555898,46.841824],[-69.542551,46.836941],[-69.532175,46.836697],[-69.527943,46.851386],[-69.523101,46.861599],[-69.511871,46.868272],[-69.499257,46.873399],[-69.490102,46.878974],[-69.483551,46.888617],[-69.481557,46.89643],[-69.481068,46.903103],[-69.479563,46.909044],[-69.472646,46.919542],[-69.451568,46.943874],[-69.447825,46.954169],[-69.446889,46.96308],[-69.442372,46.969346],[-69.401438,46.976833],[-69.392079,46.989814],[-69.387929,47.007432],[-69.377105,47.026394],[-69.370351,47.030097],[-69.342356,47.040066],[-69.308746,47.064032],[-69.297678,47.067328],[-69.271962,47.071845],[-69.223744,47.093614],[-69.198354,47.101508],[-69.167104,47.094794],[-69.157379,47.094672],[-69.146881,47.102118],[-69.140981,47.113593],[-69.133738,47.124132],[-69.119496,47.12877],[-69.09553,47.123969],[-69.052602,47.104112],[-69.027008,47.101508],[-68.984446,47.114691],[-68.961781,47.124579],[-68.951975,47.132188],[-68.946441,47.156317],[-68.932729,47.171739],[-68.896718,47.190863],[-68.890492,47.190863],[-68.762563,47.23725],[-68.718577,47.245469],[-68.669545,47.24372],[-68.644928,47.245632],[-68.626373,47.255439],[-68.608632,47.270087],[-68.586008,47.282782],[-68.540395,47.300116],[-68.518707,47.304999],[-68.492747,47.307807],[-68.467519,47.305976],[-68.436106,47.291531],[-68.423329,47.293402],[-68.410959,47.297675],[-68.386342,47.301947],[-68.384145,47.3074],[-68.385569,47.316189],[-68.382802,47.32807],[-68.348541,47.35871],[-68.300445,47.368028],[-68.247222,47.360867],[-68.197825,47.341742],[-68.185129,47.33336],[-68.15685,47.306952],[-68.145823,47.301703],[-68.116119,47.292548],[-68.102203,47.286444],[-68.040151,47.245469],[-67.993967,47.223456],[-67.963206,47.197943],[-67.954457,47.186876],[-67.950754,47.173163],[-67.944203,47.164822],[-67.89981,47.139024],[-67.871327,47.107611],[-67.855458,47.09809],[-67.793772,47.074164],[-67.768951,47.066352],[-67.756907,47.060981],[-67.745961,47.053738],[-67.740793,47.047309],[-67.736562,47.033637],[-67.732289,47.026394],[-67.701324,46.996853],[-67.688873,46.978583],[-67.683909,46.953803],[-67.688222,46.94538],[-67.707387,46.935248],[-67.711781,46.927069],[-67.710601,46.915595],[-67.705556,46.895941],[-67.704335,46.88581],[-67.704742,46.864814],[-67.707265,46.846747],[-67.713368,46.828437],[-67.724843,46.806667],[-67.704335,46.779975],[-67.705393,46.766181],[-67.715443,46.745429],[-67.721262,46.725043],[-67.73526,46.710964],[-67.738515,46.700873],[-67.736399,46.692491],[-67.724843,46.670111],[-67.728383,46.651068],[-67.736195,46.630927],[-67.739247,46.610541],[-67.728586,46.590928],[-67.697092,46.567003],[-67.610748,46.524197],[-67.590321,46.506171],[-67.591379,46.488227],[-67.621775,46.459052],[-67.623769,46.447455],[-67.61498,46.429877],[-67.540598,46.335517],[-67.527943,46.31212],[-67.520009,46.286566],[-67.523874,46.247382],[-67.564524,46.179999],[-67.574656,46.135688],[-67.569447,46.087104],[-67.552846,46.049425],[-67.523101,46.022406],[-67.478383,46.005398],[-67.330678,45.973578],[-67.279775,45.970567],[-67.256296,45.974066],[-67.221099,45.988471],[-67.200999,45.991726],[-67.174631,45.988471],[-67.018666,45.924384],[-66.995229,45.906073],[-66.968373,45.889472],[-66.93932,45.88935],[-66.91161,45.900092],[-66.888783,45.915961],[-66.869211,45.934923],[-66.859446,45.948065],[-66.848704,45.97602],[-66.833485,45.981513],[-66.816151,45.983466],[-66.778228,45.994981],[-66.710194,45.980048],[-66.683949,45.984931],[-66.51887,45.888699],[-66.470041,45.869696],[-66.442983,45.867458],[-66.401031,45.887274],[-66.3756,45.888739],[-66.269521,45.870469],[-66.239858,45.862087],[-66.220937,45.850775],[-66.200999,45.83572],[-66.181549,45.830024],[-66.163971,45.822048],[-66.149526,45.799872],[-66.147532,45.790229],[-66.146962,45.781277],[-66.144358,45.771308],[-66.135854,45.758897],[-66.121002,45.742051],[-66.11262,45.734687],[-66.104848,45.731635],[-66.100819,45.726182],[-66.101186,45.714301],[-66.099965,45.702338],[-66.083079,45.691718],[-66.083079,45.679633],[-66.086252,45.665717],[-66.087473,45.6553],[-66.075185,45.630235],[-66.039662,45.593695],[-66.032216,45.562812],[-66.036936,45.555528],[-66.07551,45.524726],[-66.082834,45.521308],[-66.090688,45.518988],[-66.098012,45.518134],[-66.098744,45.515001],[-66.108551,45.498236],[-66.141469,45.460639],[-66.155751,45.450466],[-66.176422,45.440619],[-66.183013,45.436225],[-66.187245,45.430732],[-66.189443,45.419135],[-66.193593,45.412299],[-66.204945,45.404486],[-66.217397,45.399237],[-66.227366,45.392035],[-66.231435,45.378201],[-66.22936,45.361599],[-66.223134,45.35224],[-66.21227,45.346462],[-66.190663,45.338731]]]}},{"type":"Feature","properties":{"name":"Yadkin","name_en":"Yadkin","scalerank":6,"min_zoom":5},"geometry":{"type":"MultiLineString","coordinates":[[[-81.576324,36.073676],[-81.556142,36.048855],[-81.531646,36.037421],[-81.504384,36.038194],[-81.475901,36.05032],[-81.450795,36.072048],[-81.44164,36.078233],[-81.419179,36.086534],[-81.371897,36.096462],[-81.348948,36.105821],[-81.312571,36.123887],[-81.274078,36.134833],[-81.160878,36.141384],[-81.138661,36.146348],[-81.059641,36.173041],[-80.992828,36.203437],[-80.906402,36.224921],[-80.865142,36.23078],[-80.811879,36.250027],[-80.772206,36.256374],[-80.749257,36.265326],[-80.735097,36.267401],[-80.64977,36.254706],[-80.635243,36.257595],[-80.623931,36.283149],[-80.612131,36.285509],[-80.598297,36.279649],[-80.587392,36.267401],[-80.57079,36.278103],[-80.562245,36.281317],[-80.553212,36.281684],[-80.542592,36.277371],[-80.538564,36.27086],[-80.536733,36.264268],[-80.532786,36.259955],[-80.461497,36.254747],[-80.450795,36.243476],[-80.448638,36.238593]]]}},{"type":"Feature","properties":{"name":"Willamette","name_en":"Willamette","scalerank":6,"min_zoom":5},"geometry":{"type":"MultiLineString","coordinates":[[[-122.094635,43.422065],[-122.12857,43.427802],[-122.160308,43.443142],[-122.219106,43.485134],[-122.253896,43.506415],[-122.26537,43.51081],[-122.320139,43.51614],[-122.375356,43.513943],[-122.422231,43.52497],[-122.452138,43.570014],[-122.456695,43.590033],[-122.459584,43.614203],[-122.457997,43.637763],[-122.44872,43.656033],[-122.435414,43.674872],[-122.428049,43.697821],[-122.428578,43.721218],[-122.439117,43.741278],[-122.453928,43.750759],[-122.500111,43.766547],[-122.517323,43.769232],[-122.518137,43.776313],[-122.53718,43.809149],[-122.546498,43.819281],[-122.60143,43.854926],[-122.640614,43.866075],[-122.678131,43.895697],[-122.697987,43.908067],[-122.763661,43.927069],[-122.783315,43.929145],[-122.802235,43.933702],[-122.819692,43.944688],[-122.906565,44.021674],[-122.927561,44.034288],[-122.950103,44.036729],[-122.974029,44.035956],[-122.999013,44.039008],[-123.063791,44.066962],[-123.085032,44.081488],[-123.097483,44.092231],[-123.103383,44.102607],[-123.091461,44.107245],[-123.087026,44.113308],[-123.091135,44.126654],[-123.10204,44.148261],[-123.110341,44.178982],[-123.11913,44.195624],[-123.132436,44.202908],[-123.14981,44.271796],[-123.160308,44.283515],[-123.171457,44.293158],[-123.180409,44.304999],[-123.183949,44.322943],[-123.190745,44.333279],[-123.203684,44.340603],[-123.211903,44.351996],[-123.204457,44.374213],[-123.20873,44.375556],[-123.218129,44.381049],[-123.209706,44.389268],[-123.207143,44.396999],[-123.206695,44.405219],[-123.203033,44.422309],[-123.203928,44.426296],[-123.202545,44.430609],[-123.194569,44.439032],[-123.189687,44.452012],[-123.189076,44.495632],[-123.190785,44.511339],[-123.19636,44.528632],[-123.204457,44.545478],[-123.228627,44.568915],[-123.232411,44.576483],[-123.228261,44.584174],[-123.218577,44.589423],[-123.207021,44.592353],[-123.183746,44.594306],[-123.178375,44.597724],[-123.176015,44.604071],[-123.170969,44.613796],[-123.16804,44.621202],[-123.167226,44.635565],[-123.163482,44.64171],[-123.154286,44.646348],[-123.142568,44.648057],[-123.097808,44.649685],[-123.075185,44.655544],[-123.060048,44.666205],[-123.061106,44.682685],[-123.076161,44.691718],[-123.099192,44.69713],[-123.120188,44.704779],[-123.129384,44.720242],[-123.125396,44.740302],[-123.114735,44.752956],[-123.080922,44.77143],[-123.097646,44.776964],[-123.115224,44.778428],[-123.122426,44.783271],[-123.108266,44.798774],[-123.098378,44.803087],[-123.087026,44.805691],[-123.077789,44.810248],[-123.074086,44.820502],[-123.077463,44.829128],[-123.08552,44.832139],[-123.108266,44.833523],[-123.131663,44.837958],[-123.151967,44.844672],[-123.160797,44.856228],[-123.14981,44.875067],[-123.144887,44.876899],[-123.129262,44.878363],[-123.122548,44.881293],[-123.118723,44.886542],[-123.117787,44.891954],[-123.117543,44.896999],[-123.115712,44.90115],[-123.080922,44.93655],[-123.021474,44.966986],[-123.012685,44.977484],[-123.019276,44.987982],[-123.051137,45.008246],[-123.061106,45.024685],[-123.061635,45.044298],[-123.056874,45.063178],[-123.049143,45.080105],[-123.040598,45.093573],[-123.024729,45.105089],[-122.984609,45.119005],[-122.97175,45.134548],[-122.983876,45.153388],[-122.988759,45.158759],[-122.991811,45.165798],[-122.984853,45.180976],[-122.985341,45.189765],[-122.995107,45.201117],[-123.021962,45.213446],[-123.033803,45.223944],[-123.026601,45.228339],[-122.981801,45.241523],[-122.973948,45.241767],[-122.971669,45.245795],[-122.97175,45.261501],[-122.963287,45.28144],[-122.942983,45.284247],[-122.896596,45.271674],[-122.850087,45.27029],[-122.717844,45.306464],[-122.667592,45.308173],[-122.650136,45.316107],[-122.643381,45.337185],[-122.634877,45.350775],[-122.597279,45.373074],[-122.588124,45.388983],[-122.594838,45.41059],[-122.628163,45.438747],[-122.635894,45.460395],[-122.631825,45.498887],[-122.635162,45.51789],[-122.649566,45.539252],[-122.734242,45.590888],[-122.760081,45.623806],[-122.734202,45.656562]]]}},{"type":"Feature","properties":{"name":"Gila","name_en":"Gila","scalerank":6,"min_zoom":5},"geometry":{"type":"MultiLineString","coordinates":[[[-108.203603,33.57685],[-108.196685,33.552191],[-108.148997,33.484727],[-108.147084,33.472724],[-108.148997,33.436957],[-108.140777,33.429145],[-108.118764,33.420518],[-108.114247,33.412706],[-108.115224,33.405829],[-108.117909,33.399197],[-108.131215,33.377061],[-108.133209,33.37226],[-108.134592,33.367296],[-108.136383,33.352973],[-108.138295,33.348171],[-108.145863,33.336249],[-108.148671,33.330146],[-108.149892,33.322699],[-108.149485,33.314643],[-108.148061,33.307563],[-108.14566,33.301785],[-108.145416,33.299099],[-108.146799,33.295233],[-108.15095,33.28974],[-108.15685,33.284613],[-108.175852,33.271796],[-108.18102,33.266791],[-108.189809,33.254665],[-108.196523,33.2414],[-108.201039,33.227729],[-108.201283,33.216824],[-108.199045,33.205837],[-108.198476,33.195258],[-108.203765,33.185858],[-108.212961,33.179796],[-108.233632,33.1706],[-108.242991,33.16413],[-108.248647,33.157538],[-108.273101,33.115546],[-108.289622,33.097276],[-108.308827,33.081895],[-108.329213,33.071234],[-108.344553,33.068305],[-108.50182,33.080675],[-108.515045,33.077908],[-108.522572,33.07335],[-108.527211,33.067206],[-108.544586,33.027167],[-108.559885,33.00491],[-108.588612,32.974677],[-108.60204,32.955146],[-108.607655,32.932929],[-108.600168,32.87462],[-108.600901,32.854071],[-108.60497,32.841661],[-108.616526,32.819037],[-108.620351,32.79328],[-108.625803,32.784735],[-108.633127,32.777126],[-108.652984,32.746649],[-108.660634,32.738145],[-108.671213,32.73017],[-108.679026,32.72602],[-108.73351,32.708523],[-108.746327,32.699652],[-108.751698,32.686225],[-108.761383,32.678331],[-108.827382,32.655463],[-108.864166,32.63581],[-108.881703,32.630194],[-108.905629,32.628201],[-108.92748,32.631293],[-109.061594,32.693223],[-109.129221,32.738105],[-109.182688,32.793158],[-109.217193,32.861518],[-109.226064,32.914862],[-109.235911,32.929063],[-109.244985,32.93476],[-109.34911,32.973212],[-109.35851,32.975206],[-109.368153,32.976182],[-109.378489,32.975775],[-109.410064,32.967475],[-109.437245,32.951931],[-109.484731,32.908718],[-109.505198,32.877997],[-109.531972,32.861274],[-109.539377,32.854071],[-109.557525,32.861029],[-109.578969,32.856757],[-109.598622,32.846951],[-109.611684,32.836982],[-109.630971,32.827582],[-109.656321,32.825995],[-109.704457,32.833604],[-109.747304,32.849148],[-109.855295,32.915554],[-109.863515,32.927924],[-109.880035,32.97248],[-109.887563,32.982245],[-109.897817,32.990749],[-109.940256,33.049628],[-109.975575,33.077745],[-110.091135,33.145209],[-110.12206,33.171576],[-110.140492,33.1824],[-110.295277,33.206244],[-110.483551,33.196112],[-110.533193,33.181667],[-110.579905,33.159532],[-110.645619,33.111436],[-110.691762,33.092108],[-110.703277,33.082221],[-110.726959,33.031073],[-110.740468,33.017361],[-110.763539,33.009548],[-110.783762,33.015163],[-110.822906,33.04206],[-110.839345,33.048529],[-110.873525,33.054063],[-110.889231,33.060248],[-110.892812,33.063178],[-110.898101,33.069444],[-110.901519,33.072618],[-110.906972,33.075059],[-110.912994,33.076768],[-110.91808,33.079413],[-110.920644,33.084825],[-110.926503,33.087714],[-110.931467,33.092719],[-110.943674,33.109727],[-110.948313,33.114122],[-110.953603,33.117743],[-110.959869,33.121039],[-110.967193,33.123969],[-110.974233,33.125434],[-110.981557,33.125434],[-110.997385,33.122585],[-111.021718,33.121649],[-111.029042,33.122585],[-111.046702,33.12995],[-111.054799,33.131415],[-111.099029,33.131619],[-111.117014,33.129747],[-111.133901,33.124335],[-111.16686,33.101833],[-111.176991,33.096991],[-111.1881,33.094794],[-111.199534,33.095079],[-111.210561,33.097602],[-111.24413,33.110175],[-111.255605,33.11168]],[[-111.255605,33.11168],[-111.421742,33.044501],[-111.523183,33.018256],[-111.568471,33.035956],[-111.590199,33.051581],[-111.765289,33.098985],[-111.863271,33.148953],[-111.879506,33.146023],[-111.89623,33.153144],[-111.913442,33.163194],[-111.930979,33.169379],[-111.948232,33.168321],[-111.977895,33.15823],[-111.993031,33.155788],[-112.023752,33.161729],[-112.054799,33.176093],[-112.102895,33.209784],[-112.10558,33.215522],[-112.106557,33.222724],[-112.109934,33.228868],[-112.119618,33.231472],[-112.128285,33.232204],[-112.134999,33.233832],[-112.186879,33.256659],[-112.199086,33.265652],[-112.230133,33.318915],[-112.252024,33.337836],[-112.280385,33.327094],[-112.293568,33.340033],[-112.312001,33.375108],[-112.325347,33.38227],[-112.347401,33.385606],[-112.393666,33.399522],[-112.418202,33.402167],[-112.438873,33.397773],[-112.466176,33.387234],[-112.489898,33.373074],[-112.500111,33.357774],[-112.71345,33.326483],[-112.753977,33.312812],[-112.790273,33.279975],[-112.785797,33.243476],[-112.760121,33.209174],[-112.732818,33.183051],[-112.71524,33.156073],[-112.696889,33.111843],[-112.686147,33.065456],[-112.691884,33.032253],[-112.723622,33.011054],[-112.765981,33.00491],[-112.808949,33.01081],[-112.862864,33.035834],[-112.878896,33.037177],[-112.921254,33.032253],[-112.931467,33.033881],[-112.941029,33.038031],[-112.949534,33.043647],[-112.956288,33.049628],[-112.966542,33.055609],[-112.988678,33.056423],[-113.001047,33.059516],[-113.043528,33.08393],[-113.065785,33.086046],[-113.07551,33.062934],[-113.08316,33.052314],[-113.121816,33.020575],[-113.137563,33.011786],[-113.156402,33.009345],[-113.230051,33.011786],[-113.253977,33.0067],[-113.273427,32.9949],[-113.290924,32.981269],[-113.308909,32.970771],[-113.329254,32.967963],[-113.376291,32.968207],[-113.394195,32.959906],[-113.411733,32.943874],[-113.427358,32.933051],[-113.52599,32.885606],[-113.538482,32.881415],[-113.638905,32.863796],[-113.647125,32.86046],[-113.658315,32.854071],[-113.662668,32.843329],[-113.664459,32.840399],[-113.677805,32.833564],[-113.6822,32.830186],[-113.690338,32.826483],[-113.701731,32.825629],[-113.7235,32.826768],[-113.733306,32.82449],[-113.740712,32.818915],[-113.747182,32.812201],[-113.754506,32.80626],[-113.7683,32.799425],[-113.809153,32.785224],[-113.831288,32.76911],[-113.843373,32.763495],[-113.843251,32.772162],[-113.867177,32.779079],[-113.896352,32.77086],[-113.925526,32.758246],[-113.949452,32.751654],[-113.966217,32.752224],[-113.970367,32.751573],[-113.968251,32.746649],[-113.966176,32.73432],[-113.972768,32.719428],[-113.988393,32.716986],[-114.006663,32.718777],[-114.021392,32.716905],[-114.037221,32.723009],[-114.072336,32.725898],[-114.086903,32.73432],[-114.100413,32.739691],[-114.110829,32.729682],[-114.117014,32.712673],[-114.117584,32.697048],[-114.158559,32.716905],[-114.165151,32.714952],[-114.189361,32.692694],[-114.20226,32.684434],[-114.210805,32.681098],[-114.220041,32.681342],[-114.283355,32.694932],[-114.307973,32.704698],[-114.327016,32.717841],[-114.33731,32.734076],[-114.353424,32.77265],[-114.366322,32.785915],[-114.384755,32.790107],[-114.403066,32.78498],[-114.419667,32.773871],[-114.454661,32.735785],[-114.477895,32.721259],[-114.504628,32.717556],[-114.536733,32.72602],[-114.543121,32.729315],[-114.546213,32.730414],[-114.558461,32.733751]],[[-111.249379,33.104275],[-111.255605,33.11168]]]}},{"type":"Feature","properties":{"name":"Brazos","name_en":"Brazos","scalerank":6,"min_zoom":5},"geometry":{"type":"MultiLineString","coordinates":[[[-99.680776,33.539903],[-99.637563,33.538886],[-99.614369,33.543484],[-99.594594,33.572821],[-99.572255,33.580634],[-99.548818,33.58279],[-99.535715,33.581651],[-99.528961,33.575792],[-99.525502,33.568915],[-99.52009,33.562934],[-99.507721,33.559882],[-99.499664,33.563096],[-99.482045,33.578152],[-99.470204,33.581651],[-99.401723,33.574042],[-99.378041,33.574246],[-99.285512,33.587917],[-99.258697,33.584784],[-99.249257,33.575751],[-99.24767,33.540066],[-99.240224,33.520453],[-99.21817,33.48904],[-99.213531,33.46837],[-99.203847,33.466986],[-99.1162,33.472032],[-99.106068,33.470404],[-99.096832,33.464952],[-99.094106,33.456163],[-99.095326,33.444851],[-99.094716,33.435004],[-99.086578,33.430854],[-99.071889,33.419623],[-99.047109,33.368964],[-99.034779,33.35574],[-99.003814,33.373358],[-98.9829,33.378282],[-98.973297,33.365343],[-98.971303,33.35871],[-98.961049,33.338813],[-98.956532,33.334581],[-98.943186,33.329861],[-98.944814,33.318427],[-98.951405,33.304755],[-98.95287,33.293036],[-98.94286,33.283149],[-98.894521,33.248969],[-98.880767,33.235867],[-98.867299,33.22545],[-98.851064,33.217353],[-98.829335,33.211127],[-98.788971,33.204901],[-98.780344,33.201443],[-98.76358,33.19245],[-98.757639,33.190619],[-98.710439,33.148749],[-98.699574,33.136013],[-98.692128,33.129177],[-98.714955,33.098822],[-98.722279,33.081],[-98.716664,33.064032],[-98.702138,33.052598],[-98.672475,33.040961],[-98.658599,33.032335],[-98.646718,33.019395],[-98.637929,33.004828],[-98.632558,32.989447],[-98.630727,32.974311],[-98.623118,32.965115],[-98.606516,32.965277],[-98.589833,32.973497],[-98.582265,32.988308],[-98.582916,33.021023],[-98.581288,33.0362],[-98.576039,33.046658],[-98.561431,33.054226],[-98.550852,33.048448],[-98.531728,33.022732],[-98.510732,33.002021],[-98.483713,32.981798],[-98.452301,32.972724],[-98.418446,32.985175],[-98.404205,32.978827],[-98.390492,32.970893],[-98.43342,32.939887],[-98.449859,32.919867],[-98.452545,32.895819],[-98.441884,32.884955],[-98.399485,32.862657],[-98.384267,32.847968],[-98.38976,32.836737],[-98.381418,32.829291],[-98.365793,32.826117],[-98.349517,32.827501],[-98.334299,32.834337],[-98.301137,32.86164],[-98.275543,32.86933],[-98.244049,32.870429],[-98.217397,32.861192],[-98.206166,32.837755],[-98.203969,32.823188],[-98.197743,32.808783],[-98.187978,32.797797],[-98.158681,32.786973],[-98.151438,32.772895],[-98.152455,32.758857],[-98.161122,32.752387],[-98.230621,32.750556],[-98.256703,32.742499],[-98.247141,32.731309],[-98.217763,32.71955],[-98.128774,32.695909],[-98.109975,32.680121],[-98.103261,32.661648],[-98.087229,32.65412],[-98.067983,32.656073],[-98.05191,32.666124],[-98.046783,32.676052],[-98.046742,32.683458],[-98.044097,32.688096],[-98.031117,32.689765],[-98.024241,32.686713],[-98.019887,32.67947],[-98.013743,32.662421],[-98.004465,32.645941],[-97.992543,32.631171],[-97.975982,32.620185],[-97.95287,32.615261],[-97.907948,32.621161],[-97.881907,32.620958],[-97.860748,32.60456],[-97.805165,32.570583],[-97.802358,32.554755],[-97.818674,32.515448],[-97.815094,32.491767],[-97.815094,32.497911],[-97.800038,32.49197],[-97.781972,32.488308],[-97.766835,32.481757],[-97.760487,32.467556],[-97.761708,32.44005],[-97.756093,32.431464],[-97.740061,32.423448],[-97.680653,32.404486],[-97.641103,32.398139],[-97.596588,32.368232],[-97.61734,32.359076],[-97.665517,32.354275],[-97.688547,32.344306],[-97.702219,32.32628],[-97.700022,32.307685],[-97.678578,32.265163],[-97.677602,32.255968],[-97.67809,32.245795],[-97.675364,32.235053],[-97.664906,32.224189],[-97.656646,32.221788],[-97.598541,32.212592],[-97.583363,32.201239],[-97.561879,32.176378],[-97.526601,32.152452],[-97.503407,32.145087],[-97.492991,32.159044],[-97.486806,32.180203],[-97.473134,32.188992],[-97.459137,32.183702],[-97.452016,32.162787],[-97.454661,32.141466],[-97.469106,32.099718],[-97.472524,32.077094],[-97.468617,32.058458],[-97.458119,32.047919],[-97.401723,32.020616],[-97.393666,32.013048],[-97.389516,31.998643],[-97.387115,31.99433],[-97.384755,31.988552],[-97.383697,31.980902],[-97.385894,31.97366],[-97.395375,31.959784],[-97.397369,31.950507],[-97.388539,31.924872],[-97.367299,31.899115],[-97.340484,31.876736],[-97.314809,31.861111],[-97.273752,31.844591],[-97.26358,31.836941],[-97.262318,31.825222],[-97.273305,31.814073],[-97.294993,31.799628],[-97.292226,31.776231],[-97.253733,31.743598],[-97.260162,31.723944],[-97.234486,31.70246],[-97.150299,31.663113],[-97.136952,31.651882],[-97.131093,31.642198],[-97.129709,31.630154],[-97.129872,31.611274],[-97.123443,31.595974],[-97.095326,31.570868],[-97.088938,31.556342],[-97.020741,31.494981],[-96.993316,31.479438],[-96.989247,31.467353],[-96.98648,31.436591],[-96.981435,31.415351],[-96.974192,31.400946],[-96.962717,31.389024],[-96.944936,31.375108],[-96.966135,31.332872],[-96.954945,31.306016],[-96.928538,31.280951],[-96.90392,31.244167],[-96.901275,31.233832],[-96.89977,31.218126],[-96.896555,31.210639],[-96.887563,31.200019],[-96.856109,31.175849],[-96.842844,31.162624],[-96.829945,31.146348],[-96.818186,31.127631],[-96.798329,31.086859],[-96.766754,31.045518],[-96.759674,31.028917],[-96.753082,30.970404],[-96.734527,30.934516],[-96.679311,30.886176],[-96.657541,30.860541],[-96.637522,30.80447],[-96.615631,30.773871],[-96.601226,30.741726],[-96.576894,30.709174],[-96.573354,30.697699],[-96.575022,30.6588],[-96.571034,30.639512],[-96.559926,30.631171],[-96.520375,30.627794],[-96.475209,30.617865],[-96.453725,30.608466],[-96.390004,30.538398],[-96.369252,30.533067],[-96.349355,30.530097],[-96.334381,30.52204],[-96.328521,30.501166],[-96.319569,30.486151],[-96.278228,30.456244],[-96.266469,30.442206],[-96.267201,30.427558],[-96.280873,30.40412],[-96.280141,30.387559],[-96.27245,30.374783],[-96.261098,30.369005],[-96.24649,30.36754],[-96.228912,30.367743],[-96.19815,30.373236],[-96.17276,30.381659],[-96.150502,30.381293],[-96.129303,30.360297],[-96.136952,30.341864],[-96.128977,30.32685],[-96.111806,30.31684],[-96.092112,30.313096],[-96.073313,30.305609],[-96.068837,30.28738],[-96.073313,30.264716],[-96.081532,30.244208],[-96.090647,30.231635],[-96.106109,30.218288],[-96.125559,30.207587],[-96.146718,30.203233],[-96.152089,30.197699],[-96.150136,30.185248],[-96.142934,30.165107],[-96.145131,30.149848],[-96.150461,30.143744],[-96.157338,30.140692],[-96.164052,30.134345],[-96.174306,30.120958],[-96.174631,30.1164],[-96.170888,30.107042],[-96.164418,30.100369],[-96.141713,30.082343],[-96.13679,30.076361],[-96.129994,30.065294],[-96.098256,30.034532],[-96.088368,30.017646],[-96.088246,29.996772],[-96.104563,29.961615],[-96.108876,29.938829],[-96.10204,29.860663],[-96.104482,29.839952],[-96.103098,29.83279],[-96.095815,29.819648],[-96.08788,29.811143],[-96.077056,29.804267],[-96.06607,29.799628],[-96.057688,29.797919],[-96.046457,29.788601],[-96.034657,29.767361],[-96.02009,29.730292],[-96.019399,29.706163],[-96.029368,29.696357],[-96.041493,29.688829],[-96.047434,29.671942],[-96.040151,29.655544],[-96.022369,29.647528],[-96.000071,29.645575],[-95.979115,29.647081],[-95.935536,29.657782],[-95.917551,29.657294],[-95.902699,29.627224],[-95.885081,29.617133],[-95.848134,29.606147],[-95.829091,29.592108],[-95.818756,29.586208],[-95.8072,29.585639],[-95.801666,29.591254],[-95.796783,29.609646],[-95.790151,29.613593],[-95.772125,29.616645],[-95.76358,29.614081],[-95.759999,29.603054],[-95.756215,29.596503],[-95.746978,29.589301],[-95.735585,29.583116],[-95.72525,29.579454],[-95.714101,29.579413],[-95.693186,29.585273],[-95.684316,29.585639],[-95.677235,29.581488],[-95.665679,29.568549],[-95.660064,29.565782],[-95.601715,29.518012],[-95.57079,29.47838],[-95.559722,29.453437],[-95.57136,29.442247],[-95.567006,29.431464],[-95.576161,29.407579],[-95.594879,29.373969],[-95.600087,29.356716],[-95.601715,29.294542],[-95.59496,29.269477],[-95.582102,29.252997],[-95.574045,29.237657],[-95.581899,29.216376],[-95.588857,29.210639],[-95.608266,29.201483],[-95.615387,29.195868],[-95.618804,29.187283],[-95.622874,29.15119],[-95.624989,29.145575],[-95.629628,29.140652],[-95.634389,29.133979],[-95.636464,29.123236],[-95.634429,29.109239],[-95.628733,29.100369],[-95.55427,29.046739],[-95.533437,29.037624],[-95.52245,29.036811],[-95.498118,29.038438],[-95.488433,29.034491],[-95.464589,29.004096],[-95.444447,28.993598],[-95.39151,28.979438],[-95.375803,28.969306],[-95.373036,28.947333],[-95.390004,28.902899],[-95.38268,28.880561]],[[-99.680776,33.539903],[-99.679026,33.540066],[-99.686513,33.540066],[-99.680776,33.539903]],[[-100.501332,32.904649],[-100.487782,32.909451],[-100.476064,32.918769],[-100.469106,32.931179],[-100.463857,32.943874],[-100.457387,32.954169],[-100.448883,32.958035],[-100.438629,32.959052],[-100.430002,32.961005],[-100.42634,32.967475],[-100.421254,32.974189],[-100.409291,32.976874],[-100.341705,32.975898],[-100.319732,32.98017],[-100.310292,32.995063],[-100.298736,33.002265],[-100.272694,33.003201],[-100.193918,32.994818],[-100.174306,32.995632],[-100.158274,33.008653],[-100.140981,33.009223],[-100.107655,33.005683],[-100.094797,33.010443],[-100.055776,33.039822],[-100.026112,33.048204],[-100.012441,33.054389],[-100.00121,33.067694],[-99.98058,33.084255],[-99.966135,33.113959],[-99.957183,33.149604],[-99.952992,33.201361],[-99.955963,33.233832],[-99.960194,33.245876],[-99.97057,33.257351],[-99.991363,33.266913],[-99.994374,33.272528],[-99.999379,33.365546],[-99.997792,33.386094],[-99.977935,33.407904],[-99.968861,33.409776],[-99.936147,33.410468],[-99.925852,33.413764],[-99.915395,33.421088],[-99.874501,33.458116],[-99.849273,33.473497],[-99.822092,33.483751],[-99.741689,33.499823],[-99.727447,33.505316],[-99.715566,33.516221],[-99.706288,33.52912],[-99.695546,33.538764],[-99.680776,33.539903]]]}},{"type":"Feature","properties":{"name":"Trinity","name_en":"Trinity","scalerank":6,"min_zoom":5},"geometry":{"type":"MultiLineString","coordinates":[[[-122.754547,40.820502],[-122.754872,40.808783],[-122.757924,40.793524],[-122.762807,40.77851],[-122.768788,40.767524],[-122.77359,40.764187],[-122.784535,40.761908],[-122.784495,40.751736],[-122.786122,40.745469],[-122.785227,40.739203],[-122.785797,40.733018],[-122.795969,40.727729],[-122.812123,40.720771],[-122.822581,40.718207],[-122.826405,40.716986],[-122.84435,40.701361],[-122.854604,40.694525],[-122.865346,40.691596],[-122.878163,40.684841],[-122.88683,40.670925],[-122.903147,40.66413],[-122.928619,40.66706],[-122.94286,40.667426],[-122.951731,40.673041],[-122.956451,40.684434],[-122.965891,40.688788],[-122.977406,40.688992],[-122.989247,40.686957],[-123.001088,40.686957],[-123.012359,40.693386],[-123.016225,40.699897],[-123.023752,40.719835],[-123.02831,40.728339],[-123.054107,40.760769],[-123.057932,40.768744],[-123.063791,40.774034],[-123.088531,40.788398],[-123.097727,40.792426],[-123.108632,40.793321],[-123.1197,40.791938],[-123.129221,40.789089],[-123.150258,40.776231],[-123.173207,40.76671],[-123.184722,40.764472],[-123.206614,40.764757],[-123.232004,40.754096],[-123.253407,40.763454],[-123.272939,40.777126],[-123.293609,40.78852],[-123.325795,40.797471],[-123.335113,40.802029],[-123.355214,40.814032],[-123.36559,40.817491],[-123.379465,40.816718],[-123.405181,40.808458],[-123.417388,40.808905],[-123.4322,40.814724],[-123.444,40.821885],[-123.454457,40.831488],[-123.465403,40.844672],[-123.4676,40.84809],[-123.468739,40.868516],[-123.479888,40.881171],[-123.497385,40.888739],[-123.525787,40.892198],[-123.534291,40.900214],[-123.555776,40.912462],[-123.581939,40.912218],[-123.597646,40.915473],[-123.600494,40.919379],[-123.605702,40.923163],[-123.613433,40.932481],[-123.61205,40.955878],[-123.621938,40.96369],[-123.627105,40.971869],[-123.629465,40.991726],[-123.631012,41.005439],[-123.634633,41.01793],[-123.637847,41.024034],[-123.639556,41.042914],[-123.656361,41.064154],[-123.677073,41.085517],[-123.690582,41.104804],[-123.694407,41.117255],[-123.695709,41.127753],[-123.682769,41.167263],[-123.68399,41.17829],[-123.689605,41.202663]]]}},{"type":"Feature","properties":{"name":"Great Pee Dee","name_en":"Great Pee Dee","scalerank":6,"min_zoom":5},"geometry":{"type":"MultiLineString","coordinates":[[[-80.448638,36.238593],[-80.443959,36.233507],[-80.43932,36.226752],[-80.437123,36.216498],[-80.437367,36.1553],[-80.440256,36.133124],[-80.449208,36.1164],[-80.494985,36.102729],[-80.50064,36.085639],[-80.49177,36.044542],[-80.488433,36.039252],[-80.481272,36.034939],[-80.473988,36.035427],[-80.470693,36.044542],[-80.464752,36.047797],[-80.451527,36.041856],[-80.429677,36.027167],[-80.41808,36.01496],[-80.370717,35.949652],[-80.360585,35.929389],[-80.358754,35.909288],[-80.368886,35.890001],[-80.379872,35.894721],[-80.389638,35.892605],[-80.397369,35.886054],[-80.402415,35.87755],[-80.391957,35.868435],[-80.38386,35.854844],[-80.384999,35.84394],[-80.400909,35.842922]],[[-80.400909,35.842922],[-80.406117,35.843044],[-80.414215,35.841498],[-80.421132,35.83808],[-80.42691,35.832587],[-80.436391,35.829657],[-80.457631,35.842108],[-80.4676,35.839423],[-80.472564,35.821967],[-80.467885,35.79918],[-80.456939,35.778591],[-80.443349,35.767768],[-80.457916,35.751329],[-80.441965,35.740587],[-80.41393,35.732123],[-80.392445,35.722724],[-80.368153,35.716579],[-80.338043,35.718207],[-80.318837,35.714545],[-80.32726,35.691962],[-80.276031,35.637315],[-80.254872,35.63349],[-80.242502,35.623562],[-80.224843,35.595771],[-80.20344,35.571601],[-80.196929,35.561632],[-80.186391,35.538682],[-80.17984,35.530951],[-80.170033,35.510606],[-80.162831,35.489691],[-80.157704,35.480048],[-80.145823,35.474066],[-80.122467,35.466091],[-80.110341,35.452338],[-80.084788,35.41238],[-80.077463,35.403998],[-80.062408,35.396796],[-80.053944,35.379665],[-80.051178,35.359442],[-80.053578,35.343126],[-80.080556,35.299831],[-80.092681,35.274604],[-80.091135,35.256293],[-80.079091,35.241319],[-80.066884,35.22252],[-80.057444,35.202745],[-80.053578,35.184882],[-80.063344,35.134548],[-80.059804,35.107774],[-80.036488,35.096137],[-80.023752,35.094997],[-80.001129,35.089871],[-79.987782,35.08869],[-79.977406,35.092312],[-79.954254,35.109727],[-79.944447,35.115546]],[[-80.400909,35.842922],[-80.402415,35.842841],[-80.396148,35.842841],[-80.400909,35.842922]],[[-79.944447,35.115546],[-79.943715,35.115994],[-79.949941,35.115994],[-79.944447,35.115546]],[[-79.944447,35.115546],[-79.930287,35.114366],[-79.918446,35.104682],[-79.911366,35.093817],[-79.905873,35.08869],[-79.902943,35.08157],[-79.867991,35.041531],[-79.886627,35.018378],[-79.889068,35.010118],[-79.886871,34.999294],[-79.881947,34.992621],[-79.877065,34.98786],[-79.872711,34.977484],[-79.868276,34.972357],[-79.86384,34.965522],[-79.861806,34.954901],[-79.861806,34.913642],[-79.876047,34.879096],[-79.930287,34.813992],[-79.930043,34.780829],[-79.930043,34.787055],[-79.925526,34.773464],[-79.918609,34.765326],[-79.899037,34.749823],[-79.889638,34.738064],[-79.858388,34.683661],[-79.845774,34.667792],[-79.831532,34.655056],[-79.817047,34.649848],[-79.797841,34.64643],[-79.789906,34.637274],[-79.784535,34.624213],[-79.772369,34.608913],[-79.800526,34.600124],[-79.806549,34.595893],[-79.809682,34.587348],[-79.81432,34.511908],[-79.808665,34.494167],[-79.792877,34.486029],[-79.777211,34.494208],[-79.759267,34.509833],[-79.744456,34.517768],[-79.738271,34.502753],[-79.726796,34.494493],[-79.722483,34.48668],[-79.728017,34.475775],[-79.742828,34.460883],[-79.746327,34.45128],[-79.744456,34.437567],[-79.732167,34.419623],[-79.71345,34.409288],[-79.693959,34.404568],[-79.679596,34.403428],[-79.677642,34.397976],[-79.677846,34.372992],[-79.679596,34.365912],[-79.684641,34.354519],[-79.678619,34.345811],[-79.662506,34.33515],[-79.658315,34.32571],[-79.652903,34.306586],[-79.648264,34.300401],[-79.63801,34.296942],[-79.612945,34.294989],[-79.595286,34.286322],[-79.585194,34.285468],[-79.577056,34.28205],[-79.573801,34.270046],[-79.572092,34.258897],[-79.563588,34.242011],[-79.554433,34.213406],[-79.555653,34.205349],[-79.571401,34.183783],[-79.570709,34.179307],[-79.5655,34.17654],[-79.519154,34.126003],[-79.511708,34.108588],[-79.513824,34.103583],[-79.519114,34.096788],[-79.524973,34.090766],[-79.529124,34.088162],[-79.534006,34.08393],[-79.532175,34.074652],[-79.513254,34.034491],[-79.511708,34.023261],[-79.512807,34.001573],[-79.512034,33.990343],[-79.50829,33.982286],[-79.484486,33.959093],[-79.474721,33.946479],[-79.470774,33.93419],[-79.462066,33.927436],[-79.424143,33.906317],[-79.415517,33.899441],[-79.409983,33.888536],[-79.353912,33.836615],[-79.319936,33.818549],[-79.305653,33.800727],[-79.313385,33.77265],[-79.288075,33.736274],[-79.24767,33.704901],[-79.210072,33.691514],[-79.207509,33.693549],[-79.199615,33.698065],[-79.189361,33.702501],[-79.179596,33.704535],[-79.170277,33.702257],[-79.162831,33.696479],[-79.157867,33.688747],[-79.156077,33.680691],[-79.146718,33.669623],[-79.129384,33.660346],[-79.120107,33.651719],[-79.134918,33.643134],[-79.11852,33.616807],[-79.112213,33.602729],[-79.105295,33.581081],[-79.102406,33.57453],[-79.100453,33.567735],[-79.100819,33.559882],[-79.104848,33.552761],[-79.117909,33.540391],[-79.120676,33.536689],[-79.129262,33.511501],[-79.189565,33.437038]]]}},{"type":"Feature","properties":{"name":"Pend Orielle","name_en":"Pend Orielle","scalerank":6,"min_zoom":5},"geometry":{"type":"MultiLineString","coordinates":[[[-117.626332,49.018012],[-117.596669,49.020575],[-117.502105,49.050605],[-117.471018,49.055365],[-117.435862,49.056667],[-117.399322,49.053046],[-117.367299,49.046088],[-117.353831,49.039618],[-117.343251,49.030097],[-117.334381,48.996772],[-117.317209,48.960517],[-117.317291,48.937445],[-117.321401,48.92711],[-117.32726,48.920193],[-117.344635,48.903998],[-117.36144,48.880561],[-117.368235,48.873236],[-117.373931,48.865424],[-117.384389,48.844062],[-117.38622,48.838813],[-117.38915,48.832831],[-117.402211,48.817735],[-117.405507,48.807807],[-117.389394,48.703233],[-117.382151,48.685655],[-117.351877,48.636542],[-117.347646,48.626654],[-117.344635,48.615912],[-117.345774,48.609442],[-117.348541,48.600694],[-117.348459,48.590196],[-117.341217,48.578437],[-117.277577,48.538113],[-117.262074,48.519802],[-117.256012,48.509304],[-117.254791,48.505561],[-117.26891,48.486274],[-117.271637,48.484239],[-117.275217,48.483913],[-117.279042,48.482937],[-117.282582,48.478827],[-117.284983,48.472276],[-117.284779,48.467963],[-117.283355,48.462999],[-117.276357,48.368964],[-117.270334,48.353135],[-117.246816,48.311103],[-117.233388,48.271308],[-117.212758,48.258857],[-117.103912,48.248114],[-117.074859,48.2414],[-117.054067,48.228949],[-117.037221,48.212185],[-117.019643,48.199083],[-116.999623,48.189968],[-116.975209,48.184638],[-116.883656,48.187445],[-116.854848,48.183173],[-116.841461,48.176866],[-116.816762,48.159532],[-116.803863,48.153184],[-116.789622,48.151801],[-116.773549,48.154975],[-116.758168,48.161241],[-116.746165,48.169135],[-116.740061,48.176215],[-116.733876,48.190741],[-116.729604,48.198432],[-116.723744,48.204291],[-116.710276,48.213406],[-116.704335,48.21955],[-116.687164,48.247748],[-116.676747,48.256049],[-116.658803,48.259141],[-116.639516,48.25727],[-116.60143,48.249091],[-116.582346,48.248114],[-116.577992,48.248603],[-116.575999,48.24905],[-116.569488,48.249783]]]}},{"type":"Feature","properties":{"name":"Potomac","name_en":"Potomac","scalerank":6,"min_zoom":5},"geometry":{"type":"MultiLineString","coordinates":[[[-78.325347,39.639228],[-78.300038,39.634955],[-78.280141,39.635281],[-78.272817,39.640082],[-78.254954,39.658026],[-78.243276,39.665351],[-78.213531,39.693183],[-78.205434,39.697821],[-78.196156,39.701361],[-78.18456,39.704169],[-78.133127,39.701239],[-78.087026,39.678168],[-78.010935,39.617865],[-77.991933,39.607856],[-77.969228,39.601508],[-77.947825,39.600694],[-77.932362,39.607937],[-77.921498,39.610663],[-77.893625,39.604438],[-77.88801,39.607937],[-77.882721,39.615505],[-77.870676,39.617051],[-77.856923,39.615058],[-77.847035,39.61164],[-77.832387,39.596381],[-77.837595,39.581],[-77.855824,39.568915],[-77.880523,39.563829],[-77.874501,39.552924],[-77.860015,39.515448],[-77.853871,39.515448],[-77.85143,39.52501],[-77.846181,39.535956],[-77.838694,39.542589],[-77.829661,39.539618],[-77.82311,39.528266],[-77.826568,39.520819],[-77.83259,39.515082],[-77.833363,39.508612],[-77.82079,39.496853],[-77.80602,39.49669],[-77.789255,39.5008],[-77.77066,39.501776],[-77.77066,39.49494],[-77.784535,39.491889],[-77.791005,39.484076],[-77.790924,39.473212],[-77.784983,39.460801],[-77.806386,39.448065],[-77.793568,39.4383],[-77.74767,39.42296],[-77.739084,39.406073],[-77.743886,39.387641],[-77.751576,39.368923],[-77.751454,39.350938],[-77.736155,39.331488],[-77.715403,39.323798],[-77.66454,39.323676],[-77.646067,39.320868],[-77.603668,39.307563],[-77.558461,39.298896],[-77.547556,39.291042],[-77.52831,39.265652],[-77.509389,39.255479],[-77.486806,39.250515],[-77.466868,39.243679],[-77.455963,39.228054],[-77.459625,39.207628],[-77.474558,39.19241],[-77.507517,39.169379],[-77.514963,39.152452],[-77.509145,39.137152],[-77.495839,39.123847],[-77.480946,39.112982],[-77.445221,39.084499],[-77.421702,39.074164],[-77.333608,39.06745],[-77.301666,39.060167],[-77.272369,39.047675],[-77.250559,39.029486],[-77.244374,39.015692],[-77.240305,38.999701],[-77.233551,38.986518],[-77.219838,38.981024],[-77.205556,38.978868],[-77.172109,38.969509],[-77.146538,38.96473],[-77.132408,38.9506],[-77.119781,38.934064],[-77.097233,38.908209],[-77.084305,38.903399],[-77.068333,38.901938]]]}},{"type":"Feature","properties":{"name":null,"name_en":null,"scalerank":7,"min_zoom":6},"geometry":{"type":"MultiLineString","coordinates":[[[-76.95641,42.873358],[-76.968332,42.853542],[-76.959625,42.833604],[-76.952219,42.807563],[-76.954701,42.785224],[-76.947174,42.765326],[-76.941029,42.740546],[-76.928578,42.719428],[-76.926096,42.703315],[-76.936025,42.697089]]]}},{"type":"Feature","properties":{"name":null,"name_en":null,"scalerank":7,"min_zoom":6},"geometry":{"type":"MultiLineString","coordinates":[[[-76.95641,42.873358],[-76.931304,42.894232],[-76.902577,42.905341],[-76.839101,42.914333],[-76.813588,42.913275],[-76.805572,42.914333],[-76.797963,42.918769],[-76.782216,42.931993],[-76.774241,42.93476],[-76.765492,42.93948],[-76.75768,42.948065],[-76.748647,42.952704],[-76.736195,42.945339],[-76.740305,42.974392],[-76.734486,43.010362],[-76.720937,43.045518],[-76.701894,43.071967],[-76.671051,43.086737],[-76.634185,43.087266],[-76.557932,43.079413],[-76.532094,43.083075],[-76.524403,43.085639],[-76.51594,43.090928],[-76.511057,43.096747],[-76.507721,43.102118],[-76.503896,43.106065],[-76.49059,43.113878],[-76.464426,43.124538],[-76.45759,43.125352],[-76.451527,43.127265],[-76.442494,43.13406],[-76.438832,43.139716],[-76.432485,43.155544],[-76.428212,43.161322],[-76.419545,43.166815],[-76.409047,43.171088],[-76.397939,43.173896],[-76.387278,43.174994],[-76.363433,43.170518],[-76.315012,43.150255],[-76.291697,43.147081],[-76.261301,43.138007],[-76.255605,43.157253],[-76.264394,43.187038],[-76.277415,43.209784],[-76.30134,43.231269],[-76.350535,43.260606],[-76.373606,43.278022],[-76.39094,43.297309],[-76.516957,43.476671]],[[-77.065175,42.65115],[-76.936025,42.697089]]]}},{"type":"Feature","properties":{"name":"Conchos","name_en":"Conchos","scalerank":7,"min_zoom":6},"geometry":{"type":"MultiLineString","coordinates":[[[-105.381459,27.585232],[-105.409779,27.54682],[-105.426137,27.53974],[-105.44343,27.540391],[-105.462514,27.535834],[-105.483551,27.527452],[-105.504465,27.525417],[-105.526235,27.533962],[-105.545237,27.538438],[-105.57901,27.524034],[-105.602651,27.519721],[-105.62564,27.522976],[-105.646637,27.533962],[-105.663726,27.538113],[-105.68932,27.536729]]]}},{"type":"Feature","properties":{"name":"Conchos","name_en":"Conchos","scalerank":7,"min_zoom":6},"geometry":{"type":"MultiLineString","coordinates":[[[-107.13268,27.91413],[-107.123769,27.894558],[-107.103139,27.861436],[-107.09911,27.842149],[-107.101186,27.830593],[-107.110097,27.810655],[-107.112172,27.801134],[-107.110463,27.780544],[-107.10436,27.750596],[-107.10497,27.731228],[-107.109202,27.697455],[-107.108266,27.682563],[-107.102203,27.670518],[-107.094309,27.663398],[-107.085276,27.658026],[-107.076039,27.654608],[-107.067494,27.653428],[-107.065094,27.649685],[-107.044545,27.626166],[-107.003814,27.604438],[-106.861195,27.564724],[-106.854807,27.561876],[-106.842519,27.553778],[-106.833241,27.550401],[-106.803782,27.550849],[-106.795725,27.547309],[-106.789418,27.537787],[-106.786,27.527615],[-106.780873,27.51907],[-106.769521,27.514838],[-106.758941,27.514594],[-106.747874,27.515896],[-106.737416,27.519232],[-106.728749,27.524929],[-106.703277,27.550116],[-106.684193,27.559149],[-106.665151,27.554267],[-106.64623,27.543728],[-106.627309,27.535753],[-106.609242,27.536241],[-106.57608,27.548285],[-106.558095,27.549506],[-106.537994,27.542792],[-106.518788,27.53087],[-106.484446,27.503241],[-106.411488,27.45779],[-106.300038,27.40823],[-106.292633,27.40644],[-106.256337,27.42296],[-106.247955,27.423774],[-106.239735,27.422675],[-106.232045,27.429063],[-106.225331,27.437201],[-106.220326,27.441189],[-106.217397,27.442328],[-106.215647,27.444892],[-106.212758,27.447455],[-106.206654,27.448594],[-106.19815,27.446885],[-106.197133,27.442898],[-106.19815,27.438178],[-106.19579,27.434353],[-106.158193,27.416815],[-106.14859,27.413886],[-106.139719,27.414659],[-106.12442,27.419542],[-106.117299,27.420722],[-106.107004,27.418891],[-106.103831,27.414618],[-106.103098,27.409857],[-106.097401,27.403266],[-106.096425,27.398871],[-106.093007,27.395046],[-106.082875,27.393378],[-106.077463,27.394395],[-106.075307,27.396023],[-106.072865,27.396348],[-106.066721,27.393378],[-106.055491,27.383653],[-106.040028,27.360297],[-106.031972,27.351833],[-106.018422,27.345567],[-106.002675,27.342068],[-105.95934,27.338324],[-105.935618,27.339626],[-105.932973,27.342149],[-105.932525,27.346259],[-105.928863,27.351833],[-105.932688,27.352729],[-105.936106,27.357489],[-105.93517,27.362901],[-105.925526,27.365505],[-105.900299,27.363959],[-105.894154,27.365505],[-105.888661,27.374579],[-105.881947,27.405829],[-105.874867,27.420722],[-105.86974,27.415473],[-105.853139,27.40644],[-105.839263,27.439643],[-105.794993,27.498074],[-105.785512,27.533637],[-105.780629,27.540839],[-105.769399,27.5456],[-105.750803,27.550401],[-105.746693,27.555732],[-105.744456,27.562812],[-105.73941,27.568915],[-105.727162,27.57156],[-105.712229,27.564276],[-105.712961,27.54918],[-105.711415,27.536689],[-105.68932,27.536729]],[[-105.381459,27.585232],[-105.345448,27.588406],[-105.307851,27.60456],[-105.223948,27.65766],[-105.181956,27.698188],[-105.17455,27.713162],[-105.173695,27.732978],[-105.193756,27.924831],[-105.19933,27.941474],[-105.233469,27.975613],[-105.242177,27.994086],[-105.247426,28.000434],[-105.257395,28.002956],[-105.258453,28.008368],[-105.252309,28.032253],[-105.25357,28.037665],[-105.266591,28.040961],[-105.269683,28.04918],[-105.269276,28.060126],[-105.271596,28.071153],[-105.290598,28.106391],[-105.304799,28.143337],[-105.306793,28.179389],[-105.280263,28.227484],[-105.27892,28.245673],[-105.283274,28.263495],[-105.292063,28.277208],[-105.304026,28.285834],[-105.374135,28.319525],[-105.383901,28.329047],[-105.387685,28.342393],[-105.390981,28.347724],[-105.407826,28.354275],[-105.414947,28.359809],[-105.41808,28.368028],[-105.42101,28.387966],[-105.431142,28.410834],[-105.435943,28.452948],[-105.436106,28.469062],[-105.431711,28.489122],[-105.401275,28.53795],[-105.421132,28.543769],[-105.417633,28.556912],[-105.395131,28.585069],[-105.393788,28.608995],[-105.405629,28.621365],[-105.426666,28.626003],[-105.452789,28.626736],[-105.45995,28.634304],[-105.459788,28.651557],[-105.457021,28.670111],[-105.456532,28.681952],[-105.462026,28.689276],[-105.468414,28.693305],[-105.474029,28.69831],[-105.47704,28.708604],[-105.475413,28.71544],[-105.466054,28.724311],[-105.463368,28.729763],[-105.463368,28.752997],[-105.464915,28.759304],[-105.468577,28.765245],[-105.48648,28.783149],[-105.489573,28.78795],[-105.491038,28.793809],[-105.490468,28.799913],[-105.488352,28.805365],[-105.484975,28.810126],[-105.480824,28.814643],[-105.472401,28.826443],[-105.459137,28.852322],[-105.44815,28.862331],[-105.441274,28.865058],[-105.351389,28.875556],[-105.344472,28.877631],[-105.338043,28.880561],[-105.332875,28.88463],[-105.329986,28.890204],[-105.330149,28.89586],[-105.330881,28.901801],[-105.33019,28.907986],[-105.329091,28.910264],[-105.324086,28.916612],[-105.321401,28.918972],[-105.318918,28.920111],[-105.316151,28.920925],[-105.313059,28.922187],[-105.309153,28.926052],[-105.305898,28.931993],[-105.303538,28.938585],[-105.296783,28.969835],[-105.282541,29.004259],[-105.281239,29.013373],[-105.275054,29.016913],[-105.261057,29.01789],[-105.246002,29.01671],[-105.230458,29.01085],[-105.227203,29.03502],[-105.220448,29.04503],[-105.210194,29.040107],[-105.201772,29.043321],[-105.185048,29.058051],[-105.174428,29.049384],[-105.163075,29.057807],[-105.154368,29.074897],[-105.151519,29.092149],[-105.14269,29.088446],[-105.136138,29.087755],[-105.130238,29.089382],[-105.123606,29.092149],[-105.125885,29.095282],[-105.127065,29.096462],[-105.131012,29.099677],[-105.108266,29.12877],[-105.079213,29.158026],[-105.070546,29.175727],[-105.074574,29.212673],[-105.062164,29.229356],[-105.071523,29.233954],[-105.074452,29.239569],[-105.072092,29.246202],[-105.065541,29.253933],[-105.052561,29.26435],[-105.044179,29.266181],[-105.03718,29.264431],[-105.012074,29.263292],[-105.00414,29.265815],[-104.997426,29.284939],[-104.9829,29.307929],[-104.979604,29.315009],[-104.974599,29.322577],[-104.962799,29.326483],[-104.94933,29.329047],[-104.93928,29.333075],[-104.929555,29.341986],[-104.927887,29.346788],[-104.930084,29.352322],[-104.931793,29.363145],[-104.928578,29.401068],[-104.920522,29.420478],[-104.904449,29.414984],[-104.890859,29.428575],[-104.89745,29.443671],[-104.897043,29.457465],[-104.890859,29.483832],[-104.891469,29.502509],[-104.895863,29.511827],[-104.902943,29.52086],[-104.911285,29.538438],[-104.914296,29.554145],[-104.908355,29.557929],[-104.877187,29.55211],[-104.84435,29.551134],[-104.830474,29.547878],[-104.815745,29.538438],[-104.813588,29.534451],[-104.807932,29.519395],[-104.805165,29.514268],[-104.794911,29.506619],[-104.785959,29.506293],[-104.77477,29.510565],[-104.750071,29.510565],[-104.734975,29.503241],[-104.72936,29.508816],[-104.724843,29.517849],[-104.719553,29.524237],[-104.62267,29.556749],[-104.59317,29.572048],[-104.592844,29.557969],[-104.585317,29.552069],[-104.572987,29.551134],[-104.55842,29.55211],[-104.555043,29.55447],[-104.548085,29.563829],[-104.544789,29.565782],[-104.540924,29.564521],[-104.538808,29.562201],[-104.537953,29.559923],[-104.537953,29.558946],[-104.532135,29.55626],[-104.521799,29.54682],[-104.514027,29.544704],[-104.489817,29.533759],[-104.475819,29.533474],[-104.465932,29.557563],[-104.44811,29.578884],[-104.444814,29.589382]]]}},{"type":"Feature","properties":{"name":"Péribonka","name_en":"Péribonka","scalerank":7,"min_zoom":6},"geometry":{"type":"MultiLineString","coordinates":[[[-71.290354,50.789618],[-71.299387,50.77029],[-71.304677,50.749783],[-71.294301,50.728054],[-71.282094,50.72016]],[[-71.274526,50.287462],[-71.265696,50.270575],[-71.263051,50.255805],[-71.254954,50.235704],[-71.248402,50.214057],[-71.257517,50.179755],[-71.265045,50.145331],[-71.268219,50.120795],[-71.277577,50.099473],[-71.285959,50.071357],[-71.281809,50.049384],[-71.266428,50.038438],[-71.246327,50.018134],[-71.239858,49.993354],[-71.250478,49.970242],[-71.259145,49.938056],[-71.261545,49.91824]],[[-72.055409,48.767401],[-72.076324,48.759955],[-72.080068,48.732204],[-72.079335,48.680528],[-72.080068,48.650824],[-72.071278,48.629462],[-72.0655,48.617499]]]}},{"type":"Feature","properties":{"name":"Péribonka","name_en":"Péribonka","scalerank":7,"min_zoom":6},"geometry":{"type":"MultiLineString","coordinates":[[[-70.905344,52.248236],[-70.937571,52.206977],[-70.978831,52.183173],[-71.069814,52.145209],[-71.089589,52.126776],[-71.096913,52.107245],[-71.101796,52.086778],[-71.113881,52.066107],[-71.138783,52.034451],[-71.274566,51.843573],[-71.295318,51.798611],[-71.302602,51.772895],[-71.298818,51.761583],[-71.306956,51.751492],[-71.343495,51.692694],[-71.388499,51.659247],[-71.409657,51.637966],[-71.418609,51.613878],[-71.426096,51.559272],[-71.424916,51.553249],[-71.419789,51.53974],[-71.418609,51.531602],[-71.421946,51.524482],[-71.436431,51.512071],[-71.439687,51.504665],[-71.439687,51.453152],[-71.442779,51.437608],[-71.454905,51.416612],[-71.459584,51.404731],[-71.462514,51.349148],[-71.459788,51.319525],[-71.453359,51.302314],[-71.461374,51.283962],[-71.474599,51.269477],[-71.504628,51.244249],[-71.509104,51.224189],[-71.492177,51.204698],[-71.449696,51.17536],[-71.417104,51.118842],[-71.408681,51.109931],[-71.390818,51.104193],[-71.377105,51.090522],[-71.344309,51.044013],[-71.339915,51.025946],[-71.339955,51.006293],[-71.343495,50.987006],[-71.356801,50.962104],[-71.357777,50.953477],[-71.351877,50.941189],[-71.343251,50.935736],[-71.333241,50.932237],[-71.323069,50.925605],[-71.312001,50.911689],[-71.294545,50.878201],[-71.281484,50.844062],[-71.280873,50.836493],[-71.282094,50.821885],[-71.284088,50.812608],[-71.289622,50.798529],[-71.290354,50.789618]],[[-71.281972,50.720079],[-71.275624,50.711737],[-71.273671,50.698554],[-71.273549,50.648546],[-71.270009,50.636298],[-71.262807,50.62641],[-71.250966,50.613634],[-71.247629,50.600287],[-71.257802,50.588935],[-71.272369,50.578884],[-71.281972,50.569281],[-71.283925,50.551866],[-71.276112,50.521755],[-71.281972,50.507188],[-71.274526,50.501003],[-71.292551,50.49372],[-71.325917,50.469184],[-71.343455,50.459418],[-71.340077,50.444037],[-71.350738,50.434638],[-71.362172,50.426703],[-71.360829,50.415351],[-71.349843,50.399848],[-71.347279,50.389228],[-71.35025,50.360134],[-71.34435,50.332139],[-71.328196,50.313422],[-71.304107,50.299831],[-71.274526,50.287462]],[[-71.261545,49.918158],[-71.254058,49.897488],[-71.21581,49.876044],[-71.206899,49.860175],[-71.201487,49.854519],[-71.189524,49.847724],[-71.177561,49.838568],[-71.172109,49.82571],[-71.173777,49.816026],[-71.204986,49.71894],[-71.206899,49.695095],[-71.204457,49.676581],[-71.194325,49.6435],[-71.192616,49.623358],[-71.19636,49.602566],[-71.210072,49.560004],[-71.213124,49.537665],[-71.21109,49.517686],[-71.202138,49.486151],[-71.200063,49.465684],[-71.206899,49.386827],[-71.213979,49.368679],[-71.248647,49.327257],[-71.261545,49.308051],[-71.272125,49.271186],[-71.285878,49.112494],[-71.288808,49.102607],[-71.294586,49.092963],[-71.339711,49.037421],[-71.344797,49.026638],[-71.342519,49.015896],[-71.337961,49.006537],[-71.336008,49.00019],[-71.383372,48.940985],[-71.394928,48.93126],[-71.405751,48.924587],[-71.453318,48.88288],[-71.478831,48.815701],[-71.490915,48.797553],[-71.507151,48.781033],[-71.513661,48.780137],[-71.570221,48.782335],[-71.582997,48.780463],[-71.625722,48.759874],[-71.644439,48.757025],[-71.671783,48.767401],[-71.690297,48.778266],[-71.70641,48.790717],[-71.719106,48.806667],[-71.72704,48.828233],[-71.739369,48.819648],[-71.752431,48.816718],[-71.759592,48.821479],[-71.754303,48.83572],[-71.776194,48.837185],[-71.79308,48.828966],[-71.80606,48.813747],[-71.832875,48.760077],[-71.846588,48.748725],[-71.871002,48.739529],[-71.919179,48.728217],[-71.944325,48.725165],[-71.967193,48.725857],[-71.991322,48.733222],[-72.033315,48.757921],[-72.055409,48.767401]]]}},{"type":"Feature","properties":{"name":"Yellowstone","name_en":"Yellowstone","scalerank":7,"min_zoom":6},"geometry":{"type":"MultiLineString","coordinates":[[[-110.194244,44.326931],[-110.206939,44.331326],[-110.216542,44.341864],[-110.226674,44.365058],[-110.243031,44.393175],[-110.27302,44.421942],[-110.309234,44.444525],[-110.327016,44.475694],[-110.33731,44.515692],[-110.34203,44.551622],[-110.340484,44.571357],[-110.340484,44.571723]]]}},{"type":"Feature","properties":{"name":"Yellowstone","name_en":"Yellowstone","scalerank":7,"min_zoom":6},"geometry":{"type":"MultiLineString","coordinates":[[[-110.340484,44.571357],[-110.341868,44.596462],[-110.352528,44.609442],[-110.368642,44.618598],[-110.386098,44.632188],[-110.448598,44.694403],[-110.45637,44.699815],[-110.464508,44.703192],[-110.469797,44.709011],[-110.468495,44.721747],[-110.462636,44.72545],[-110.430898,44.738837],[-110.404286,44.768663],[-110.395579,44.775906],[-110.388254,44.77851],[-110.371571,44.779608],[-110.363881,44.781317],[-110.34203,44.80211],[-110.343251,44.829413],[-110.353586,44.858751],[-110.364369,44.915839],[-110.382192,44.944892],[-110.40807,44.966905],[-110.455312,44.981269],[-110.495839,45.008002],[-110.516916,45.016547],[-110.607289,45.02615],[-110.658193,45.042589],[-110.676015,45.045844],[-110.69225,45.04682],[-110.70934,45.049628],[-110.722768,45.057888],[-110.728261,45.075141],[-110.77184,45.148749],[-110.786733,45.161811],[-110.813588,45.16767],[-110.851389,45.182644],[-110.882558,45.20307],[-110.889638,45.225165],[-110.882192,45.233344],[-110.858144,45.249823],[-110.848622,45.258653],[-110.842681,45.270331],[-110.837392,45.295518],[-110.83259,45.307156],[-110.822377,45.316474],[-110.780914,45.332546],[-110.709625,45.392768],[-110.69815,45.400173],[-110.673207,45.411566],[-110.661122,45.418769],[-110.609527,45.468329],[-110.596303,45.487169],[-110.57608,45.528103],[-110.570302,45.549587],[-110.565419,45.593573],[-110.559967,45.615505],[-110.557118,45.620958],[-110.549957,45.629828],[-110.546864,45.634711],[-110.527415,45.674872],[-110.514638,45.691107],[-110.495351,45.704861],[-110.460113,45.721218],[-110.423207,45.732367],[-110.385243,45.73546],[-110.324534,45.720242],[-110.302073,45.717149],[-110.279897,45.719672],[-110.258372,45.729071],[-110.210357,45.766303],[-110.192535,45.775092],[-110.166249,45.780788],[-110.112213,45.784491],[-110.085683,45.789252],[-110.075063,45.793769],[-110.048451,45.813544],[-110.036977,45.818793],[-110.013295,45.826117],[-110.001943,45.832099],[-109.973948,45.854804],[-109.961741,45.859483],[-109.939565,45.86286],[-109.871816,45.860704],[-109.851186,45.856798],[-109.828603,45.84866],[-109.810414,45.837104],[-109.797963,45.813829],[-109.786122,45.806464],[-109.772369,45.801622],[-109.761627,45.799872],[-109.752675,45.796698],[-109.748199,45.789008],[-109.745229,45.779853],[-109.740834,45.771999],[-109.722279,45.759304],[-109.702952,45.755968],[-109.655832,45.758897],[-109.630686,45.755072],[-109.582875,45.737087],[-109.556508,45.731635],[-109.449778,45.724189],[-109.439849,45.721015],[-109.425893,45.706855],[-109.415639,45.703721],[-109.356842,45.694648],[-109.346913,45.691962],[-109.338775,45.6883],[-109.329945,45.683173],[-109.295806,45.653632],[-109.285878,45.649115],[-109.172963,45.635443],[-109.150217,45.628363],[-109.111643,45.611436],[-109.007314,45.605414],[-108.839833,45.623114],[-108.795562,45.635443],[-108.776682,45.643337],[-108.742909,45.656521],[-108.725942,45.660956],[-108.683461,45.666287],[-108.617421,45.696845],[-108.523671,45.726142],[-108.47936,45.746853],[-108.446116,45.778835],[-108.426096,45.818549],[-108.411285,45.834418],[-108.387766,45.840888],[-108.3815,45.84516],[-108.360463,45.871649],[-108.350901,45.878201],[-108.316396,45.888699],[-108.281402,45.915839],[-108.220815,45.976874],[-108.17927,45.997911],[-108.128082,46.007758],[-107.97997,46.005398],[-107.959543,46.007392],[-107.920644,46.016384],[-107.901479,46.018378],[-107.883168,46.022732],[-107.857045,46.042019],[-107.815419,46.049506],[-107.776235,46.063585],[-107.740061,46.069037],[-107.696034,46.082628],[-107.665639,46.100694],[-107.603179,46.121405],[-107.527455,46.156195],[-107.453684,46.169013],[-107.425364,46.181464],[-107.40925,46.210801],[-107.40331,46.237982],[-107.397084,46.246772],[-107.355051,46.279364],[-107.340728,46.284247],[-107.327301,46.27912],[-107.23644,46.317572],[-107.142323,46.325507],[-106.897328,46.30976],[-106.764882,46.27912],[-106.648752,46.280585],[-106.513417,46.306993],[-106.490549,46.305732],[-106.43163,46.2862],[-106.33373,46.294989],[-106.297109,46.293402],[-106.257802,46.286566],[-106.217275,46.284857],[-106.178863,46.295233],[-106.052358,46.354193],[-106.033925,46.366523],[-106.025706,46.368476],[-106.014963,46.36518],[-106.006581,46.358669],[-105.997385,46.355089],[-105.984039,46.361029],[-105.959299,46.352403],[-105.936391,46.358344],[-105.915761,46.368964],[-105.897817,46.374701],[-105.889394,46.379014],[-105.879709,46.398261],[-105.871083,46.402615],[-105.860504,46.405097],[-105.793609,46.444525],[-105.696116,46.532986],[-105.584096,46.58454],[-105.551422,46.614854],[-105.531321,46.648383],[-105.518178,46.6588],[-105.494374,46.662665],[-105.4794,46.670844],[-105.387278,46.7685],[-105.381418,46.783067],[-105.376617,46.803331],[-105.363433,46.813096],[-105.293609,46.823554],[-105.219716,46.820909],[-105.196401,46.823432],[-105.17691,46.829779],[-105.141184,46.848253],[-105.09911,46.862006],[-104.955637,46.882392],[-104.938385,46.891303],[-104.902577,46.917792],[-104.890736,46.923367],[-104.867584,46.927273],[-104.850006,46.936591],[-104.819081,46.957465],[-104.774485,46.968126],[-104.757151,46.978705],[-104.748606,47.009955],[-104.744456,47.019599],[-104.725494,47.048041],[-104.723134,47.059638],[-104.722808,47.08161],[-104.717112,47.102851],[-104.705922,47.124945],[-104.690541,47.142279],[-104.671946,47.149237],[-104.646962,47.155219],[-104.632476,47.170111],[-104.624827,47.190009],[-104.620432,47.210761],[-104.600657,47.245307],[-104.565012,47.266425],[-104.483266,47.29328],[-104.462229,47.303494],[-104.319,47.40823],[-104.312489,47.420478],[-104.307607,47.434353],[-104.298248,47.450954],[-104.285878,47.463202],[-104.239898,47.495632],[-104.23526,47.507921],[-104.226918,47.545966],[-104.219472,47.553982],[-104.208119,47.555732],[-104.200063,47.56037],[-104.194692,47.567328],[-104.191151,47.575751],[-104.184682,47.602362],[-104.181549,47.609198],[-104.170644,47.619452],[-104.13976,47.637641],[-104.126332,47.650173],[-104.106313,47.676296],[-104.082265,47.700751],[-104.066721,47.712714],[-104.060536,47.71955],[-104.050852,47.750434],[-104.048166,47.755968],[-104.033437,47.766181],[-103.999664,47.782091],[-103.982981,47.793565],[-103.993316,47.799018],[-104.014272,47.8074],[-104.023915,47.814032],[-103.962066,47.82571],[-103.942494,47.840399],[-103.933461,47.881537],[-103.924794,47.895453],[-103.921498,47.903428],[-103.920155,47.910956],[-103.924062,47.944119],[-103.946929,47.997992]],[[-109.992502,44.055487],[-109.998525,44.064521],[-110.03718,44.082465],[-110.046702,44.091254],[-110.090321,44.151313],[-110.09553,44.161933],[-110.099192,44.175971],[-110.100494,44.188992],[-110.099965,44.212592],[-110.099965,44.223497],[-110.10143,44.234076],[-110.105336,44.244249],[-110.120025,44.266547],[-110.128163,44.29267],[-110.136464,44.305284],[-110.147776,44.312201],[-110.178538,44.321072],[-110.191721,44.326361]]]}},{"type":"Feature","properties":{"name":"Wisconsin","name_en":"Wisconsin","scalerank":7,"min_zoom":6},"geometry":{"type":"MultiLineString","coordinates":[[[-89.483266,45.886298],[-89.483551,45.886298],[-89.483876,45.886176],[-89.495351,45.884345],[-89.512441,45.87873],[-89.52359,45.869981],[-89.536,45.860175],[-89.548451,45.848171]],[[-89.944447,43.855292],[-89.95873,43.877712],[-89.97175,43.90119],[-89.97053,43.922797],[-89.965566,43.962022],[-89.973134,43.992947],[-90.000315,44.015448],[-90.013783,44.051296],[-90.011464,44.082465],[-90.004628,44.100775],[-89.990346,44.120917],[-89.971913,44.143419],[-89.933258,44.180203],[-89.919586,44.202908],[-89.914052,44.226671],[-89.913401,44.245144]]]}},{"type":"Feature","properties":{"name":"Wisconsin","name_en":"Wisconsin","scalerank":7,"min_zoom":6},"geometry":{"type":"MultiLineString","coordinates":[[[-89.235341,45.943915],[-89.259836,45.925727],[-89.28954,45.91767],[-89.382069,45.911729],[-89.442942,45.893256],[-89.483876,45.886176]],[[-89.548451,45.848171],[-89.563588,45.829901],[-89.562652,45.821112],[-89.559153,45.811957],[-89.557485,45.799872],[-89.560129,45.794745],[-89.565297,45.790554],[-89.569976,45.785753],[-89.571116,45.778835],[-89.568227,45.772773],[-89.557485,45.76203],[-89.530751,45.731635],[-89.519399,45.723415],[-89.496449,45.713202],[-89.486155,45.706855],[-89.476308,45.702419],[-89.466176,45.700629],[-89.458323,45.696967],[-89.450999,45.673407],[-89.441803,45.666815],[-89.432281,45.66238],[-89.427113,45.6553],[-89.43342,45.635769],[-89.451894,45.615587],[-89.489858,45.586982],[-89.484527,45.568549],[-89.505767,45.560492],[-89.554351,45.559109],[-89.572174,45.554633],[-89.591624,45.543769],[-89.641469,45.506171],[-89.648793,45.502387],[-89.675201,45.494737],[-89.741851,45.487576],[-89.758412,45.478217],[-89.762766,45.463202],[-89.749257,45.442979],[-89.740387,45.438544],[-89.721669,45.435248],[-89.715728,45.429999],[-89.714101,45.418972],[-89.717885,45.408555],[-89.724762,45.399441],[-89.732533,45.392117],[-89.749257,45.357693],[-89.754262,45.356065],[-89.784047,45.333808],[-89.796702,45.317816],[-89.805287,45.29918],[-89.810374,45.278144],[-89.81192,45.254665],[-89.807932,45.229031],[-89.79662,45.212755],[-89.779164,45.201239],[-89.756703,45.189765],[-89.736399,45.183376],[-89.689524,45.177314],[-89.667348,45.169257],[-89.64684,45.134548],[-89.644846,45.123481],[-89.644521,45.103949],[-89.639394,45.093573],[-89.65392,45.083116],[-89.664418,45.069037],[-89.680979,45.038926],[-89.659657,45.027615],[-89.648752,45.017035],[-89.645375,45.002143],[-89.647939,44.947577],[-89.64684,44.93655],[-89.639556,44.914333],[-89.637929,44.902045],[-89.643137,44.891547],[-89.687856,44.846137],[-89.694651,44.836941],[-89.699818,44.824327],[-89.736195,44.77143],[-89.731923,44.760688],[-89.729888,44.735907],[-89.725413,44.726752],[-89.713124,44.721015],[-89.686147,44.714871],[-89.680979,44.706855],[-89.67634,44.683295],[-89.656646,44.644355],[-89.653676,44.620551],[-89.660756,44.570136],[-89.653432,44.547919],[-89.626332,44.538642],[-89.60733,44.529649],[-89.586415,44.488349],[-89.564931,44.47663],[-89.587799,44.465888],[-89.616526,44.459662],[-89.738596,44.456244],[-89.770619,44.451483],[-89.79426,44.439032],[-89.838612,44.394639],[-89.843902,44.385037],[-89.852935,44.357937],[-89.85912,44.346259],[-89.899485,44.300971],[-89.914662,44.275336],[-89.913401,44.245144]],[[-89.944447,43.855292],[-89.94107,43.852851],[-89.908925,43.828559],[-89.878855,43.791938],[-89.791086,43.649766],[-89.790151,43.625759],[-89.787465,43.617255],[-89.777699,43.610622],[-89.755686,43.604926],[-89.743031,43.599555],[-89.736195,43.593451],[-89.724517,43.578559],[-89.715728,43.572862],[-89.702463,43.572455],[-89.675771,43.580512],[-89.664215,43.575995],[-89.64745,43.566352],[-89.577992,43.551134],[-89.491567,43.547716],[-89.471791,43.541531],[-89.456695,43.525173],[-89.45226,43.511746],[-89.458485,43.498643],[-89.527211,43.447577],[-89.540761,43.442491],[-89.546132,43.437527],[-89.574534,43.404649],[-89.583648,43.400214],[-89.619537,43.39411],[-89.653676,43.379828],[-89.698354,43.370185],[-89.707875,43.363837],[-89.717844,43.358832],[-89.725657,43.352566],[-89.728749,43.342597],[-89.729482,43.330268],[-89.741119,43.277533],[-89.74885,43.262763],[-89.762115,43.25377],[-89.806142,43.246772],[-89.893178,43.208767],[-89.912343,43.204617],[-90.013661,43.202338],[-90.028228,43.19953],[-90.036448,43.192572],[-90.042551,43.183661],[-90.050933,43.174994],[-90.072865,43.165798],[-90.094065,43.166815],[-90.116851,43.171942],[-90.18932,43.175971],[-90.207834,43.179877],[-90.268951,43.203559],[-90.315094,43.212958],[-90.562327,43.215155],[-90.613271,43.209784],[-90.65746,43.197699],[-90.693023,43.180121],[-90.777659,43.121161],[-90.871571,43.082302],[-90.949086,43.065212],[-91.096506,43.006212],[-91.15392,43.00373]]]}},{"type":"Feature","properties":{"name":"North Platte","name_en":"North Platte","scalerank":7,"min_zoom":6},"geometry":{"type":"MultiLineString","coordinates":[[[-104.932607,42.482937],[-104.932729,42.483832],[-104.932769,42.484809],[-104.944203,42.508897],[-104.944651,42.521837],[-104.947174,42.540391],[-104.951283,42.549831],[-104.953236,42.57038],[-104.958852,42.587836],[-104.995473,42.598497],[-105.004018,42.599636],[-105.004018,42.599718],[-105.004058,42.599718]],[[-106.882314,42.256537],[-106.894765,42.274237],[-106.91161,42.303534],[-106.914662,42.325751],[-106.910308,42.343329],[-106.90099,42.362087],[-106.88801,42.385525],[-106.882192,42.408067],[-106.877431,42.442084],[-106.864735,42.469509],[-106.855133,42.475775]],[[-106.887522,42.180365],[-106.88801,42.17947],[-106.886586,42.166083],[-106.880523,42.139716],[-106.869049,42.114569],[-106.859446,42.091254],[-106.851064,42.064276],[-106.844553,42.03913],[-106.839915,42.0067],[-106.837066,41.977078],[-106.842193,41.961453],[-106.870595,41.944851],[-106.908193,41.936103],[-106.921498,41.934882],[-106.923207,41.934272]],[[-101.638743,41.235948],[-101.681752,41.238471],[-101.70108,41.240343],[-101.731801,41.244574],[-101.768951,41.253282],[-101.810699,41.268866],[-101.898752,41.297675],[-101.926991,41.30504],[-101.965484,41.306749],[-101.990224,41.304755],[-102.005035,41.299628]]]}},{"type":"Feature","properties":{"name":"North Platte","name_en":"North Platte","scalerank":7,"min_zoom":6},"geometry":{"type":"MultiLineString","coordinates":[[[-106.854319,42.476142],[-106.813344,42.489814],[-106.775461,42.510281],[-106.770904,42.514472],[-106.754709,42.540961],[-106.746449,42.548529],[-106.738149,42.554633],[-106.666737,42.595282],[-106.629791,42.605536],[-106.617747,42.620429],[-106.611684,42.640326],[-106.602651,42.694648],[-106.600413,42.702012],[-106.590566,42.709296],[-106.566762,42.71369],[-106.546946,42.724189],[-106.534088,42.728339],[-106.522776,42.734727],[-106.517893,42.746405],[-106.517079,42.759548],[-106.514638,42.768866],[-106.510569,42.776394],[-106.490387,42.800157],[-106.481191,42.807237],[-106.470693,42.811876],[-106.424224,42.810329],[-106.412017,42.815294],[-106.397084,42.826972],[-106.339711,42.859687],[-106.318593,42.868354],[-106.296498,42.872382],[-106.236236,42.874538],[-106.212799,42.879665],[-106.199452,42.880805],[-106.188303,42.878689],[-106.161244,42.86933],[-106.148549,42.867133],[-106.071441,42.872423],[-106.034739,42.885037],[-106.007476,42.880561],[-105.963002,42.867133],[-105.902089,42.87873],[-105.852854,42.880398],[-105.807485,42.874376],[-105.785471,42.867133],[-105.743072,42.858751],[-105.614125,42.873358],[-105.426015,42.853949],[-105.398264,42.843777],[-105.373891,42.826199],[-105.38683,42.799018],[-105.380279,42.77204],[-105.366933,42.742011],[-105.35969,42.70543],[-105.344797,42.677314],[-105.309193,42.666612],[-105.266591,42.662462],[-105.23058,42.653632],[-105.223134,42.661078],[-105.213368,42.654853],[-105.202748,42.652777],[-105.192006,42.654853],[-105.1822,42.661078],[-105.170522,42.655219],[-105.158315,42.65587],[-105.145172,42.659125],[-105.130605,42.661078],[-105.118153,42.659695],[-105.039296,42.631944],[-105.019276,42.619452],[-105.004018,42.599636]],[[-106.88801,42.17947],[-106.87682,42.201117],[-106.875315,42.218695],[-106.882192,42.256415]],[[-102.009145,41.297431],[-102.12206,41.3192],[-102.150054,41.334662],[-102.172475,41.355292],[-102.186025,41.363145],[-102.201283,41.366278],[-102.219228,41.367051],[-102.233876,41.369493],[-102.364573,41.410102],[-102.396474,41.41352],[-102.401112,41.415961],[-102.408355,41.428738],[-102.413238,41.434638],[-102.437815,41.451361],[-102.450266,41.456081],[-102.502594,41.461941],[-102.51358,41.468817],[-102.534413,41.485785],[-102.543609,41.489203],[-102.567738,41.490994],[-102.579945,41.493964],[-102.605295,41.511664],[-102.667104,41.537665],[-102.698069,41.555732],[-102.715728,41.561957],[-102.763661,41.56627],[-102.782053,41.571804],[-102.86026,41.610867],[-102.996083,41.653673],[-103.060699,41.683783],[-103.093007,41.689765],[-103.119496,41.698676],[-103.13329,41.701483],[-103.18102,41.701483],[-103.258778,41.718817],[-103.325754,41.746934],[-103.387074,41.762234],[-103.459706,41.789252],[-103.596181,41.853217],[-103.62621,41.86225],[-103.650624,41.865994],[-103.671783,41.871649],[-103.688222,41.885077],[-103.715443,41.913764],[-103.753774,41.931667],[-103.810374,41.948269],[-103.867502,41.956122],[-103.907216,41.947943],[-103.976186,41.975206],[-104.00121,41.99787],[-104.009633,42.003201],[-104.018422,42.00377],[-104.036041,41.999335],[-104.041005,41.999783],[-104.088612,42.042019],[-104.116078,42.059353],[-104.14684,42.072089],[-104.160268,42.074327],[-104.171498,42.074408],[-104.181711,42.075873],[-104.199574,42.086941],[-104.2235,42.096951],[-104.242502,42.100531],[-104.277821,42.113064],[-104.314198,42.121161],[-104.325592,42.126044],[-104.383209,42.168158],[-104.397939,42.174506],[-104.420806,42.17829],[-104.531402,42.224148],[-104.668202,42.263861],[-104.696034,42.264472],[-104.710032,42.266791],[-104.715972,42.274115],[-104.718129,42.28205],[-104.728749,42.307318],[-104.733062,42.314765],[-104.733876,42.316514],[-104.737538,42.320624],[-104.746083,42.325222],[-104.777984,42.331366],[-104.789133,42.336005],[-104.796051,42.341824],[-104.803049,42.354193],[-104.806793,42.358466],[-104.811513,42.36046],[-104.817372,42.359442],[-104.822336,42.356391],[-104.824534,42.352729],[-104.82433,42.348456],[-104.822336,42.343329],[-104.821767,42.337348],[-104.825592,42.332587],[-104.833363,42.332302],[-104.844635,42.339626],[-104.863637,42.357733],[-104.870188,42.367011],[-104.888417,42.403184],[-104.925201,42.447862],[-104.930491,42.462429],[-104.932769,42.484809]],[[-101.638661,41.235948],[-101.624989,41.235785],[-101.584625,41.221747],[-101.543568,41.222968],[-101.532826,41.218614],[-101.514516,41.207953],[-101.493235,41.203477],[-101.446848,41.201239],[-101.400258,41.193142],[-101.37442,41.191718],[-101.343373,41.201361],[-101.330434,41.197211],[-101.317698,41.190863],[-101.306874,41.187567],[-101.283925,41.189643],[-101.21817,41.204901],[-101.170033,41.208075],[-101.157053,41.205919],[-101.145985,41.202745],[-101.134999,41.203192],[-101.113271,41.217108],[-101.10143,41.219794],[-100.785797,41.208075],[-100.77831,41.204901],[-100.762278,41.190741],[-100.739735,41.184109],[-100.712229,41.166938],[-100.459055,41.054633],[-100.415883,41.047634],[-100.343861,41.023708],[-100.309722,41.005927]],[[-106.429758,40.427273],[-106.437123,40.441433],[-106.442454,40.464708],[-106.440419,40.486518],[-106.409779,40.504665],[-106.396718,40.524482],[-106.373647,40.588446],[-106.371938,40.598578],[-106.371938,40.607733],[-106.373769,40.616156],[-106.377553,40.624701],[-106.383412,40.633572],[-106.391591,40.643256],[-106.422027,40.663438],[-106.426015,40.666815],[-106.42748,40.672471],[-106.394928,40.707831],[-106.391428,40.717719],[-106.388173,40.748725],[-106.369781,40.783515],[-106.36384,40.813341],[-106.339711,40.879706],[-106.335276,40.888495],[-106.331044,40.892849],[-106.327992,40.897244],[-106.32665,40.906358],[-106.333567,40.951728],[-106.335683,41.007839],[-106.339711,41.023708],[-106.351715,41.042996],[-106.382069,41.077948],[-106.394928,41.116889],[-106.410797,41.137234],[-106.443349,41.1671],[-106.450347,41.175564],[-106.45519,41.182929],[-106.461008,41.189399],[-106.470693,41.195014],[-106.483713,41.196357],[-106.499257,41.195746],[-106.512441,41.199042],[-106.517893,41.211737],[-106.57311,41.276964],[-106.583363,41.28144],[-106.658762,41.289984],[-106.675526,41.297187],[-106.689524,41.314887],[-106.699371,41.337348],[-106.703481,41.358913],[-106.702016,41.367621],[-106.696156,41.388454],[-106.696645,41.399848],[-106.702504,41.41002],[-106.720204,41.425076],[-106.723948,41.43122],[-106.73351,41.441474],[-106.792226,41.489203],[-106.801422,41.506293],[-106.805735,41.512071],[-106.813344,41.517157],[-106.848053,41.527533],[-106.857655,41.534247],[-106.863271,41.543728],[-106.866322,41.553534],[-106.871978,41.561225],[-106.896352,41.565863],[-106.921742,41.574042],[-106.929351,41.577948],[-106.939117,41.59455],[-106.94343,41.620063],[-106.939931,41.643419],[-106.926259,41.653673],[-106.918609,41.657335],[-106.889963,41.696967],[-106.888254,41.705919],[-106.891184,41.713487],[-106.895863,41.721991],[-106.901357,41.729682],[-106.91686,41.746365],[-106.923207,41.75613],[-106.926666,41.789089],[-106.926259,41.794013],[-106.931508,41.801866],[-106.935374,41.809923],[-106.941396,41.81623],[-106.964996,41.820868],[-107.023264,41.857733],[-107.039215,41.872911],[-107.046051,41.890204],[-106.950185,41.924262],[-106.921498,41.934882]]]}},{"type":"Feature","properties":{"name":"Mississippi","name_en":"Mississippi","scalerank":1,"min_zoom":2},"geometry":{"type":"MultiLineString","coordinates":[[[-90.132192,38.818671],[-90.134836,38.812445],[-90.151519,38.787299],[-90.170522,38.764838],[-90.185048,38.755072],[-90.198069,38.744167],[-90.200673,38.71955],[-90.195627,38.679389],[-90.196604,38.638048],[-90.213612,38.606716],[-90.263905,38.542792],[-90.314849,38.431464],[-90.363026,38.369167],[-90.378041,38.33751],[-90.382069,38.300401],[-90.373158,38.254218],[-90.367665,38.238715],[-90.361684,38.226508],[-90.354807,38.216335],[-90.346425,38.207058],[-90.291168,38.169135],[-90.28482,38.15998],[-90.256663,38.136827],[-90.250234,38.127875],[-90.242828,38.11282],[-90.225413,38.100857],[-90.18814,38.083523],[-90.162221,38.062445],[-90.138092,38.037421],[-90.110911,38.016547],[-90.075551,38.007758],[-90.020619,37.970242],[-90.005116,37.962429],[-89.968088,37.962958],[-89.955434,37.960028],[-89.922841,37.952501],[-89.888824,37.931708],[-89.831899,37.884223],[-89.808217,37.871609],[-89.746775,37.850653],[-89.722035,37.837104],[-89.697621,37.80919],[-89.669097,37.75434],[-89.646881,37.733466],[-89.549672,37.697577],[-89.523427,37.678819],[-89.530873,37.666571],[-89.527577,37.650214],[-89.520497,37.631863],[-89.516591,37.613959],[-89.519195,37.597195],[-89.524241,37.580186],[-89.527089,37.561957],[-89.523427,37.541612],[-89.502309,37.506944],[-89.474924,37.474799],[-89.451283,37.440253],[-89.441518,37.398261],[-89.45873,37.362494],[-89.493804,37.335028],[-89.523183,37.306586],[-89.523427,37.26789],[-89.518137,37.263943],[-89.49828,37.258002],[-89.489858,37.254259],[-89.473866,37.24376],[-89.475657,37.23074],[-89.472483,37.213935],[-89.464223,37.197699],[-89.441518,37.164862],[-89.401601,37.119981],[-89.387034,37.091335],[-89.393666,37.062527],[-89.377431,37.047227],[-89.32726,37.014106],[-89.286936,37.000434],[-89.275258,37.000312],[-89.270172,37.011013],[-89.273061,37.025987],[-89.2801,37.034247],[-89.289174,37.04031],[-89.298085,37.048855],[-89.308949,37.071072],[-89.302358,37.080919],[-89.284088,37.083279],[-89.260243,37.082953],[-89.253774,37.07807],[-89.249582,37.054145],[-89.246246,37.045437],[-89.236887,37.03852],[-89.216542,37.028266],[-89.20873,37.021511],[-89.203603,37.010688],[-89.201243,36.999701],[-89.197499,36.989366],[-89.188222,36.980536],[-89.177113,36.978298],[-89.164703,36.98074],[-89.152943,36.984687],[-89.143544,36.986762],[-89.12385,36.97956],[-89.119008,36.961859],[-89.125559,36.918484],[-89.124135,36.886664],[-89.125559,36.876899],[-89.130849,36.870225],[-89.14037,36.861518],[-89.149403,36.851101],[-89.153472,36.839382],[-89.14977,36.818305],[-89.134633,36.78323],[-89.132965,36.76081],[-89.140736,36.734442],[-89.180776,36.665229],[-89.205434,36.607489],[-89.22643,36.58043],[-89.253407,36.569037],[-89.284657,36.577501],[-89.310943,36.59748],[-89.334869,36.620429],[-89.358957,36.637885],[-89.370229,36.632921],[-89.376454,36.627387],[-89.38622,36.609971],[-89.400502,36.572455],[-89.403391,36.557156],[-89.419179,36.510362],[-89.427195,36.493272],[-89.449778,36.470771],[-89.466176,36.457953],[-89.479075,36.452338],[-89.505198,36.458116],[-89.506947,36.472846],[-89.497426,36.492865],[-89.489858,36.514431],[-89.502797,36.554307],[-89.537017,36.567816],[-89.569732,36.556342],[-89.578033,36.521267],[-89.569203,36.508734],[-89.555776,36.496121],[-89.547597,36.481472],[-89.554433,36.462917],[-89.55602,36.447374],[-89.534047,36.406073],[-89.530873,36.383409],[-89.541493,36.361599],[-89.559885,36.35163],[-89.583363,36.349066],[-89.609364,36.349311],[-89.628529,36.341376],[-89.626332,36.323065],[-89.611399,36.302558],[-89.592275,36.287869],[-89.567291,36.281317],[-89.557444,36.274685],[-89.561269,36.263699],[-89.571401,36.25727],[-89.583567,36.254665],[-89.676625,36.251776],[-89.694732,36.246894],[-89.64037,36.182237],[-89.613922,36.141628],[-89.623036,36.123358],[-89.638783,36.120144],[-89.657948,36.112128],[-89.674184,36.102118],[-89.68106,36.092597],[-89.685292,36.076199],[-89.71581,36.034613],[-89.725657,35.993232],[-89.707102,35.967637],[-89.680776,35.945746],[-89.667388,35.915107],[-89.674143,35.896186],[-89.689565,35.899522],[-89.718902,35.918524],[-89.740834,35.916205],[-89.759633,35.908881],[-89.774403,35.896104],[-89.784088,35.87755],[-89.757883,35.867296],[-89.731191,35.851671],[-89.722239,35.83336],[-89.785064,35.790798],[-89.937978,35.736192],[-89.952016,35.722927],[-89.952992,35.705024],[-89.938059,35.681749],[-89.909983,35.652045],[-89.910146,35.638983],[-89.92809,35.623114],[-89.944895,35.611843],[-89.951405,35.602484],[-89.947133,35.590766],[-89.931508,35.572211],[-89.91804,35.547919],[-89.928334,35.535427],[-89.951324,35.530137],[-89.975901,35.527452],[-90.000111,35.521796],[-90.012441,35.511542],[-90.016916,35.494656],[-90.017486,35.469184],[-90.022369,35.452663],[-90.034495,35.436306],[-90.049916,35.421739],[-90.103179,35.385443],[-90.115346,35.369493],[-90.119862,35.346259],[-90.118479,35.300605],[-90.11441,35.280463],[-90.094797,35.230902],[-90.084706,35.18891],[-90.085439,35.148261],[-90.106272,35.123399],[-90.126576,35.124579],[-90.15392,35.130235],[-90.177887,35.129828],[-90.18814,35.112616],[-90.190338,35.093044],[-90.196889,35.075792],[-90.20759,35.060736],[-90.22232,35.047716],[-90.259145,35.030626],[-90.282786,35.022976],[-90.301747,35.019802],[-90.312815,35.012478],[-90.30134,34.995632],[-90.270741,34.965155],[-90.271881,34.92296],[-90.305531,34.888943],[-90.352447,34.86404],[-90.463979,34.827826],[-90.475575,34.815009],[-90.471262,34.797634],[-90.45995,34.777696],[-90.454823,34.759223],[-90.46935,34.746039],[-90.478342,34.737494],[-90.499827,34.732042],[-90.522328,34.732856],[-90.541371,34.742987],[-90.553822,34.739854],[-90.568023,34.719794],[-90.585439,34.684597],[-90.593984,34.642279],[-90.576161,34.573432],[-90.586578,34.488878],[-90.586171,34.454291],[-90.594065,34.424994],[-90.626373,34.396023],[-90.662953,34.379421],[-90.685862,34.37226],[-90.727651,34.368191],[-90.738922,34.369005],[-90.74706,34.372748],[-90.759429,34.380561],[-90.764027,34.375352],[-90.764231,34.366278],[-90.761098,34.352118]],[[-90.761098,34.352118],[-90.763539,34.362494]],[[-90.761098,34.352118],[-90.752065,34.333319],[-90.750559,34.320909],[-90.753977,34.312812],[-90.767812,34.294053],[-90.770985,34.283962],[-90.775299,34.279649],[-90.785146,34.281358],[-90.801381,34.28738],[-90.814687,34.28738],[-90.821278,34.28559],[-90.825673,34.279568],[-90.864369,34.206163],[-90.877105,34.198025],[-90.893056,34.192939],[-90.942454,34.167548],[-90.955963,34.15705],[-90.955068,34.12877],[-90.882558,34.099392],[-90.880238,34.060818],[-90.893056,34.043077],[-90.909332,34.035224],[-90.929067,34.033271],[-90.952545,34.033515],[-90.97525,34.030341],[-91.031077,34.006171],[-91.084788,33.996609],[-91.093129,33.989447],[-91.089182,33.975653],[-91.079172,33.968817],[-91.065907,33.964423],[-91.052195,33.957831],[-91.035756,33.930447],[-91.050404,33.906114],[-91.069325,33.883572],[-91.0631,33.849433],[-91.051666,33.83336],[-91.045522,33.814399],[-91.058339,33.79328],[-91.06843,33.789578],[-91.095326,33.78852],[-91.106801,33.786444],[-91.116526,33.780382],[-91.137603,33.762803],[-91.144358,33.759141],[-91.153188,33.752021],[-91.192454,33.707953],[-91.210683,33.696885],[-91.226064,33.689805],[-91.228831,33.680691],[-91.209218,33.663601],[-91.167714,33.646552],[-91.151763,33.633328],[-91.147776,33.608344],[-91.156565,33.587429],[-91.173818,33.57746],[-91.195953,33.574327],[-91.219716,33.574246],[-91.235504,33.566759],[-91.231068,33.55032],[-91.215891,33.533881],[-91.199574,33.526435],[-91.180898,33.520697],[-91.161041,33.507107],[-91.127309,33.478054],[-91.126291,33.460028],[-91.125356,33.430935],[-91.128774,33.401475],[-91.134104,33.382392],[-91.171457,33.341376],[-91.18224,33.319932],[-91.168202,33.300482],[-91.157379,33.298774],[-91.126332,33.28913],[-91.112945,33.280056],[-91.107655,33.267768],[-91.106801,33.217882],[-91.09557,33.184638],[-91.09317,33.167344],[-91.099355,33.149685],[-91.112294,33.143093],[-91.133209,33.138007],[-91.152821,33.130927],[-91.161448,33.118598],[-91.168202,32.981472],[-91.162709,32.971706],[-91.149281,32.964219],[-91.132436,32.95954],[-91.116689,32.957831],[-91.103912,32.953559],[-91.091379,32.943549],[-91.072011,32.923122],[-91.081899,32.905829],[-91.096059,32.888007],[-91.111236,32.874091],[-91.123891,32.868476],[-91.133453,32.858466],[-91.149973,32.81037],[-91.157379,32.770779],[-91.154652,32.755805],[-91.142242,32.747504],[-91.092885,32.740505],[-91.075022,32.728461],[-91.070302,32.710883],[-91.086293,32.689765],[-91.10497,32.685492],[-91.132436,32.684597],[-91.157379,32.680284],[-91.168202,32.666124],[-91.166412,32.644395],[-91.161122,32.625312],[-91.152496,32.608832],[-91.14094,32.594753],[-91.130767,32.587592],[-91.106842,32.574571],[-91.099355,32.56684],[-91.097239,32.55504],[-91.100168,32.543077],[-91.104563,32.531928],[-91.106801,32.522488],[-91.108876,32.481391],[-91.105295,32.465033],[-91.093129,32.450751],[-91.059885,32.433783],[-91.029042,32.422797],[-91.006337,32.404242],[-90.997548,32.364529],[-90.99059,32.357123],[-90.974192,32.351671],[-90.939198,32.347113],[-90.916615,32.339789],[-90.909901,32.324246],[-90.913319,32.310004],[-90.921213,32.306749],[-90.921213,32.299913],[-90.966664,32.261542],[-90.998118,32.197862],[-91.032338,32.147488],[-91.086293,32.149115],[-91.09557,32.141221],[-91.099233,32.130927],[-91.099721,32.121039],[-91.099355,32.114325],[-91.069,32.084662],[-91.069244,32.048122],[-91.091542,32.014024],[-91.127309,31.991482],[-91.158518,31.983222],[-91.168202,31.97781],[-91.176137,31.96894],[-91.185902,31.94831],[-91.192454,31.939968],[-91.238271,31.894314],[-91.257639,31.881619],[-91.276723,31.875515],[-91.318837,31.867458],[-91.33609,31.857978],[-91.351471,31.840644],[-91.360748,31.823188],[-91.373687,31.785997],[-91.404286,31.738308],[-91.408437,31.720811],[-91.409983,31.701117],[-91.428944,31.614691],[-91.429596,31.590766],[-91.434641,31.580024],[-91.43578,31.573106],[-91.505971,31.529893],[-91.529042,31.500556],[-91.524526,31.457058],[-91.520172,31.449571],[-91.510081,31.438096],[-91.497426,31.41706],[-91.495717,31.4112],[-91.497182,31.391547],[-91.499379,31.382676],[-91.508697,31.373603],[-91.522369,31.308905],[-91.52892,31.293402],[-91.541127,31.282416],[-91.562367,31.278266],[-91.609527,31.279893],[-91.633046,31.278184],[-91.648061,31.27143],[-91.649648,31.255316],[-91.639312,31.235175],[-91.623687,31.217882],[-91.609853,31.210639],[-91.604726,31.20543],[-91.606557,31.194159],[-91.610829,31.183417],[-91.613271,31.179551],[-91.615875,31.168728],[-91.626454,31.151394],[-91.627553,31.14171],[-91.615875,31.113715],[-91.585317,31.081855],[-91.579172,31.056016],[-91.661692,30.997097],[-91.652089,30.948269],[-91.626332,30.93419],[-91.589263,30.931098],[-91.545644,30.915147],[-91.529286,30.89997],[-91.52123,30.882351],[-91.518544,30.861599],[-91.5183,30.836697],[-91.525217,30.81741],[-91.541819,30.805976],[-91.561879,30.796942],[-91.579172,30.784857],[-91.582265,30.75727],[-91.54601,30.742621],[-91.495473,30.73725],[-91.455637,30.737657],[-91.437571,30.741726],[-91.401763,30.755235],[-91.383901,30.758124],[-91.369456,30.752021],[-91.359771,30.737169],[-91.346344,30.702908],[-91.335276,30.685655],[-91.298573,30.648261],[-91.267445,30.588162],[-91.254221,30.579372],[-91.244862,30.568712],[-91.256825,30.545233],[-91.281809,30.511094],[-91.223622,30.520209],[-91.209218,30.51793],[-91.193267,30.488308],[-91.192128,30.444525],[-91.203765,30.404853],[-91.226552,30.387559],[-91.23176,30.385077],[-91.237416,30.378933],[-91.242055,30.371161],[-91.243967,30.36404],[-91.240712,30.352403],[-91.232533,30.350124],[-91.212961,30.354071],[-91.189605,30.354071],[-91.17101,30.35163],[-91.156972,30.343533],[-91.147776,30.326117],[-91.171457,30.31977],[-91.194651,30.317979],[-91.213206,30.311591],[-91.222808,30.291368],[-91.160715,30.289333],[-91.144358,30.28144],[-91.136138,30.276068],[-91.116811,30.267279],[-91.112945,30.261298],[-91.117787,30.251654],[-91.140452,30.236355],[-91.147776,30.229926],[-91.15095,30.223985],[-91.154286,30.214871],[-91.154368,30.204779],[-91.147776,30.195828],[-91.137074,30.193305],[-91.127919,30.198513],[-91.119252,30.205837],[-91.109853,30.209418],[-91.065826,30.213162],[-91.045522,30.209784],[-91.02481,30.195828],[-91.013539,30.179267],[-91.014801,30.166612],[-91.021108,30.153998],[-91.02481,30.137478],[-91.01301,30.126166],[-90.986928,30.121405],[-90.949086,30.120673],[-90.941803,30.125027],[-90.938954,30.130479],[-90.934275,30.132636],[-90.921213,30.126899],[-90.912709,30.118516],[-90.898793,30.093695],[-90.891103,30.083116],[-90.882802,30.078152],[-90.864613,30.07449],[-90.856313,30.069444],[-90.849843,30.060981],[-90.839263,30.031928],[-90.825266,30.011501],[-90.812611,30.008612],[-90.797027,30.013861],[-90.774078,30.017646],[-90.751943,30.0185],[-90.735097,30.021511],[-90.71996,30.027777],[-90.702748,30.038153],[-90.688222,30.049872],[-90.678293,30.055976],[-90.667958,30.058661],[-90.655629,30.056423],[-90.634999,30.047065],[-90.62328,30.044989],[-90.613922,30.048285],[-90.59496,30.062812],[-90.589182,30.066026],[-90.576772,30.065131],[-90.544423,30.058661],[-90.500722,30.059516],[-90.482818,30.055487],[-90.475575,30.041571],[-90.473256,30.018663],[-90.465566,30.009467],[-90.428375,30.004014],[-90.408274,29.996772],[-90.396962,29.986192],[-90.388539,29.973456],[-90.376861,29.959581],[-90.353627,29.948106],[-90.32787,29.948269],[-90.303334,29.954901],[-90.261627,29.971544],[-90.246002,29.972032],[-90.231435,29.96365],[-90.212392,29.945665],[-90.194203,29.937852],[-90.159169,29.951768],[-90.14037,29.948798],[-90.132192,29.940456],[-90.128407,29.93244],[-90.122141,29.925889],[-90.106272,29.922065],[-90.096262,29.923651],[-90.068349,29.935126],[-90.064524,29.938422],[-90.061676,29.945665],[-90.057037,29.952948],[-90.047922,29.956163],[-90.02477,29.954169],[-89.959218,29.937079],[-89.937367,29.926622],[-89.92809,29.911566],[-89.925893,29.905829],[-89.916005,29.892117],[-89.913808,29.883612],[-89.917836,29.875515],[-89.927358,29.875108],[-89.948598,29.87991],[-89.952626,29.881415],[-89.957102,29.884833],[-89.962392,29.887641],[-89.969106,29.887315],[-89.974273,29.884223],[-89.974355,29.881171],[-89.973541,29.877794],[-89.99352,29.846137],[-89.996409,29.842597],[-90.002187,29.822537],[-90.024037,29.786444],[-90.023671,29.764431],[-90.009429,29.742377],[-89.970815,29.704372],[-89.9558,29.656277],[-89.938303,29.644802],[-89.893951,29.634101],[-89.860829,29.621121],[-89.789947,29.579291],[-89.70523,29.500596],[-89.689361,29.490058],[-89.609975,29.463935],[-89.603749,29.45893],[-89.59911,29.449083],[-89.605336,29.427314],[-89.60733,29.414089],[-89.602528,29.408149],[-89.507395,29.360053],[-89.488922,29.354926],[-89.465077,29.352891],[-89.426503,29.354804],[-89.408315,29.349433],[-89.38622,29.333075],[-89.271962,29.201931],[-89.264516,29.186794],[-89.260976,29.171169],[-89.260976,29.155137],[-89.281239,29.100165],[-89.400502,28.955675],[-89.413564,28.928331],[-89.413564,28.935167]],[[-89.270172,29.202094],[-89.257192,29.234442],[-89.188222,29.318793]],[[-89.257151,29.154893],[-89.196767,29.161322],[-89.092926,29.18948],[-89.030588,29.195868]]]}},{"type":"Feature","properties":{"name":"Bell","name_en":"Bell","scalerank":7,"min_zoom":6},"geometry":{"type":"MultiLineString","coordinates":[[[-77.107249,48.835395],[-77.110707,48.827582],[-77.11148,48.814154],[-77.101796,48.80447],[-77.088287,48.795966],[-77.079661,48.782538],[-77.068471,48.767849],[-77.052561,48.75377],[-77.040273,48.739691],[-77.032053,48.724189],[-77.038645,48.695014],[-77.058746,48.669501],[-77.070139,48.645331],[-77.07844,48.612616],[-77.09496,48.562812],[-77.108144,48.539415],[-77.11852,48.527045],[-77.126373,48.519599],[-77.133168,48.508002],[-77.133778,48.493354]],[[-76.087799,48.575792],[-76.108713,48.570665],[-76.138254,48.559272],[-76.152943,48.550727],[-76.166371,48.555976],[-76.180857,48.565741],[-76.187856,48.568183],[-76.187978,48.568183]],[[-75.688344,48.478827],[-75.681752,48.486762],[-75.666493,48.499701],[-75.646962,48.50849],[-75.633778,48.513251]],[[-75.763417,48.437812],[-75.78307,48.443549],[-75.782338,48.468288],[-75.777415,48.511298],[-75.782216,48.531562],[-75.799387,48.575995],[-75.825347,48.598985],[-75.855417,48.604356],[-75.876698,48.587429],[-75.89802,48.575792],[-75.923085,48.564236],[-75.948964,48.558214],[-75.956166,48.580837],[-75.954416,48.607123],[-75.957631,48.611111]]]}},{"type":"Feature","properties":{"name":"Bell","name_en":"Bell","scalerank":7,"min_zoom":6},"geometry":{"type":"MultiLineString","coordinates":[[[-77.107045,48.83572],[-77.108388,48.860053],[-77.11677,48.877509],[-77.121897,48.894477],[-77.113271,48.91767],[-77.101186,48.932725],[-77.082672,48.950751],[-77.061513,48.965888],[-77.041331,48.972235],[-77.031809,48.977118],[-77.033193,48.988145],[-77.039418,48.999783],[-77.044342,49.006415],[-77.053049,49.011054],[-77.078928,49.0185],[-77.089101,49.024115],[-77.106679,49.024441],[-77.129628,49.012763],[-77.153757,49.007636],[-77.174713,49.027533],[-77.156606,49.041571],[-77.147694,49.050605],[-77.140614,49.061632],[-77.147369,49.068956],[-77.155873,49.070014],[-77.165354,49.070095],[-77.174713,49.074652],[-77.179799,49.076117],[-77.185902,49.075303],[-77.191518,49.076117],[-77.195221,49.082099],[-77.192006,49.090603],[-77.161692,49.115668],[-77.145172,49.13703],[-77.139394,49.155707],[-77.143422,49.244208],[-77.151845,49.289578],[-77.165883,49.33039],[-77.185292,49.359239],[-77.205678,49.375556],[-77.226959,49.387722],[-77.250478,49.396918],[-77.314076,49.412787],[-77.325551,49.417304],[-77.353871,49.44127],[-77.363433,49.445176],[-77.418365,49.452012],[-77.428415,49.44892],[-77.450592,49.434882],[-77.462758,49.430935],[-77.485992,49.432074],[-77.549672,49.445665],[-77.569203,49.45543],[-77.574086,49.480007],[-77.554433,49.505805],[-77.523264,49.526313],[-77.493764,49.534613],[-77.480865,49.541449],[-77.466705,49.557318],[-77.455068,49.575548],[-77.449696,49.589219],[-77.451894,49.610907],[-77.461985,49.620795],[-77.475209,49.623481],[-77.486928,49.623358],[-77.493804,49.621649],[-77.500803,49.618272],[-77.508412,49.615749],[-77.517323,49.616523],[-77.529042,49.621527],[-77.530426,49.625678],[-77.528879,49.632025],[-77.531646,49.643866],[-77.546946,49.671413],[-77.589345,49.720649],[-77.639719,49.818915]],[[-76.087799,48.575792],[-76.061879,48.589057],[-76.003407,48.599636],[-75.975575,48.609158],[-75.957631,48.611111]],[[-76.187856,48.568183],[-76.265126,48.560981],[-76.277211,48.557644],[-76.285756,48.541083],[-76.306142,48.531684],[-76.331044,48.527533],[-76.406565,48.52558],[-76.431711,48.518826],[-76.442291,48.502997],[-76.450063,48.4831],[-76.468658,48.466254],[-76.520334,48.440009],[-76.578318,48.400824],[-76.582265,48.396837],[-76.590321,48.392524],[-76.603668,48.373318],[-76.609609,48.368964],[-76.621165,48.36754],[-76.721547,48.331488],[-76.758453,48.303575],[-76.818471,48.273383],[-76.8697,48.228949],[-76.887359,48.217963],[-76.898752,48.222968],[-76.915273,48.245429],[-76.962717,48.259711],[-76.969879,48.269884],[-76.978831,48.287177],[-76.999013,48.289171],[-77.034779,48.280788],[-77.066151,48.293565],[-77.093617,48.349921],[-77.116689,48.362738],[-77.123891,48.370673],[-77.12678,48.389106],[-77.124135,48.458604],[-77.126658,48.473985],[-77.133778,48.492458]],[[-75.688344,48.478827],[-75.763295,48.437812]],[[-75.735341,48.026313],[-75.703033,48.05329],[-75.69636,48.064643],[-75.694407,48.085273],[-75.701283,48.122829],[-75.701283,48.141425],[-75.691274,48.160102],[-75.689849,48.169867],[-75.711903,48.180976],[-75.712066,48.18769],[-75.702707,48.195868],[-75.697255,48.201606],[-75.694936,48.20893],[-75.694732,48.25434],[-75.691274,48.262763],[-75.670888,48.29621],[-75.667714,48.303778],[-75.649403,48.405829],[-75.643463,48.420966],[-75.634185,48.432563],[-75.619944,48.444648],[-75.560943,48.479275],[-75.551015,48.492458],[-75.558746,48.50906],[-75.581654,48.514838],[-75.632924,48.513536]]]}},{"type":"Feature","properties":{"name":"Nottaway","name_en":"Nottaway","scalerank":7,"min_zoom":6},"geometry":{"type":"MultiLineString","coordinates":[[[-78.539052,51.035427],[-78.576894,51.046454],[-78.5926,51.0539],[-78.614084,51.061347],[-78.637278,51.068793],[-78.659535,51.076239],[-78.690989,51.084499],[-78.723256,51.087755],[-78.756256,51.093573],[-78.776112,51.101874],[-78.792633,51.114285],[-78.80012,51.12995],[-78.806752,51.148139],[-78.812489,51.15644],[-78.829823,51.165351]],[[-77.639963,49.821885],[-77.631703,49.84752],[-77.603912,49.858425],[-77.565745,49.863145],[-77.510325,49.867947],[-77.478586,49.888007],[-77.479807,49.908067],[-77.477854,49.927436],[-77.470204,49.953925],[-77.460601,50.009345],[-77.466624,50.039903],[-77.479807,50.064765],[-77.466624,50.090603],[-77.443471,50.116319],[-77.443227,50.146674],[-77.45873,50.169867],[-77.462595,50.190131],[-77.449208,50.223334],[-77.445627,50.254421],[-77.454945,50.288275],[-77.492665,50.305243],[-77.550445,50.297878],[-77.59203,50.29621],[-77.624989,50.301703],[-77.646148,50.317003],[-77.654205,50.327948]]]}},{"type":"Feature","properties":{"name":"Red","name_en":"Red","scalerank":7,"min_zoom":6},"geometry":{"type":"MultiLineString","coordinates":[[[-96.602284,45.820136],[-96.587799,45.838813],[-96.581125,45.856024],[-96.572174,45.916938],[-96.569651,45.922187],[-96.56607,45.927517],[-96.562856,45.931342],[-96.556467,45.941677],[-96.576283,46.016384],[-96.576161,46.040107],[-96.564198,46.062323],[-96.557118,46.090277],[-96.556793,46.102973],[-96.563588,46.140001],[-96.568227,46.145575],[-96.566762,46.157294],[-96.564443,46.164822],[-96.565012,46.171332],[-96.58788,46.198432],[-96.592356,46.206977],[-96.59557,46.217637],[-96.598012,46.237901],[-96.59557,46.30268],[-96.601715,46.323839],[-96.616607,46.341132],[-96.650787,46.368476],[-96.708852,46.433661],[-96.715484,46.444525],[-96.717112,46.454617],[-96.716949,46.463446],[-96.718414,46.470893],[-96.724477,46.478583],[-96.740793,46.491726],[-96.746409,46.498847],[-96.739735,46.51911],[-96.740468,46.540229],[-96.746409,46.577338],[-96.753163,46.596991],[-96.784901,46.628282],[-96.794789,46.642157],[-96.796986,46.663764],[-96.784657,46.698513],[-96.781117,46.721015],[-96.784495,46.742947],[-96.798818,46.778022],[-96.801625,46.793647],[-96.799428,46.803738],[-96.790191,46.820258],[-96.787343,46.827175],[-96.785878,46.83808],[-96.787343,46.871853],[-96.784088,46.882148],[-96.77009,46.89586],[-96.764801,46.911933],[-96.761138,46.916327],[-96.759389,46.920762],[-96.763092,46.927069],[-96.769439,46.931342],[-96.781361,46.933661],[-96.791371,46.938829],[-96.803049,46.941189],[-96.80842,46.943874],[-96.804351,46.943793],[-96.80484,46.951199],[-96.80842,46.964301],[-96.820912,46.980007],[-96.826161,46.98904],[-96.828277,47.002224],[-96.821034,47.067939],[-96.822092,47.087836],[-96.835764,47.12877],[-96.836049,47.14057],[-96.833323,47.150499],[-96.829945,47.159044],[-96.828277,47.166693],[-96.831776,47.188056],[-96.84675,47.236599],[-96.850006,47.259101],[-96.8426,47.386339],[-96.846506,47.396308],[-96.855214,47.404893],[-96.864247,47.411933],[-96.869252,47.416815],[-96.868804,47.437608],[-96.853017,47.488145],[-96.853139,47.502753],[-96.86266,47.519802],[-96.863637,47.53738],[-96.861887,47.557237],[-96.863026,47.581244],[-96.861724,47.584988],[-96.858469,47.589789],[-96.855784,47.595404],[-96.856272,47.601752],[-96.860666,47.606879],[-96.876698,47.616034],[-96.888661,47.643581],[-96.894521,47.678982],[-96.904937,47.696357],[-96.918528,47.711941],[-96.931956,47.732123],[-96.944203,47.767401],[-96.951772,47.779893],[-96.975494,47.800157],[-96.979115,47.804145],[-96.980295,47.806667],[-96.983022,47.807725],[-96.986562,47.808621],[-96.98998,47.810614],[-96.991933,47.81505],[-96.986399,47.822455],[-96.986562,47.828315],[-97.012115,47.877305],[-97.014882,47.89997],[-97.000234,47.923896],[-97.035146,47.95185],[-97.051422,47.985785],[-97.062734,48.023017],[-97.106435,48.096747],[-97.121978,48.132636],[-97.12975,48.170478],[-97.129954,48.211859],[-97.115305,48.281114],[-97.119985,48.296942],[-97.126617,48.311062],[-97.144195,48.37641],[-97.140614,48.388373],[-97.128285,48.406317],[-97.123687,48.417344],[-97.122914,48.428494],[-97.128407,48.444363],[-97.13386,48.47602],[-97.157297,48.534003],[-97.148427,48.576199],[-97.121897,48.61225],[-97.101064,48.650417],[-97.109486,48.698554],[-97.13268,48.732693],[-97.140981,48.749457],[-97.148305,48.788153],[-97.177724,48.841905],[-97.18517,48.876654],[-97.1905,48.885606],[-97.197336,48.894151],[-97.203196,48.903266],[-97.211008,48.936469],[-97.221547,48.952216],[-97.22936,48.968573],[-97.226186,48.992743],[-97.188222,49.044257],[-97.188588,49.058214],[-97.199696,49.073025],[-97.216054,49.107042],[-97.226186,49.123074],[-97.268625,49.157172],[-97.274566,49.167426],[-97.277699,49.181342],[-97.285308,49.203437],[-97.295277,49.223944],[-97.305002,49.232937],[-97.314809,49.241319],[-97.31725,49.259955],[-97.314931,49.287543],[-97.319814,49.305121],[-97.327504,49.324042],[-97.337514,49.34162],[-97.34968,49.355821],[-97.26476,49.40644],[-97.253285,49.4289],[-97.239817,49.47252],[-97.210317,49.508734],[-97.142812,49.571234],[-97.116322,49.609687],[-97.108876,49.630479],[-97.103505,49.671902],[-97.103261,49.688544],[-97.099477,49.697862],[-97.092397,49.708319],[-97.087961,49.719062],[-97.092397,49.729438],[-97.108754,49.7449],[-97.114247,49.754503],[-97.116322,49.767361],[-97.114003,49.778917],[-97.104726,49.798936],[-97.103261,49.808295],[-97.109039,49.814032],[-97.119496,49.822333],[-97.126047,49.832953],[-97.108957,49.865017],[-97.109486,49.908555],[-97.103261,49.93122],[-97.091786,49.945665],[-97.0808,49.950873],[-97.068959,49.953192],[-97.05484,49.959093],[-97.045888,49.967597],[-97.027496,50.000067],[-97.013661,50.016913],[-96.932932,50.084174],[-96.917633,50.103135],[-96.90689,50.111396],[-96.881907,50.117865],[-96.869252,50.123603],[-96.851064,50.144884],[-96.827952,50.200263],[-96.814687,50.219794],[-96.827463,50.240424],[-96.836985,50.263251],[-96.840647,50.286811],[-96.835764,50.30919],[-96.831695,50.311387],[-96.817698,50.315131],[-96.814687,50.318874],[-96.814687,50.342719],[-96.809071,50.355251],[-96.803822,50.364081],[-96.785634,50.39114]]]}},{"type":"Feature","properties":{"name":"Manicouagan","name_en":"Manicouagan","scalerank":7,"min_zoom":6},"geometry":{"type":"MultiLineString","coordinates":[[[-69.363189,51.795478],[-69.351226,51.777777],[-69.319692,51.753974],[-69.287424,51.736599],[-69.189524,51.646267],[-69.131703,51.612006],[-69.077219,51.587836],[-69.066029,51.5362],[-69.108632,51.477891],[-69.133372,51.431016],[-69.137847,51.38581],[-69.126943,51.347113],[-69.104197,51.311794],[-69.061838,51.260932],[-69.007639,51.221991],[-68.962473,51.203437],[-68.915639,51.181586],[-68.864003,51.147895],[-68.785471,51.100775],[-68.745025,51.041815],[-68.744985,50.986274],[-68.721669,50.955675],[-68.686635,50.930203],[-68.684153,50.897081],[-68.706899,50.860541],[-68.718373,50.831122],[-68.738352,50.806708],[-68.749745,50.773546],[-68.749501,50.743842],[-68.747141,50.710883],[-68.742991,50.692816]],[[-68.362375,49.335313],[-68.367665,49.347439],[-68.380483,49.367011],[-68.391672,49.386827],[-68.402821,49.414171],[-68.409983,49.444281],[-68.402821,49.568142],[-68.418609,49.60102],[-68.447499,49.622748],[-68.468902,49.641059],[-68.492177,49.657497],[-68.527415,49.676093],[-68.547719,49.685411]]]}},{"type":"Feature","properties":{"name":"Manicouagan","name_en":"Manicouagan","scalerank":7,"min_zoom":6},"geometry":{"type":"MultiLineString","coordinates":[[[-69.421457,52.982001],[-69.490834,52.875841],[-69.508168,52.856635],[-69.572092,52.807318],[-69.606068,52.778917],[-69.609934,52.770697],[-69.610829,52.759548],[-69.609771,52.737657],[-69.614898,52.729682],[-69.626943,52.723171],[-69.650746,52.713731],[-69.668324,52.699978],[-69.673818,52.685492],[-69.671254,52.648871],[-69.679758,52.632636],[-69.699574,52.620795],[-69.740102,52.603868],[-69.782623,52.533393],[-69.745025,52.462266],[-69.696523,52.393622],[-69.705963,52.330186],[-69.696848,52.312201],[-69.687652,52.275662],[-69.6787,52.261298],[-69.656565,52.246039],[-69.607533,52.224677],[-69.585276,52.209744],[-69.517323,52.152045],[-69.508046,52.140815],[-69.486887,52.069444],[-69.477854,52.0539],[-69.465932,52.038926],[-69.452463,52.025662],[-69.438466,52.014838],[-69.396311,51.99376],[-69.377512,51.980536],[-69.369618,51.963324],[-69.371693,51.952704],[-69.381093,51.93244],[-69.383209,51.922065],[-69.369456,51.816962],[-69.363352,51.795722]],[[-68.742991,50.692816],[-68.723012,50.649237],[-68.715403,50.644395],[-68.700185,50.642157],[-68.668121,50.632392],[-68.65392,50.630154],[-68.623402,50.621772],[-68.615549,50.60102],[-68.620798,50.574327],[-68.629709,50.548163],[-68.632517,50.534695],[-68.633412,50.524766],[-68.636708,50.51557],[-68.662587,50.486599],[-68.668772,50.475165],[-68.671335,50.462836],[-68.59496,50.419053],[-68.602406,50.411566],[-68.580312,50.398993],[-68.57136,50.385443],[-68.565053,50.368842],[-68.550893,50.346462],[-68.542307,50.328966],[-68.540354,50.308173],[-68.543853,50.287177],[-68.551991,50.269395],[-68.586822,50.224799],[-68.595815,50.216864],[-68.626047,50.196397],[-68.634633,50.187323],[-68.641225,50.176703],[-68.668202,50.109931],[-68.673004,50.091254],[-68.675201,50.073065],[-68.675404,50.05626],[-68.671498,50.040717],[-68.654164,50.015408],[-68.652577,50.00613],[-68.654978,49.996121],[-68.659535,49.984076],[-68.663238,49.968288],[-68.663075,49.952704],[-68.659779,49.937364],[-68.654042,49.922187],[-68.608876,49.843329],[-68.602406,49.815131],[-68.60676,49.794501],[-68.614695,49.775946],[-68.616444,49.756415],[-68.602406,49.732611],[-68.592112,49.725898],[-68.568715,49.721381],[-68.557729,49.715847],[-68.55484,49.708604],[-68.558298,49.701728],[-68.558909,49.694281],[-68.54776,49.685411]],[[-68.362375,49.335313],[-68.370513,49.326361],[-68.388417,49.290066],[-68.39094,49.279608],[-68.391469,49.267686],[-68.39037,49.255683],[-68.387441,49.243842],[-68.38268,49.232937],[-68.367502,49.217719],[-68.344675,49.207099],[-68.300893,49.191962]]]}},{"type":"Feature","properties":{"name":"Green","name_en":"Green","scalerank":7,"min_zoom":6},"geometry":{"type":"MultiLineString","coordinates":[[[-109.513905,41.302191],[-109.521881,41.292914],[-109.533355,41.280707],[-109.552887,41.268622],[-109.566884,41.258368],[-109.568593,41.247016],[-109.558217,41.223578],[-109.544179,41.197333],[-109.53954,41.181342],[-109.527943,41.157172],[-109.524648,41.121772],[-109.534901,41.09044],[-109.543772,41.044867],[-109.547027,41.021186],[-109.552317,41.006659],[-109.56314,40.993964],[-109.583811,40.978583],[-109.605377,40.960395],[-109.616444,40.944159],[-109.602162,40.926947]]]}},{"type":"Feature","properties":{"name":"Green","name_en":"Green","scalerank":7,"min_zoom":6},"geometry":{"type":"MultiLineString","coordinates":[[[-109.907704,43.368842],[-109.954254,43.37405],[-109.985992,43.385688],[-109.99885,43.370307],[-110.005971,43.346381],[-110.009511,43.327257],[-110.011057,43.2862],[-110.00768,43.244249],[-110.010325,43.204779],[-110.029937,43.170844],[-110.03893,43.164496],[-110.04601,43.160997],[-110.051869,43.155585],[-110.05724,43.14293],[-110.058095,43.131863],[-110.05663,43.107733],[-110.060943,43.098212],[-110.089223,43.066962],[-110.100982,43.049384],[-110.109202,43.031033],[-110.110504,43.021267],[-110.109202,42.990058],[-110.112457,42.978949],[-110.121571,42.961127],[-110.123443,42.952216],[-110.129791,42.938666],[-110.129547,42.931667],[-110.110178,42.926093],[-110.091868,42.913398],[-110.081858,42.908149],[-110.056752,42.900987],[-109.975697,42.893866],[-109.955474,42.885037],[-109.95165,42.864081],[-109.958974,42.818712],[-109.957387,42.803778],[-109.944692,42.770941],[-109.942738,42.758246],[-109.944692,42.725938],[-109.949086,42.720242],[-109.957875,42.714464],[-109.964467,42.707628],[-109.962066,42.69831],[-109.949208,42.680284],[-109.938466,42.661078],[-109.926096,42.616278],[-109.940256,42.582587],[-109.972076,42.558946],[-110.01301,42.544379],[-110.045237,42.537706],[-110.056386,42.529731],[-110.06078,42.513699],[-110.059804,42.505968],[-110.055531,42.488796],[-110.054555,42.47956],[-110.057769,42.471218],[-110.071848,42.457058],[-110.075063,42.451931],[-110.088368,42.416815],[-110.105784,42.383612],[-110.117747,42.370307],[-110.134999,42.343329],[-110.156158,42.318549],[-110.163808,42.306342],[-110.169057,42.292548],[-110.170644,42.277533],[-110.164459,42.259955],[-110.140492,42.23074],[-110.136464,42.215399],[-110.141021,42.20779],[-110.14977,42.20307],[-110.158844,42.199408],[-110.164418,42.194932],[-110.165679,42.188178],[-110.165517,42.167833],[-110.164418,42.160834],[-110.154937,42.142605],[-110.142934,42.13585],[-110.127797,42.132921],[-110.109202,42.126044],[-110.116322,42.091173],[-110.102651,42.079901],[-110.077626,42.075548],[-110.050852,42.06155],[-110.040354,42.045518],[-110.039174,42.031684],[-110.039459,42.018175],[-110.033437,42.003201],[-110.022532,41.993964],[-110.007232,41.987616],[-109.99059,41.983913],[-109.975697,41.982693],[-109.962148,41.97838],[-109.935699,41.959662],[-109.913197,41.953192],[-109.898752,41.943874],[-109.89037,41.941677],[-109.863881,41.942898],[-109.855946,41.941677],[-109.82665,41.926947],[-109.803375,41.905219],[-109.76594,41.859158],[-109.777333,41.830634],[-109.766469,41.816677],[-109.744374,41.807644],[-109.721832,41.794013],[-109.716461,41.784369],[-109.712717,41.761746],[-109.708241,41.752997],[-109.650502,41.694648],[-109.634348,41.681464],[-109.624989,41.671739],[-109.625966,41.667344],[-109.600819,41.664333],[-109.588002,41.655829],[-109.567942,41.62641],[-109.560129,41.620307],[-109.54186,41.611762],[-109.533193,41.605292],[-109.512522,41.577989],[-109.502797,41.567735],[-109.484731,41.553982],[-109.383697,41.492499],[-109.368967,41.476142],[-109.372711,41.458197],[-109.385365,41.448188],[-109.388661,41.442694],[-109.389801,41.43122],[-109.394114,41.419704],[-109.404042,41.417182],[-109.415273,41.417304],[-109.423329,41.41352],[-109.430776,41.41352],[-109.412913,41.382514],[-109.414296,41.370917],[-109.434193,41.366278],[-109.464263,41.317939],[-109.476471,41.325385],[-109.492055,41.327704],[-109.505767,41.321601],[-109.512685,41.303656]],[[-109.60204,40.926866],[-109.553944,40.915473],[-109.465932,40.939154],[-109.417714,40.941189],[-109.350575,40.923041],[-109.184316,40.920681],[-109.140004,40.913845],[-109.127675,40.906358],[-109.105133,40.870795],[-109.088124,40.858588],[-109.07665,40.857001],[-109.039703,40.858588],[-109.001617,40.846747],[-108.969106,40.841335],[-108.947825,40.832465],[-108.910634,40.810818],[-108.897206,40.799425],[-108.874135,40.772528],[-108.862213,40.762397],[-108.880605,40.719753],[-108.951568,40.605414],[-108.959788,40.564968],[-108.96703,40.553331],[-108.985707,40.543647],[-109.005849,40.545274],[-109.026519,40.551134],[-109.046864,40.554267],[-109.107737,40.553656],[-109.121083,40.54918],[-109.133209,40.541815],[-109.141225,40.532538],[-109.150054,40.511908],[-109.155751,40.502753],[-109.172678,40.493028],[-109.214833,40.483751],[-109.229075,40.4713],[-109.224843,40.460883],[-109.222239,40.435167],[-109.229075,40.416368],[-109.253245,40.426947],[-109.275706,40.440497],[-109.291168,40.435981],[-109.302235,40.419216],[-109.319814,40.357978],[-109.332753,40.335761],[-109.34081,40.326239],[-109.349721,40.31977],[-109.359364,40.31741],[-109.429351,40.323188],[-109.451243,40.31741],[-109.463246,40.303534],[-109.475453,40.268988],[-109.489125,40.262152],[-109.502309,40.270046],[-109.516184,40.284369],[-109.532826,40.291205],[-109.554311,40.276435],[-109.561513,40.25849],[-109.565907,40.230902],[-109.563588,40.205593],[-109.550852,40.194444],[-109.541127,40.190131],[-109.543853,40.180487],[-109.553538,40.170844],[-109.564524,40.166571],[-109.578277,40.164252],[-109.582102,40.158067],[-109.583119,40.149359],[-109.58845,40.139228],[-109.65392,40.081163],[-109.661041,40.077216],[-109.684682,40.071804],[-109.694895,40.070909],[-109.704213,40.067084],[-109.799224,39.988227],[-109.803619,39.979112],[-109.806996,39.95661],[-109.812327,39.946967],[-109.822621,39.940619],[-109.829986,39.940863],[-109.836293,39.939887],[-109.843332,39.929633],[-109.845041,39.91946],[-109.840403,39.903876],[-109.843332,39.895453],[-109.851796,39.888129],[-109.872467,39.87873],[-109.881215,39.871894],[-109.882924,39.863227],[-109.863108,39.853054],[-109.857574,39.844265],[-109.859771,39.829942],[-109.865793,39.825263],[-109.874338,39.824164],[-109.884267,39.82038],[-109.901601,39.809638],[-109.906321,39.804267],[-109.912221,39.793036],[-109.925282,39.748643],[-109.929799,39.742865],[-109.940745,39.742255],[-109.964019,39.745225],[-109.966542,39.740587],[-109.973704,39.711127],[-109.971018,39.671698],[-109.975331,39.65115],[-109.991078,39.642198],[-110.002553,39.631374],[-110.014394,39.606472],[-110.02831,39.560248],[-110.025217,39.520697],[-109.993886,39.437567],[-109.992502,39.392524],[-109.997426,39.368435],[-110.006174,39.347724],[-110.019154,39.329617],[-110.03718,39.313422],[-110.045074,39.298896],[-110.044179,39.279079],[-110.040639,39.256659],[-110.040883,39.234239],[-110.045725,39.214789],[-110.049143,39.208116],[-110.054555,39.200751],[-110.062978,39.194892],[-110.074127,39.190212],[-110.083892,39.184638],[-110.088043,39.176215],[-110.088735,39.153835],[-110.091054,39.138454],[-110.112457,39.062812],[-110.116038,39.018581],[-110.112416,38.995063],[-110.106516,38.974555],[-110.105295,38.954454],[-110.116038,38.932644],[-110.127309,38.923367],[-110.13683,38.918972],[-110.14273,38.911078],[-110.1433,38.891669],[-110.139394,38.873725],[-110.131947,38.858669],[-110.109202,38.830186],[-110.068227,38.789252],[-110.057769,38.772488],[-110.057362,38.763983],[-110.07844,38.744574],[-110.082916,38.719672],[-110.03893,38.665391],[-110.026601,38.634711],[-110.02184,38.617743],[-110.010325,38.614569],[-109.995839,38.614773],[-109.982533,38.607978],[-109.987904,38.602729],[-110.027333,38.591376],[-110.040883,38.583808],[-109.984202,38.56977],[-109.971995,38.5633],[-109.965891,38.543647],[-109.981313,38.533881],[-110.002349,38.529364],[-110.01301,38.525458],[-110.014516,38.518907],[-110.016957,38.515937],[-110.016591,38.512559],[-109.993723,38.489691],[-109.987945,38.481147],[-109.985666,38.470811],[-109.988759,38.453233],[-110.000234,38.418484],[-109.999338,38.39879],[-109.989654,38.380154],[-109.975819,38.372178],[-109.960072,38.367296],[-109.944692,38.357856],[-109.934722,38.342719],[-109.921742,38.306464],[-109.913645,38.292344],[-109.888254,38.265489],[-109.879262,38.250067],[-109.875803,38.230292],[-109.881825,38.217963],[-109.891347,38.209296],[-109.89151,38.200019],[-109.869618,38.185899]]]}},{"type":"Feature","properties":{"name":"Red","name_en":"Red","scalerank":7,"min_zoom":6},"geometry":{"type":"MultiLineString","coordinates":[[[-96.541005,33.82807],[-96.582102,33.83865],[-96.59435,33.849677],[-96.598215,33.853298],[-96.601186,33.857733],[-96.60261,33.862738],[-96.602651,33.868191],[-96.600738,33.873155],[-96.589955,33.891791],[-96.5926,33.897732],[-96.600901,33.904812],[-96.62564,33.913275],[-96.639394,33.916083],[-96.649485,33.91588],[-96.654612,33.913398],[-96.658925,33.910102],[-96.665273,33.901638],[-96.678131,33.870551],[-96.680898,33.86579],[-96.684153,33.86164],[-96.687734,33.857774],[-96.692047,33.854519],[-96.699574,33.85163],[-96.709788,33.849189],[-96.728912,33.847113],[-96.739898,33.84748],[-96.748525,33.848822],[-96.753814,33.851345],[-96.779897,33.867784],[-96.790191,33.872097],[-96.798411,33.873318],[-96.834055,33.869208],[-96.843617,33.869818],[-96.850901,33.871894],[-96.855621,33.874701],[-96.867747,33.885281],[-96.874013,33.893622],[-96.878651,33.903347],[-96.884877,33.931464],[-96.889272,33.941433],[-96.894154,33.946153],[-96.90099,33.950751],[-96.914622,33.955878],[-96.924184,33.957302],[-96.932769,33.957302],[-96.966949,33.952012],[-96.972727,33.949897],[-96.977935,33.947455],[-96.985219,33.939765],[-96.984283,33.926785],[-96.986684,33.902533]]]}},{"type":"Feature","properties":{"name":"Red","name_en":"Red","scalerank":7,"min_zoom":6},"geometry":{"type":"MultiLineString","coordinates":[[[-100.899403,34.636827],[-100.822581,34.62641],[-100.810048,34.619167],[-100.803619,34.609158],[-100.788482,34.595486],[-100.770497,34.582546],[-100.755442,34.574774],[-100.736236,34.571112],[-100.648915,34.566474],[-100.627594,34.563056],[-100.605946,34.562364],[-100.584096,34.568549],[-100.553212,34.589423],[-100.534291,34.598415],[-100.508656,34.602078],[-100.465443,34.595404],[-100.420237,34.58161],[-100.360178,34.539862],[-100.340443,34.5338],[-100.31371,34.53852],[-100.294749,34.54975],[-100.277333,34.563259],[-100.255116,34.574774],[-100.223785,34.580512],[-100.146596,34.579535],[-100.085072,34.568712],[-99.985951,34.576443]],[[-96.986562,33.902533],[-97.002268,33.875271],[-97.01773,33.858507],[-97.039906,33.853542],[-97.075307,33.861599],[-97.073964,33.846055],[-97.066721,33.839301],[-97.058665,33.834337],[-97.05484,33.824327],[-97.059234,33.817165],[-97.07844,33.807807],[-97.082753,33.797065],[-97.085032,33.76789],[-97.093902,33.742255],[-97.11262,33.726101],[-97.144195,33.725043],[-97.167633,33.737494],[-97.187245,33.760037],[-97.200673,33.786444],[-97.205678,33.810655],[-97.201487,33.827582],[-97.182485,33.852851],[-97.177724,33.869005],[-97.180409,33.881537],[-97.188222,33.892768],[-97.19929,33.902411],[-97.211903,33.90998],[-97.218088,33.906928],[-97.230621,33.902655],[-97.236073,33.899441],[-97.240549,33.894721],[-97.243723,33.887315],[-97.261545,33.86168],[-97.267161,33.855333],[-97.293853,33.875352],[-97.305898,33.877956],[-97.321767,33.869005],[-97.323964,33.865994],[-97.329579,33.855821],[-97.332631,33.85163],[-97.33788,33.847276],[-97.348297,33.841864],[-97.352773,33.838324],[-97.360504,33.833564],[-97.371897,33.83039],[-97.436513,33.82685],[-97.452545,33.835273],[-97.458892,33.858507],[-97.461334,33.879218],[-97.46935,33.892117],[-97.48412,33.899237],[-97.506703,33.902533],[-97.571034,33.898953],[-97.585846,33.906277],[-97.594838,33.924913],[-97.593984,33.961982],[-97.602895,33.978868],[-97.640736,33.994412],[-97.680084,33.983425],[-97.715077,33.959988],[-97.800852,33.887763],[-97.840321,33.867987],[-97.884104,33.861599],[-97.926747,33.873074],[-97.949371,33.883083],[-97.959137,33.89289],[-97.956776,33.907782],[-97.955068,33.913926],[-97.952992,33.924262],[-97.946156,33.944932],[-97.94636,33.954535],[-97.952992,33.965196],[-97.946685,33.976915],[-97.94872,33.987372],[-97.956044,33.995225],[-97.965972,33.993191],[-98.001536,34.003485],[-98.050649,34.011827],[-98.08849,34.027777],[-98.090159,34.060818],[-98.095448,34.081977],[-98.091379,34.11168],[-98.09081,34.13821],[-98.106597,34.149604],[-98.131988,34.146348],[-98.178863,34.13227],[-98.209625,34.129096],[-98.343373,34.143378],[-98.368723,34.137478],[-98.384389,34.122829],[-98.396555,34.104682],[-98.411041,34.088162],[-98.416615,34.078925],[-98.440785,34.075263],[-98.490834,34.075059],[-98.50593,34.082465],[-98.539215,34.114936],[-98.551991,34.12226],[-98.558827,34.127712],[-98.574818,34.151638],[-98.58609,34.15705],[-98.618642,34.162869],[-98.630767,34.163194],[-98.653228,34.159613],[-98.720204,34.136542],[-98.732249,34.142035],[-98.857655,34.164659],[-98.877797,34.170681],[-98.952952,34.211697],[-98.975413,34.215766],[-98.991444,34.212673],[-99.007192,34.207139],[-99.028635,34.20421],[-99.048655,34.206407],[-99.086537,34.216254],[-99.107167,34.218451],[-99.153635,34.216864],[-99.176015,34.220526],[-99.193105,34.232123],[-99.197255,34.248155],[-99.199818,34.302354],[-99.196197,34.314073],[-99.192128,34.32213],[-99.209462,34.339667],[-99.240305,34.362494],[-99.249582,34.378241],[-99.255767,34.39643],[-99.265614,34.411485],[-99.285634,34.417751],[-99.304921,34.418809],[-99.315012,34.420722],[-99.323476,34.423936],[-99.332143,34.430935],[-99.336293,34.438178],[-99.339182,34.445136],[-99.343984,34.451239],[-99.362457,34.462185],[-99.377512,34.462592],[-99.387441,34.451361],[-99.393463,34.401557],[-99.401479,34.386298],[-99.416575,34.380235],[-99.440175,34.382351],[-99.460927,34.389228],[-99.499135,34.406765],[-99.547353,34.41238],[-99.556223,34.410264],[-99.565053,34.405585],[-99.576568,34.394599],[-99.583567,34.389757],[-99.601796,34.384955],[-99.662343,34.389757],[-99.680898,34.394599],[-99.693674,34.406073],[-99.713246,34.430772],[-99.882069,34.564805],[-99.891754,34.570339],[-99.91393,34.573757],[-99.923004,34.578192],[-99.938466,34.581895],[-99.983388,34.576606]],[[-96.540924,33.82807],[-96.519032,33.818671],[-96.51358,33.814399],[-96.510325,33.806993],[-96.507924,33.797797],[-96.50414,33.789862],[-96.49649,33.786444],[-96.428822,33.789618],[-96.410553,33.786444],[-96.387115,33.762763],[-96.358713,33.725531],[-96.328847,33.701768],[-96.30134,33.718207],[-96.295562,33.73904],[-96.29601,33.753974],[-96.289622,33.763007],[-96.263499,33.765977],[-96.220855,33.76199],[-96.202789,33.763617],[-96.18399,33.773464],[-96.174184,33.786648],[-96.156484,33.821112],[-96.146799,33.82807],[-96.135976,33.830186],[-96.115387,33.839626],[-96.10554,33.841661],[-96.054311,33.841661],[-96.040273,33.843207],[-96.0065,33.855333],[-95.987904,33.866156],[-95.972646,33.872992],[-95.965566,33.872423],[-95.96109,33.87991],[-95.950551,33.88935],[-95.937978,33.895453],[-95.927642,33.89289],[-95.917063,33.883979],[-95.860504,33.853827],[-95.848988,33.851426],[-95.820912,33.855333],[-95.814809,33.862169],[-95.808949,33.866767],[-95.801096,33.869005],[-95.795644,33.86225],[-95.790191,33.857489],[-95.783355,33.855333],[-95.772369,33.861762],[-95.776682,33.88996],[-95.769683,33.896308],[-95.737131,33.895575],[-95.722035,33.897244],[-95.711659,33.896308],[-95.70519,33.902899],[-95.695221,33.909532],[-95.684071,33.91474],[-95.673818,33.916815],[-95.650258,33.927354],[-95.647084,33.929633],[-95.630483,33.924587],[-95.622914,33.924262],[-95.609609,33.943386],[-95.598215,33.952012],[-95.585072,33.947821],[-95.572011,33.938788],[-95.559193,33.933173],[-95.548207,33.925401],[-95.540395,33.90998],[-95.549875,33.895616],[-95.537221,33.889838],[-95.505605,33.889512],[-95.505767,33.887966],[-95.503529,33.884467],[-95.499379,33.879584],[-95.497182,33.875271],[-95.492055,33.877061],[-95.486195,33.88113],[-95.481679,33.883328],[-95.472157,33.882676],[-95.464508,33.880439],[-95.457916,33.876085],[-95.451568,33.869005],[-95.440745,33.870469],[-95.357167,33.868109],[-95.348541,33.869005],[-95.34203,33.87169],[-95.337799,33.874294],[-95.335561,33.878526],[-95.33495,33.88642],[-95.331858,33.895372],[-95.324941,33.89529],[-95.313832,33.889512],[-95.302968,33.894884],[-95.293813,33.898017],[-95.286366,33.902045],[-95.280344,33.90998],[-95.268707,33.904486],[-95.263336,33.915351],[-95.261871,33.933051],[-95.255767,33.947821],[-95.236887,33.960557],[-95.220367,33.962917],[-95.154408,33.944119],[-95.143137,33.937934],[-95.137807,33.931993],[-95.13386,33.925076],[-95.128407,33.919216],[-95.097076,33.912909],[-95.079498,33.903022],[-95.047515,33.875841],[-95.03185,33.866645],[-95.01651,33.862576],[-94.98176,33.861599],[-94.974517,33.859727],[-94.966624,33.85517],[-94.960194,33.849636],[-94.95759,33.844835],[-94.955149,33.829698],[-94.948801,33.823513],[-94.940012,33.82038],[-94.930247,33.814399],[-94.925038,33.808376],[-94.91039,33.786444],[-94.872874,33.755805],[-94.807362,33.746161],[-94.782053,33.739569],[-94.769765,33.738715],[-94.755605,33.733344],[-94.739735,33.709906],[-94.722279,33.702501],[-94.713775,33.693549],[-94.707997,33.691514],[-94.701161,33.692694],[-94.689565,33.697292],[-94.683217,33.697781],[-94.668813,33.695339],[-94.655141,33.691514],[-94.643666,33.685655],[-94.636057,33.677273],[-94.609975,33.680976],[-94.588531,33.679226],[-94.591868,33.675482],[-94.595041,33.669786],[-94.580434,33.663398],[-94.53303,33.64997],[-94.53303,33.656765],[-94.514801,33.649237],[-94.489491,33.648383],[-94.466949,33.643907],[-94.457265,33.625759],[-94.449941,33.604844],[-94.431549,33.590684],[-94.407216,33.584662],[-94.382192,33.587917],[-94.382192,33.581651],[-94.394643,33.571397],[-94.387522,33.561713],[-94.369211,33.558458],[-94.348012,33.56741],[-94.327952,33.557969],[-94.317535,33.566718],[-94.310414,33.582587],[-94.300201,33.594672],[-94.283315,33.595038],[-94.235097,33.574246],[-94.221344,33.579454],[-94.208323,33.588975],[-94.193267,33.593817],[-94.159413,33.577216],[-94.140004,33.572943],[-94.119211,33.573798],[-94.100982,33.581651],[-94.072092,33.563585],[-94.057037,33.557237],[-94.046376,33.553738],[-94.03661,33.555243],[-94.023346,33.559109],[-94.015696,33.559882],[-94.006093,33.557644],[-93.990631,33.548163],[-93.984934,33.546902],[-93.979319,33.552314],[-93.975575,33.561591],[-93.970367,33.570339],[-93.960764,33.574246],[-93.951161,33.572618],[-93.93342,33.566962],[-93.922841,33.56741],[-93.905507,33.57453],[-93.87914,33.59516],[-93.861399,33.602118],[-93.852366,33.603095],[-93.823842,33.602118],[-93.82433,33.597276],[-93.815012,33.577094],[-93.812978,33.574246],[-93.804677,33.552558],[-93.796742,33.541856],[-93.765777,33.526435],[-93.749908,33.51557],[-93.738678,33.502794],[-93.732411,33.489773],[-93.731068,33.478054],[-93.735666,33.457628],[-93.740305,33.444159],[-93.740346,33.432237],[-93.731068,33.416571],[-93.721995,33.406562],[-93.710072,33.396267],[-93.696889,33.387519],[-93.683909,33.382392],[-93.689849,33.374294],[-93.696401,33.367377],[-93.701568,33.35871],[-93.703725,33.34516],[-93.699208,33.33629],[-93.6881,33.333523],[-93.674387,33.332099],[-93.66218,33.327175],[-93.670562,33.319932],[-93.687652,33.297716],[-93.693837,33.293036],[-93.703277,33.290351],[-93.74474,33.272528],[-93.721181,33.22956],[-93.717397,33.224148],[-93.720286,33.220649],[-93.731353,33.212673],[-93.734771,33.211127],[-93.743804,33.208319],[-93.74352,33.20185],[-93.739858,33.194932],[-93.738515,33.190619],[-93.772043,33.163275],[-93.790761,33.143744],[-93.799875,33.142035],[-93.806752,33.155829],[-93.812734,33.15001],[-93.816558,33.147773],[-93.818918,33.144639],[-93.820424,33.136013],[-93.838612,33.14293],[-93.850209,33.140733],[-93.857086,33.130886],[-93.861399,33.114936],[-93.861684,33.095649],[-93.85676,33.08039],[-93.850697,33.067939],[-93.847768,33.057196],[-93.833241,33.030137],[-93.826487,33.013251],[-93.830393,33.005683],[-93.836537,32.996283],[-93.829661,32.975531],[-93.812978,32.9442],[-93.813385,32.92768],[-93.822825,32.909532],[-93.820424,32.895819],[-93.799794,32.873887],[-93.791615,32.859442],[-93.796539,32.844591],[-93.805165,32.829372],[-93.805491,32.8133],[-93.799957,32.782823],[-93.805043,32.765082],[-93.825592,32.737331],[-93.82726,32.717637],[-93.802398,32.72663],[-93.79776,32.716417],[-93.806752,32.680121],[-93.799794,32.668321],[-93.76773,32.627956],[-93.759023,32.607774],[-93.757069,32.561957],[-93.751454,32.542833],[-93.734771,32.522488],[-93.697906,32.489122],[-93.684316,32.471625],[-93.676422,32.450751],[-93.676259,32.443793],[-93.67809,32.430609],[-93.676422,32.423448],[-93.6704,32.415147],[-93.652821,32.397569],[-93.649159,32.392117],[-93.641021,32.383124],[-93.561025,32.324978],[-93.498606,32.266303],[-93.471588,32.231635],[-93.477854,32.224189],[-93.470082,32.216742],[-93.463612,32.205919],[-93.459055,32.193183],[-93.457346,32.179796],[-93.45108,32.168769],[-93.449371,32.16059],[-93.453928,32.152167],[-93.47468,32.137478],[-93.477854,32.132025],[-93.465972,32.106716],[-93.41393,32.078925],[-93.402089,32.056667],[-93.397125,32.051581],[-93.367991,32.005723],[-93.360463,32.001166],[-93.341908,31.996202],[-93.333852,31.991482],[-93.331207,31.986029],[-93.328521,31.969753],[-93.326324,31.964179],[-93.315419,31.955919],[-93.210927,31.89586],[-93.176137,31.908881],[-93.159413,31.90115],[-93.131418,31.891628],[-93.11384,31.880479],[-93.128326,31.867947],[-93.087392,31.833197],[-93.048451,31.814765],[-93.017812,31.786689],[-93.013254,31.777859],[-93.011708,31.762152],[-93.007721,31.748725],[-92.99885,31.745388],[-92.989369,31.749538],[-92.983754,31.758653],[-92.969879,31.719997],[-92.959137,31.703437],[-92.923451,31.691189],[-92.915517,31.677558],[-92.910268,31.659613],[-92.901845,31.641384],[-92.885365,31.627509],[-92.84675,31.615546],[-92.830434,31.604112],[-92.823842,31.601508],[-92.795644,31.594265],[-92.789947,31.589179],[-92.772084,31.559434],[-92.732655,31.531562],[-92.716624,31.515326],[-92.710032,31.494574],[-92.710113,31.471218],[-92.708079,31.453437],[-92.700185,31.436591],[-92.682729,31.416083],[-92.65038,31.395209],[-92.525706,31.361436],[-92.495229,31.344428],[-92.48412,31.339708],[-92.481191,31.341132],[-92.475901,31.344591],[-92.469472,31.34748],[-92.463002,31.347195],[-92.460805,31.343207],[-92.457102,31.329657],[-92.441477,31.318305],[-92.402984,31.279649],[-92.394683,31.268378],[-92.384836,31.260565],[-92.378,31.252712],[-92.371327,31.227566],[-92.36262,31.220323],[-92.340077,31.210639],[-92.299469,31.186835],[-92.282135,31.170844],[-92.27123,31.147976],[-92.266103,31.152452],[-92.256012,31.157823],[-92.250722,31.162177],[-92.248931,31.153103],[-92.245839,31.144232],[-92.241038,31.137519],[-92.233957,31.134874],[-92.223215,31.133002],[-92.213368,31.129828],[-92.207753,31.129218],[-92.209788,31.134874],[-92.205922,31.139919],[-92.20401,31.15644],[-92.199208,31.165961],[-92.158274,31.203192],[-92.148997,31.205593],[-92.142649,31.211534],[-92.131215,31.227118],[-92.118967,31.232123],[-92.106313,31.227891],[-92.094065,31.220649],[-92.082834,31.216824],[-92.074534,31.215155],[-92.066274,31.211737],[-92.056956,31.209418],[-92.045277,31.210639],[-92.034291,31.215888],[-92.004303,31.237901],[-91.971832,31.25019],[-91.963368,31.251573],[-91.954091,31.248318],[-91.945546,31.242214],[-91.935618,31.238878],[-91.921742,31.244167],[-91.934478,31.258124],[-91.946034,31.278998],[-91.948069,31.297919],[-91.932281,31.30622],[-91.910878,31.303575],[-91.890981,31.296942],[-91.791168,31.24726],[-91.774973,31.234198],[-91.760894,31.226671],[-91.702707,31.206895],[-91.700673,31.203477],[-91.69164,31.200751],[-91.689036,31.196357],[-91.690053,31.189724],[-91.694244,31.185411],[-91.699208,31.181464],[-91.702707,31.175849],[-91.716298,31.134874],[-91.73058,31.062934],[-91.736969,31.047675],[-91.74706,31.03852],[-91.74706,31.03205],[-91.723134,31.02501],[-91.684153,31.018256],[-91.671742,31.011583],[-91.661692,30.997097]]]}},{"type":"Feature","properties":{"name":"Pecos","name_en":"Pecos","scalerank":7,"min_zoom":6},"geometry":{"type":"MultiLineString","coordinates":[[[-104.293691,32.754462],[-104.295888,32.743028],[-104.298166,32.727078],[-104.298166,32.694444],[-104.302805,32.663438],[-104.315175,32.633979],[-104.324534,32.623114],[-104.332875,32.607856]],[[-103.882476,31.917263],[-103.89623,31.923407],[-103.910268,31.945136],[-103.927317,31.974555],[-103.942454,31.990302],[-103.959869,32.002509],[-103.97057,32.013007],[-103.975413,32.021104],[-103.983022,32.046698]]]}},{"type":"Feature","properties":{"name":"Pecos","name_en":"Pecos","scalerank":7,"min_zoom":6},"geometry":{"type":"MultiLineString","coordinates":[[[-105.635487,35.849718],[-105.644765,35.842068],[-105.676625,35.824083],[-105.68342,35.818793],[-105.6881,35.813503],[-105.690989,35.807074],[-105.694081,35.78974],[-105.711903,35.745063],[-105.717193,35.724066],[-105.719594,35.702663],[-105.718577,35.681098],[-105.70637,35.66295],[-105.663726,35.638007],[-105.657338,35.617703],[-105.659332,35.611111],[-105.664947,35.598822],[-105.666412,35.591864],[-105.666005,35.565741],[-105.664377,35.558783],[-105.661285,35.553778],[-105.651845,35.544949],[-105.648346,35.540595],[-105.64151,35.526801],[-105.631459,35.515977],[-105.590688,35.494981],[-105.585113,35.490546],[-105.572621,35.475694],[-105.565297,35.47016],[-105.556996,35.466498],[-105.539377,35.461371],[-105.491119,35.437852],[-105.480946,35.429389],[-105.473256,35.416368],[-105.470693,35.406277],[-105.470611,35.396308],[-105.47468,35.37641],[-105.473053,35.35163],[-105.456899,35.337022],[-105.397694,35.320339],[-105.387807,35.31627],[-105.378651,35.311062],[-105.370513,35.30447],[-105.365468,35.297675],[-105.357777,35.283515],[-105.351877,35.277452],[-105.337554,35.271186],[-105.326283,35.272976],[-105.315256,35.277777],[-105.301584,35.280463],[-105.282826,35.278632],[-105.223012,35.260037],[-105.154205,35.251166],[-105.137685,35.242947],[-105.136871,35.234971],[-105.139719,35.224555],[-105.13801,35.21544],[-105.111969,35.209662],[-105.103627,35.204779],[-105.085846,35.191107],[-105.045725,35.182074],[-104.971425,35.203396],[-104.928822,35.197943],[-104.923655,35.193712],[-104.917104,35.181708],[-104.91454,35.178046],[-104.908559,35.176825],[-104.8933,35.179226],[-104.887278,35.178046],[-104.832509,35.134304],[-104.76061,35.098497],[-104.729604,35.08869],[-104.72057,35.082872],[-104.71227,35.076117],[-104.703236,35.070502],[-104.692006,35.068183],[-104.671254,35.074652],[-104.653188,35.084784],[-104.643463,35.084906],[-104.647694,35.061347],[-104.652699,35.050808],[-104.664866,35.031684],[-104.668121,35.019802],[-104.661285,34.975694],[-104.662343,34.970649],[-104.667104,34.960964],[-104.668121,34.954901],[-104.665924,34.94892],[-104.661,34.946153],[-104.656117,34.944403],[-104.653879,34.94127],[-104.649241,34.930528],[-104.638661,34.921658],[-104.620351,34.909939],[-104.603505,34.882351],[-104.596099,34.865424],[-104.593088,34.852159],[-104.593984,34.829454],[-104.592193,34.8192],[-104.586252,34.815009],[-104.572581,34.813503],[-104.557118,34.809272],[-104.542348,34.802843],[-104.530995,34.79446],[-104.529408,34.791693],[-104.526275,34.783311],[-104.52477,34.780829],[-104.52774,34.781521],[-104.520619,34.772284],[-104.512034,34.763739],[-104.510487,34.766547],[-104.500356,34.738105],[-104.499908,34.732449],[-104.48884,34.728705],[-104.482167,34.719916],[-104.477773,34.709744],[-104.472971,34.701728],[-104.461903,34.694932],[-104.451487,34.693915],[-104.442209,34.6942],[-104.434722,34.691474],[-104.42394,34.675727],[-104.415639,34.657742],[-104.404164,34.64293],[-104.38386,34.636827],[-104.373647,34.629014],[-104.379547,34.610907],[-104.390289,34.590155],[-104.394399,34.574774],[-104.382069,34.558621],[-104.36148,34.553046],[-104.315012,34.554267],[-104.301666,34.549099],[-104.262115,34.523261],[-104.250396,34.513292],[-104.244781,34.504218],[-104.236073,34.482937],[-104.229319,34.472357],[-104.198313,34.448106],[-104.184682,34.431912],[-104.177113,34.416571],[-104.167836,34.376166],[-104.162709,34.364691],[-104.157379,34.35932],[-104.156321,34.3546],[-104.164133,34.345079],[-104.169057,34.336127],[-104.173411,34.313341],[-104.186757,34.286241],[-104.191518,34.267035],[-104.200795,34.253445],[-104.223053,34.252631],[-104.22175,34.231269],[-104.267486,34.190497],[-104.284535,34.170681],[-104.277252,34.150824],[-104.277699,34.143378],[-104.281402,34.141303],[-104.298207,34.136542],[-104.300404,34.123725],[-104.293528,34.100531],[-104.291371,34.084744],[-104.29247,34.070339],[-104.29719,34.044501],[-104.298207,34.030097],[-104.291737,34.016913],[-104.263092,33.997138],[-104.256663,33.989447],[-104.262603,33.899278],[-104.270253,33.875841],[-104.264068,33.875841],[-104.279286,33.845323],[-104.283111,33.828152],[-104.273997,33.820624],[-104.27123,33.812038],[-104.309071,33.710883],[-104.311269,33.694648],[-104.316721,33.677029],[-104.340566,33.647528],[-104.346018,33.632514],[-104.339182,33.56741],[-104.341908,33.54914],[-104.356313,33.518988],[-104.35969,33.50906],[-104.368804,33.409857],[-104.372629,33.393744],[-104.380116,33.382392],[-104.351308,33.36933],[-104.337473,33.348212],[-104.333241,33.320258],[-104.33137,33.255235],[-104.327138,33.239325],[-104.318715,33.224148],[-104.310292,33.216132],[-104.300404,33.208808],[-104.291127,33.199001],[-104.284535,33.183783],[-104.299306,33.176337],[-104.303456,33.16413],[-104.299875,33.149766],[-104.291371,33.136013],[-104.284413,33.129706],[-104.267649,33.118476],[-104.264068,33.114936],[-104.266469,33.105536],[-104.281402,33.089138],[-104.284535,33.080756],[-104.277089,33.064805],[-104.264963,33.052924],[-104.259104,33.039578],[-104.270253,33.019314],[-104.285268,33.012763],[-104.329823,33.000271],[-104.339182,32.988308],[-104.337554,32.921413],[-104.328684,32.889472],[-104.297353,32.868435],[-104.297434,32.850938],[-104.305043,32.816962],[-104.302317,32.79975],[-104.291737,32.77143],[-104.293691,32.754462]],[[-104.333241,32.607204],[-104.353261,32.584011],[-104.359039,32.575059],[-104.35969,32.560614],[-104.354807,32.551866],[-104.336903,32.533474],[-104.332916,32.522488],[-104.325754,32.511786],[-104.309397,32.514228],[-104.281117,32.525906],[-104.26773,32.523993],[-104.255198,32.519151],[-104.229319,32.505398],[-104.23998,32.494167],[-104.248891,32.480821],[-104.251536,32.467637],[-104.24356,32.456977],[-104.227895,32.454291],[-104.212148,32.459052],[-104.195668,32.461982],[-104.17809,32.453884],[-104.149159,32.408881],[-104.078481,32.368232],[-104.077952,32.354519],[-104.086293,32.342597],[-104.090728,32.333319],[-104.078481,32.327257],[-104.048736,32.339952],[-104.031484,32.340847],[-104.023834,32.323554],[-104.020172,32.309394],[-104.006215,32.278754],[-104.006459,32.268907],[-104.015045,32.25495],[-104.01476,32.243842],[-104.006256,32.234158],[-103.990346,32.224189],[-103.975453,32.231553],[-103.969879,32.222357],[-103.965647,32.207221],[-103.954945,32.196885],[-103.969635,32.18419],[-103.9912,32.171454],[-104.003489,32.157742],[-103.990346,32.142279],[-104.003651,32.134711],[-104.015777,32.121649],[-104.020985,32.106024],[-104.013295,32.09044],[-104.008616,32.087917],[-103.990346,32.080837],[-103.98762,32.072374],[-103.985666,32.060981],[-103.983022,32.046698]],[[-103.880483,31.916327],[-103.870473,31.909003],[-103.858388,31.887152],[-103.852528,31.881619],[-103.841176,31.88288],[-103.825917,31.898261],[-103.814687,31.902126],[-103.806508,31.892605],[-103.798573,31.826972],[-103.789377,31.809109],[-103.778472,31.797431],[-103.736155,31.762315],[-103.720326,31.759101],[-103.681264,31.758653],[-103.665151,31.750434],[-103.636138,31.723497],[-103.606272,31.714423],[-103.607289,31.706244],[-103.610992,31.695909],[-103.609242,31.686103],[-103.601064,31.67768],[-103.592844,31.672065],[-103.549672,31.65351],[-103.527699,31.639716],[-103.51061,31.621283],[-103.503733,31.597276],[-103.502268,31.55622],[-103.496083,31.541083],[-103.455434,31.467149],[-103.444732,31.453315],[-103.433217,31.446804],[-103.414296,31.450548],[-103.403798,31.446479],[-103.398997,31.443874],[-103.393381,31.442939],[-103.387766,31.443793],[-103.382965,31.446479],[-103.375234,31.449897],[-103.369862,31.445909],[-103.365102,31.439765],[-103.35912,31.436591],[-103.239613,31.436591],[-103.239003,31.43122],[-103.221913,31.402411],[-103.190745,31.383246],[-103.14387,31.37287],[-103.09496,31.372016],[-103.057485,31.381293],[-103.040354,31.390652],[-103.024241,31.396267],[-103.006825,31.393581],[-102.967437,31.36579],[-102.90038,31.347195],[-102.878163,31.334337],[-102.845815,31.304551],[-102.828114,31.298774],[-102.821523,31.2956],[-102.816151,31.28852],[-102.811025,31.278266],[-102.8037,31.278835],[-102.792795,31.283881],[-102.772043,31.288682],[-102.760243,31.294745],[-102.748891,31.295966],[-102.735341,31.285102],[-102.716542,31.299099],[-102.700185,31.315009],[-102.681793,31.32807],[-102.656809,31.333523],[-102.63683,31.327989],[-102.565094,31.277208],[-102.557769,31.274522],[-102.510325,31.265815],[-102.49885,31.265245],[-102.480133,31.259345],[-102.45873,31.245429],[-102.426829,31.216824],[-102.412668,31.182563],[-102.409657,31.144802],[-102.400054,31.110378],[-102.366038,31.086493],[-102.322621,31.07628],[-102.304351,31.069444],[-102.286529,31.056016],[-102.266916,31.045681],[-102.24474,31.045274],[-102.222157,31.047675],[-102.200917,31.045518],[-102.191274,31.039618],[-102.179107,31.023749],[-102.172963,31.018826],[-102.159088,31.014512],[-102.125803,31.01142],[-102.090199,31.000434],[-102.077992,31.000678],[-102.065541,31.006171],[-102.042388,31.010362],[-102.016225,31.010688],[-101.991322,31.005194],[-101.971913,30.99197],[-101.969879,30.988471],[-101.96703,30.980007],[-101.964711,30.975857],[-101.958485,30.968573],[-101.951243,30.961778],[-101.942983,30.956488],[-101.933909,30.953396],[-101.914174,30.951117],[-101.905344,30.948757],[-101.897084,30.943223],[-101.883697,30.929023],[-101.872304,30.91295],[-101.869456,30.904242],[-101.868479,30.865261],[-101.865956,30.857733],[-101.855377,30.842719],[-101.839223,30.824327],[-101.834462,30.81741],[-101.8308,30.808376],[-101.829254,30.79918],[-101.828359,30.73664],[-101.82136,30.717149],[-101.804311,30.706122],[-101.78661,30.697781],[-101.707916,30.681464],[-101.698883,30.677436],[-101.691762,30.670966],[-101.688303,30.662665],[-101.687611,30.645209],[-101.685902,30.636746],[-101.68163,30.630479],[-101.669667,30.620795],[-101.664459,30.61518],[-101.660553,30.606513],[-101.658844,30.597276],[-101.657338,30.560981],[-101.65803,30.552191],[-101.661,30.544379],[-101.669016,30.537055],[-101.702504,30.52265],[-101.712392,30.514228],[-101.718861,30.503974],[-101.722727,30.492255],[-101.724762,30.479438],[-101.723378,30.454454],[-101.715647,30.431952],[-101.690785,30.384792],[-101.681793,30.375759],[-101.678822,30.371609],[-101.673329,30.359442],[-101.679555,30.356147],[-101.718007,30.343695],[-101.724721,30.338894],[-101.727651,30.329535],[-101.726959,30.320746],[-101.719635,30.29206],[-101.708892,30.274034],[-101.690907,30.263536],[-101.670562,30.255398],[-101.652821,30.244208],[-101.644928,30.233832],[-101.638295,30.222439],[-101.631215,30.213243],[-101.622141,30.209418],[-101.598622,30.206977],[-101.583567,30.19949],[-101.573313,30.186713],[-101.555531,30.15001],[-101.546376,30.13703],[-101.531565,30.129421],[-101.505727,30.126899],[-101.491689,30.121161],[-101.490061,30.107123],[-101.491933,30.089423],[-101.488352,30.072862],[-101.47704,30.063544],[-101.466379,30.059353],[-101.463206,30.053168],[-101.47468,30.038153],[-101.499867,30.036322],[-101.510976,30.032091],[-101.505727,30.021064],[-101.466908,29.988715],[-101.458892,29.971015],[-101.468495,29.948798],[-101.50475,29.929551],[-101.522084,29.914822],[-101.519399,29.897895],[-101.501698,29.889228],[-101.481435,29.890082],[-101.460357,29.893988],[-101.440541,29.89411],[-101.40217,29.877997],[-101.380971,29.866075],[-101.371693,29.856879],[-101.380279,29.843044],[-101.396637,29.827948],[-101.406321,29.813422],[-101.394887,29.801134],[-101.387074,29.798896],[-101.379018,29.797716],[-101.362701,29.797716],[-101.350494,29.79918],[-101.344309,29.798896],[-101.338979,29.796495],[-101.332143,29.783067],[-101.330434,29.763292],[-101.334096,29.727607],[-101.338246,29.71308],[-101.345448,29.69949],[-101.356435,29.690253],[-101.371693,29.688747]]]}},{"type":"Feature","properties":{"name":"Roanoke","name_en":"Roanoke","scalerank":7,"min_zoom":6},"geometry":{"type":"MultiLineString","coordinates":[[[-79.772328,37.233751],[-79.766265,37.225206],[-79.756459,37.213162],[-79.745473,37.206326],[-79.728261,37.203192],[-79.708852,37.194444],[-79.691884,37.178331],[-79.660471,37.151882],[-79.63976,37.132392],[-79.624013,37.115424],[-79.612864,37.093085],[-79.599192,37.070746],[-79.584096,37.058376],[-79.557851,37.055854],[-79.525502,37.054145],[-79.511708,37.048855],[-79.508778,37.047227]],[[-78.284576,36.605089],[-78.28539,36.604438],[-78.296376,36.5963],[-78.319732,36.585761],[-78.345815,36.586859],[-78.400624,36.600898],[-78.435618,36.598985],[-78.471262,36.595282],[-78.486928,36.603949],[-78.496897,36.613715],[-78.51179,36.622178],[-78.533681,36.637885],[-78.558095,36.653632],[-78.577748,36.664008],[-78.596181,36.671902],[-78.617909,36.678738],[-78.635935,36.686794],[-78.670644,36.728095],[-78.678334,36.746527],[-78.672271,36.771186],[-78.670644,36.791449],[-78.675201,36.799343],[-78.675445,36.799506],[-78.675771,36.799831]],[[-78.143137,36.586493],[-78.132721,36.580349],[-78.111195,36.574246],[-78.08495,36.568183],[-78.059926,36.565945],[-78.038564,36.559434],[-78.018544,36.544379],[-77.99413,36.533637],[-77.967193,36.527899],[-77.943593,36.519151],[-77.912587,36.512966],[-77.799224,36.499864],[-77.75536,36.491482],[-77.725087,36.488593],[-77.654612,36.487128]]]}},{"type":"Feature","properties":{"name":"Roanoke","name_en":"Roanoke","scalerank":7,"min_zoom":6},"geometry":{"type":"MultiLineString","coordinates":[[[-80.204416,37.086371],[-80.2176,37.107286],[-80.244537,37.117214],[-80.266428,37.129218],[-80.264272,37.156195],[-80.259755,37.16706],[-80.257802,37.176703],[-80.256907,37.197943],[-80.248606,37.21837],[-80.23054,37.231513],[-80.207875,37.238837],[-80.17394,37.243109],[-80.162465,37.245958],[-80.151723,37.250759],[-80.141469,37.257839],[-80.125234,37.271918],[-80.116567,37.277615],[-80.106313,37.281521],[-80.01065,37.291775],[-79.964711,37.289374],[-79.88561,37.270209],[-79.869293,37.263983],[-79.851186,37.252021],[-79.841298,37.247423],[-79.843455,37.24376],[-79.847524,37.233832],[-79.827748,37.234727],[-79.808461,37.238471],[-79.789906,37.239936],[-79.772369,37.233832]],[[-79.511708,37.048855],[-79.495473,37.040351],[-79.47289,37.022773],[-79.456451,37.014106],[-79.446401,37.023749],[-79.447499,37.035997],[-79.463938,37.062527],[-79.450103,37.068427],[-79.401845,37.076728],[-79.387522,37.08336],[-79.380483,37.091335],[-79.374745,37.101264],[-79.356272,37.125312],[-79.350535,37.135037],[-79.341542,37.141872],[-79.323313,37.144395],[-79.31078,37.140001],[-79.272084,37.110297],[-79.260243,37.132351],[-79.2447,37.140408],[-79.229237,37.133368],[-79.217519,37.110297],[-79.210072,37.110297],[-79.208241,37.11518],[-79.20519,37.119574],[-79.203236,37.123969],[-79.197133,37.120876],[-79.18692,37.113552],[-79.18342,37.110297],[-79.187408,37.103135],[-79.192738,37.089911],[-79.197011,37.082953],[-79.174794,37.070176],[-79.149973,37.077704],[-79.12621,37.087917],[-79.107655,37.082953],[-79.100819,37.089789],[-79.05606,37.048855],[-79.04247,37.042019],[-78.964263,37.048855],[-78.940256,37.045356],[-78.915354,37.036078],[-78.895823,37.020209],[-78.887929,36.997016],[-78.824371,36.997097],[-78.805979,36.993598],[-78.798818,36.987006],[-78.784739,36.970242],[-78.778066,36.966864],[-78.76651,36.969916],[-78.765289,36.97724],[-78.766225,36.986884],[-78.761301,36.997016],[-78.742421,37.008816],[-78.732533,37.003241],[-78.729482,36.985216],[-78.730865,36.959418],[-78.729807,36.955756],[-78.724517,36.945176],[-78.724029,36.938992],[-78.727651,36.935085],[-78.734609,36.93244],[-78.741363,36.931342],[-78.744537,36.932156],[-78.741607,36.921698],[-78.736195,36.917263],[-78.728912,36.91413],[-78.669423,36.865587],[-78.662587,36.849555],[-78.668935,36.836697],[-78.680043,36.82213],[-78.683949,36.807725],[-78.675201,36.799343]],[[-78.28539,36.604438],[-78.278391,36.609971],[-78.265452,36.614081],[-78.177887,36.615587],[-78.161733,36.610663],[-78.14981,36.600369],[-78.14391,36.587022]],[[-77.654612,36.487128],[-77.635121,36.476508],[-77.579457,36.425076],[-77.562164,36.405137],[-77.550282,36.38585],[-77.555979,36.377265],[-77.569692,36.369574],[-77.575551,36.351671],[-77.574127,36.331081],[-77.565826,36.315212],[-77.549916,36.308783],[-77.527699,36.307318],[-77.509267,36.309678],[-77.504384,36.315212],[-77.480458,36.31448],[-77.462148,36.316759],[-77.445872,36.314887],[-77.42809,36.30154],[-77.421539,36.292792],[-77.408193,36.267401],[-77.39981,36.259345],[-77.379994,36.246649],[-77.373443,36.240058],[-77.373158,36.235053],[-77.379262,36.222724],[-77.380849,36.216498],[-77.378489,36.21072],[-77.270375,36.146918],[-77.254303,36.131903],[-77.236277,36.109727],[-77.251576,36.098822],[-77.292063,36.087226],[-77.308909,36.078681],[-77.316151,36.060858],[-77.298085,36.048448],[-77.250559,36.034613],[-77.21109,36.013454],[-77.190582,35.997748],[-77.18163,35.9831],[-77.177642,35.956488],[-77.166493,35.945828],[-77.037953,35.938422],[-77.026031,35.929023],[-77.030141,35.882025],[-77.017161,35.863308],[-77.002309,35.865668],[-76.982004,35.877305],[-76.964019,35.891425],[-76.95637,35.900824],[-76.947011,35.905585],[-76.926137,35.89704],[-76.904775,35.882676],[-76.893666,35.870144],[-76.894114,35.859239],[-76.897776,35.849718],[-76.898549,35.839382],[-76.890533,35.825751],[-76.880076,35.82099],[-76.867421,35.82331],[-76.855295,35.829413],[-76.846506,35.836005],[-76.834177,35.854356],[-76.828928,35.871527],[-76.820302,35.88288],[-76.798004,35.883816],[-76.780141,35.876736],[-76.765696,35.869208],[-76.750356,35.870551],[-76.729807,35.890001],[-76.726308,35.897569],[-76.723378,35.90705],[-76.71939,35.915107],[-76.712758,35.918524],[-76.70344,35.920356],[-76.697581,35.925564],[-76.695058,35.933905],[-76.695668,35.945258]]]}},{"type":"Feature","properties":{"name":"Ivanhoe","name_en":"Ivanhoe","scalerank":7,"min_zoom":6},"geometry":{"type":"MultiLineString","coordinates":[[[-82.999867,47.820868],[-82.824859,47.902045],[-82.812815,47.90998],[-82.808583,47.922227],[-82.808095,47.947821],[-82.800282,47.966661],[-82.782135,47.982978],[-82.746002,48.005886],[-82.691355,48.042263],[-82.674672,48.057644],[-82.656402,48.069892],[-82.588979,48.088975],[-82.571156,48.104315],[-82.53185,48.177029],[-82.523264,48.19953],[-82.516998,48.208441],[-82.509145,48.21308],[-82.458363,48.234646],[-82.443186,48.244574],[-82.433909,48.259589],[-82.430735,48.283881],[-82.433013,48.292833],[-82.438832,48.300971],[-82.454945,48.318061],[-82.459055,48.328437],[-82.458241,48.340644],[-82.432973,48.425808],[-82.429758,48.470649],[-82.426869,48.481147],[-82.420806,48.489325],[-82.408599,48.499945],[-82.406321,48.504828],[-82.408762,48.51142],[-82.411733,48.54324],[-82.410512,48.56627],[-82.401601,48.586697],[-82.364898,48.602403],[-82.349029,48.616889],[-82.330434,48.629096],[-82.307851,48.629665],[-82.305531,48.625434],[-82.302887,48.61697],[-82.297597,48.607856],[-82.287343,48.601671],[-82.274526,48.601589],[-82.259389,48.605658],[-82.245351,48.61225],[-82.235829,48.619696],[-82.213124,48.656033]]]}},{"type":"Feature","properties":{"name":"Susquehanna","name_en":"Susquehanna","scalerank":7,"min_zoom":6},"geometry":{"type":"MultiLineString","coordinates":[[[-74.882395,42.818468],[-74.88683,42.814643],[-74.913686,42.784369],[-74.920725,42.773464],[-74.926503,42.750922],[-74.930776,42.73961],[-74.964711,42.676947],[-74.968861,42.657335],[-74.967356,42.650702],[-74.952016,42.623643],[-74.946401,42.612982],[-74.942209,42.601915],[-74.940297,42.590603],[-74.941558,42.579169],[-74.968861,42.544379],[-74.973948,42.5338],[-74.975575,42.527045],[-74.975087,42.506537],[-74.984039,42.488593],[-75.005279,42.475165],[-75.112782,42.443956],[-75.129628,42.441352],[-75.146108,42.43537],[-75.17691,42.405137],[-75.194814,42.39293],[-75.240305,42.38406],[-75.261545,42.376776],[-75.281077,42.349392],[-75.305287,42.340522],[-75.394032,42.325263],[-75.437164,42.310981],[-75.479115,42.304796],[-75.490061,42.300564],[-75.489125,42.290595],[-75.483998,42.279242],[-75.482249,42.270616],[-75.509999,42.242987],[-75.585764,42.214952],[-75.606313,42.18126],[-75.604482,42.169542],[-75.599029,42.164171],[-75.598866,42.158637],[-75.612538,42.146552],[-75.622914,42.142524],[-75.634267,42.14114],[-75.643463,42.13821],[-75.647328,42.129747],[-75.643666,42.111518],[-75.626088,42.074042],[-75.602651,41.984076],[-75.60143,41.971706],[-75.607615,41.961371],[-75.62621,41.95539],[-75.641184,41.957221],[-75.671946,41.971015],[-75.688303,41.975206],[-75.741322,41.977118],[-75.757192,41.982693],[-75.751576,42.006293],[-75.765859,42.02143],[-75.787587,42.032579],[-75.804311,42.044135],[-75.828196,42.096381],[-75.847157,42.11579],[-75.873199,42.105536],[-75.892161,42.113064],[-75.995351,42.11994],[-76.014068,42.118842],[-76.030873,42.114773],[-76.084543,42.087185],[-76.101389,42.081122],[-76.123362,42.078884],[-76.132924,42.080634],[-76.143137,42.084906],[-76.151194,42.090359],[-76.154408,42.095649],[-76.157704,42.108222],[-76.165924,42.110622],[-76.187937,42.105536],[-76.236318,42.105536],[-76.26179,42.10989],[-76.275217,42.109076],[-76.287831,42.102159],[-76.337066,42.060981],[-76.353017,42.051581],[-76.373769,42.046454],[-76.445465,42.051581],[-76.455434,42.048611],[-76.46288,42.041042],[-76.467519,42.03087],[-76.469106,42.020209],[-76.472401,42.010443],[-76.480214,42.003485],[-76.48941,41.997097],[-76.49706,41.988837],[-76.504628,41.970079],[-76.508738,41.948432],[-76.51065,41.903876],[-76.508534,41.894843],[-76.499135,41.874701],[-76.49706,41.862576],[-76.496449,41.850124],[-76.494374,41.838731],[-76.490224,41.828315],[-76.483388,41.818793],[-76.474192,41.812201],[-76.452463,41.804023],[-76.442454,41.797065],[-76.437734,41.787706],[-76.435129,41.776679],[-76.429921,41.767442],[-76.417592,41.763536],[-76.407867,41.767768],[-76.398427,41.775702],[-76.388295,41.780097],[-76.376658,41.77379],[-76.356435,41.752997],[-76.349436,41.7508],[-76.330678,41.751736],[-76.325103,41.749864],[-76.320872,41.739203],[-76.323964,41.72016],[-76.318918,41.70893],[-76.310292,41.705349],[-76.283111,41.700548],[-76.277333,41.698065],[-76.26769,41.678412],[-76.245961,41.672675],[-76.209625,41.67418],[-76.20344,41.668809],[-76.196441,41.653428],[-76.187937,41.646267],[-76.14387,41.640001],[-76.133778,41.636908],[-76.113149,41.622748],[-76.102895,41.619574],[-76.058217,41.632636],[-76.051096,41.624091],[-76.055491,41.616278],[-76.062937,41.608262],[-76.065012,41.599066],[-76.060292,41.591742],[-76.037099,41.571153],[-76.033681,41.563341],[-76.035268,41.5574],[-76.034495,41.553168],[-76.023427,41.550727],[-76.016713,41.552802],[-76.009145,41.558661],[-75.996165,41.571153],[-75.963246,41.540554],[-75.945302,41.528266],[-75.924713,41.523383],[-75.911,41.514838],[-75.902211,41.47724],[-75.883168,41.468777],[-75.858062,41.465399],[-75.848988,41.456],[-75.846059,41.440945],[-75.839101,41.420966],[-75.830922,41.4112],[-75.804311,41.393622],[-75.799631,41.385321],[-75.783599,41.330837],[-75.809316,41.314317],[-75.842885,41.303819],[-75.859609,41.293728],[-75.86262,41.284735],[-75.869862,41.27322],[-75.878733,41.262559],[-75.886301,41.256456],[-75.893625,41.25495],[-75.907867,41.256781],[-75.914174,41.256456],[-75.921051,41.253363],[-75.93456,41.244656],[-75.946523,41.239529],[-75.968658,41.224962],[-75.979075,41.221747],[-75.995676,41.220771],[-76.009674,41.218044],[-76.091949,41.186306],[-76.121002,41.170844],[-76.140736,41.152777],[-76.126576,41.120429],[-76.126861,41.094509],[-76.145131,41.077216],[-76.339345,41.046251],[-76.354604,41.036566],[-76.37975,41.016221],[-76.426381,40.993516],[-76.442454,40.982123],[-76.462595,40.96308],[-76.473134,40.955756],[-76.489613,40.948594],[-76.539866,40.934272],[-76.551625,40.926866],[-76.633616,40.956407],[-76.645579,40.954535],[-76.671254,40.934597],[-76.716135,40.920681],[-76.720693,40.917507],[-76.726918,40.909003],[-76.729807,40.906358],[-76.73762,40.905137],[-76.753651,40.906317],[-76.760813,40.90294],[-76.772939,40.894843],[-76.782582,40.890245],[-76.78893,40.883612],[-76.7954,40.851182],[-76.805653,40.840684],[-76.832183,40.82449],[-76.848785,40.798041],[-76.84789,40.772325],[-76.842641,40.748806],[-76.846506,40.728868],[-76.839019,40.728868],[-76.846506,40.713406],[-76.85497,40.699897],[-76.865915,40.687079],[-76.880605,40.673651],[-76.896392,40.662909],[-76.911204,40.6553],[-76.924224,40.646552],[-76.935211,40.632636],[-76.937815,40.624457],[-76.939605,40.605658],[-76.942047,40.598578],[-76.948842,40.591905],[-76.964467,40.58393],[-76.96996,40.57807],[-76.971506,40.563992],[-76.965443,40.532172],[-76.96996,40.522773],[-76.958404,40.50963],[-76.947133,40.499457],[-76.938588,40.487982],[-76.935211,40.4713],[-76.944692,40.458523],[-77.013539,40.395331],[-77.017161,40.38935],[-77.015045,40.379259],[-77.009633,40.375596],[-77.002187,40.373725],[-76.993886,40.368598],[-76.983144,40.364285],[-76.95641,40.366034],[-76.945465,40.362087],[-76.929189,40.352118],[-76.918935,40.347276],[-76.91161,40.345282],[-76.904408,40.336371],[-76.893666,40.276435],[-76.88036,40.258816],[-76.862375,40.243598],[-76.825347,40.221137],[-76.759389,40.196479],[-76.744049,40.187038],[-76.736399,40.17768],[-76.734486,40.171169],[-76.733876,40.164252],[-76.729807,40.15351],[-76.724273,40.144151],[-76.701812,40.11872],[-76.701812,40.126166],[-76.68932,40.117987],[-76.658111,40.087714],[-76.649729,40.082587],[-76.61974,40.07449],[-76.617055,40.073106],[-76.61205,40.069525],[-76.60969,40.067206],[-76.58849,40.062608],[-76.529897,40.06155],[-76.530588,40.049872],[-76.520741,40.035264],[-76.480702,39.996405],[-76.465972,39.988389],[-76.463124,39.983466],[-76.46288,39.950507],[-76.456858,39.93948],[-76.442738,39.933051],[-76.414459,39.926947],[-76.383168,39.904568],[-76.348948,39.836778],[-76.325103,39.810248],[-76.315256,39.805772],[-76.284088,39.796658],[-76.23644,39.76142],[-76.215891,39.707221],[-76.188466,39.670722],[-76.084869,39.569159],[-76.077016,39.560126]]]}},{"type":"Feature","properties":{"name":"Prairie Dog Town Fork Red","name_en":"Prairie Dog Town Fork Red","scalerank":7,"min_zoom":6},"geometry":{"type":"MultiLineString","coordinates":[[[-102.550404,34.808132],[-102.529856,34.814236],[-102.505849,34.810818],[-102.481028,34.804267],[-102.457916,34.800727],[-102.221425,34.849066],[-102.136098,34.862738],[-102.124176,34.871202],[-102.084869,34.92418],[-102.050933,34.948065],[-102.012074,34.965522],[-101.96996,34.974433],[-101.926625,34.972602],[-101.899037,34.967882],[-101.880116,34.968329],[-101.869252,34.978542],[-101.865834,35.003038],[-101.865224,35.026923],[-101.861195,35.040351],[-101.850942,35.049669],[-101.831044,35.061347],[-101.792958,35.07685],[-101.749989,35.081977],[-101.709625,35.073432],[-101.679596,35.047716],[-101.631012,34.957872],[-101.622304,34.947292],[-101.612864,34.938829],[-101.580474,34.919216],[-101.554311,34.897488],[-101.534047,34.888861],[-101.511464,34.886054],[-101.441803,34.89057],[-101.429351,34.889757],[-101.417388,34.887315],[-101.404775,34.8817],[-101.393707,34.873358],[-101.374176,34.85338],[-101.370269,34.848334],[-101.362457,34.833523],[-101.358754,34.829779],[-101.349924,34.823839],[-101.346181,34.820136],[-101.343373,34.814887],[-101.339508,34.803087],[-101.336985,34.797634],[-101.329579,34.789984],[-101.320424,34.785915],[-101.30016,34.78087],[-101.289215,34.775702],[-101.280873,34.768907],[-101.267161,34.752631],[-101.256256,34.743232],[-101.233022,34.729763],[-101.223459,34.719102],[-101.207753,34.697537],[-101.189524,34.678046],[-101.166331,34.659003],[-101.140981,34.644721],[-101.113393,34.635077],[-101.08373,34.62995],[-100.899403,34.636827]]]}},{"type":"Feature","properties":{"name":"Haw","name_en":"Haw","scalerank":7,"min_zoom":6},"geometry":{"type":"MultiLineString","coordinates":[[[-79.998402,36.17182],[-79.967356,36.201728],[-79.929514,36.223944],[-79.88683,36.238878],[-79.841379,36.246894],[-79.755116,36.246894],[-79.745717,36.248887],[-79.725697,36.25788],[-79.714101,36.259955],[-79.57726,36.25434],[-79.565094,36.250271],[-79.554799,36.239814],[-79.538319,36.209784],[-79.525461,36.185411],[-79.495595,36.152696],[-79.476633,36.137315],[-79.460276,36.130805],[-79.434275,36.128933],[-79.412953,36.12287],[-79.39391,36.112087],[-79.374623,36.096055],[-79.364003,36.084011],[-79.357777,36.070665],[-79.354848,36.053738],[-79.354115,36.03087],[-79.350413,36.004706],[-79.340159,35.985297],[-79.275136,35.920518],[-79.227284,35.857367],[-79.166737,35.80268],[-79.061147,35.662909],[-79.050608,35.644355],[-79.043121,35.604071]]]}},{"type":"Feature","properties":{"name":"Connecticut","name_en":"Connecticut","scalerank":7,"min_zoom":6},"geometry":{"type":"MultiLineString","coordinates":[[[-71.179555,45.161811],[-71.201161,45.139919],[-71.263092,45.121405],[-71.288808,45.107856],[-71.296539,45.096137],[-71.306549,45.069363],[-71.316151,45.059394],[-71.325022,45.056708],[-71.356272,45.05329],[-71.371409,45.053249],[-71.417388,45.061306],[-71.432851,45.059394],[-71.447133,45.052802],[-71.481272,45.024685],[-71.50475,45.013943],[-71.521718,45.009589],[-71.53185,44.999945],[-71.535268,44.973822],[-71.527984,44.950507],[-71.514231,44.935248],[-71.505849,44.919501],[-71.51476,44.894965],[-71.606353,44.801337],[-71.630849,44.765204],[-71.635121,44.740261],[-71.624989,44.724229],[-71.611155,44.710639],[-71.604197,44.692654],[-71.600209,44.678087],[-71.569407,44.620551],[-71.556711,44.606553],[-71.55012,44.596259],[-71.54955,44.586493],[-71.559071,44.57628],[-71.571238,44.574571],[-71.583608,44.574652],[-71.593617,44.569688],[-71.600697,44.55036],[-71.597483,44.532497],[-71.598378,44.515082],[-71.617787,44.497097],[-71.651926,44.47663],[-71.669179,44.454861],[-71.678131,44.44599],[-71.704213,44.438259],[-71.791615,44.398383],[-71.807362,44.387803],[-71.840647,44.357123],[-71.859527,44.347602],[-71.883534,44.344672],[-71.932485,44.346259],[-71.98351,44.339138],[-72.020172,44.317654],[-72.042348,44.281562],[-72.049794,44.23078],[-72.049387,44.142768],[-72.054921,44.104438],[-72.069651,44.072537],[-72.11205,44.016669],[-72.118072,44.0008],[-72.113759,43.992499],[-72.105092,43.986355],[-72.098541,43.980536],[-72.100697,43.973212],[-72.166127,43.905463],[-72.180857,43.88463],[-72.18692,43.863715],[-72.189036,43.841742],[-72.194692,43.820095],[-72.203114,43.800401],[-72.213694,43.784491],[-72.266428,43.749132],[-72.279408,43.736029],[-72.306467,43.719997],[-72.312611,43.709581],[-72.31607,43.674669],[-72.324941,43.633124],[-72.332997,43.613389],[-72.347117,43.596462],[-72.381744,43.571885],[-72.391916,43.557563],[-72.39802,43.531317],[-72.405426,43.360622],[-72.401357,43.322862],[-72.403798,43.300116],[-72.416005,43.281114],[-72.426218,43.272081],[-72.433827,43.263007],[-72.438588,43.252753],[-72.440175,43.239854],[-72.439158,43.237006],[-72.436757,43.235053],[-72.434438,43.232123],[-72.43342,43.226182],[-72.435496,43.220323],[-72.440094,43.215277],[-72.447092,43.209784],[-72.453236,43.168809],[-72.452992,43.156562],[-72.447092,43.130683],[-72.449452,43.107856],[-72.466908,43.05154],[-72.471059,43.005683],[-72.480621,42.989081],[-72.50475,42.982611],[-72.522043,42.975409],[-72.528879,42.95779],[-72.535756,42.914333],[-72.543365,42.90001],[-72.550649,42.889594],[-72.555572,42.877875],[-72.556264,42.859687],[-72.554026,42.844184],[-72.55016,42.83279],[-72.54426,42.822943],[-72.535756,42.811876],[-72.492909,42.77912],[-72.473459,42.758409],[-72.466908,42.729356],[-72.46996,42.699042],[-72.478749,42.663642],[-72.493642,42.631903],[-72.515289,42.612657],[-72.530832,42.611029],[-72.564361,42.613593],[-72.576772,42.606472],[-72.579539,42.598253],[-72.576812,42.591498],[-72.571685,42.586046],[-72.566803,42.582302],[-72.562164,42.574327],[-72.564687,42.566759],[-72.569081,42.559149],[-72.570546,42.551215],[-72.562856,42.521186],[-72.563629,42.510565],[-72.570546,42.496609],[-72.585846,42.472724],[-72.590159,42.459662],[-72.590972,42.441352],[-72.588816,42.438992],[-72.578969,42.424099],[-72.576772,42.417792],[-72.579661,42.408311],[-72.586171,42.404486],[-72.593332,42.40294],[-72.59789,42.400417],[-72.611073,42.373074],[-72.618723,42.363105],[-72.631988,42.353217],[-72.610219,42.33808],[-72.607493,42.323025],[-72.613393,42.304999],[-72.619944,42.270819],[-72.62385,42.260199],[-72.625478,42.24962],[-72.621165,42.23961],[-72.607167,42.225369],[-72.600413,42.216376],[-72.59789,42.208604],[-72.601959,42.200629],[-72.618967,42.184272],[-72.624582,42.174506],[-72.624867,42.166815],[-72.619252,42.15351],[-72.615102,42.122382],[-72.604848,42.087755],[-72.604644,42.065253],[-72.624582,41.893337],[-72.648915,41.813341],[-72.655629,41.77265],[-72.645009,41.729438],[-72.638661,41.72073],[-72.633372,41.717882],[-72.628774,41.713935],[-72.624582,41.701483],[-72.623606,41.689521],[-72.625844,41.68122],[-72.629384,41.672797],[-72.631988,41.660509],[-72.630971,41.649237],[-72.624379,41.629665],[-72.624582,41.619574],[-72.629018,41.61282],[-72.645741,41.599433],[-72.652455,41.59162],[-72.628163,41.577826],[-72.598541,41.570339],[-72.573598,41.560736],[-72.5631,41.540717],[-72.555043,41.519599],[-72.535553,41.507676],[-72.511952,41.498562],[-72.491363,41.485785],[-72.440175,41.427802],[-72.39981,41.40058],[-72.383534,41.385932],[-72.378774,41.366278]]]}},{"type":"Feature","properties":{"name":"Clark Fork","name_en":"Clark Fork","scalerank":7,"min_zoom":6},"geometry":{"type":"MultiLineString","coordinates":[[[-116.189565,48.155219],[-116.205393,48.160956],[-116.233062,48.166571],[-116.265777,48.170274],[-116.30134,48.181505],[-116.320912,48.200751],[-116.338612,48.231147],[-116.359853,48.258612],[-116.382069,48.268378],[-116.411692,48.275946],[-116.455434,48.293728],[-116.482574,48.298163],[-116.505238,48.292914],[-116.522328,48.28205],[-116.545969,48.263048],[-116.568105,48.250515]]]}},{"type":"Feature","properties":{"name":"Clark Fork","name_en":"Clark Fork","scalerank":7,"min_zoom":6},"geometry":{"type":"MultiLineString","coordinates":[[[-112.514312,45.806098],[-112.527984,45.847032],[-112.529164,45.855414],[-112.527984,45.885281],[-112.521352,45.897569],[-112.506988,45.910956],[-112.493031,45.927802],[-112.48766,45.950751],[-112.508372,45.985663],[-112.554026,45.995429],[-112.658315,45.991726],[-112.771596,46.005398],[-112.790598,46.01085],[-112.799387,46.025173],[-112.801747,46.044867],[-112.797475,46.139594],[-112.798655,46.152777],[-112.796864,46.167182],[-112.78246,46.181993],[-112.747711,46.217637],[-112.739654,46.253119],[-112.734039,46.266059],[-112.710764,46.292751],[-112.706166,46.299587],[-112.704905,46.32331],[-112.711497,46.35045],[-112.723256,46.372829],[-112.737457,46.382148],[-112.746978,46.394558],[-112.737294,46.422309],[-112.713612,46.467475],[-112.725168,46.487738],[-112.75182,46.492947],[-112.781361,46.495063],[-112.801747,46.506293],[-112.812082,46.530829],[-112.849924,46.558417],[-112.896596,46.581895],[-112.933339,46.594346],[-113.031972,46.594346],[-113.053334,46.599392],[-113.075103,46.611029],[-113.110829,46.635321],[-113.175526,46.662869],[-113.185902,46.673204],[-113.193674,46.689643],[-113.212148,46.70543],[-113.234609,46.717963],[-113.254221,46.724718],[-113.30427,46.72838],[-113.50829,46.694892],[-113.529164,46.697374],[-113.582916,46.721503],[-113.603627,46.724718],[-113.670725,46.71894],[-113.693023,46.724718],[-113.711497,46.73668],[-113.755116,46.7862],[-113.77953,46.805243],[-113.878,46.861884],[-113.901031,46.881456],[-113.912994,46.885688],[-113.932607,46.882392],[-113.965932,46.866523],[-113.980784,46.865343],[-114.001536,46.875556],[-114.01476,46.86933],[-114.025624,46.871934],[-114.036285,46.878038],[-114.049306,46.882392],[-114.059926,46.882025],[-114.079579,46.876899],[-114.090891,46.875556],[-114.112782,46.88821],[-114.14745,46.916287],[-114.15685,46.921332],[-114.169749,46.923367],[-114.188791,46.933946],[-114.219553,46.986029],[-114.234242,47.005316],[-114.253407,47.014838],[-114.30956,47.030585],[-114.3308,47.03323],[-114.375152,47.029812],[-114.382721,47.019802],[-114.38679,47.01081],[-114.39273,47.003607],[-114.406158,46.999091],[-114.430816,47.001166],[-114.480824,47.021348],[-114.505198,47.026394],[-114.516103,47.024237],[-114.53482,47.014838],[-114.546132,47.012763],[-114.558013,47.015326],[-114.579335,47.028184],[-114.590566,47.03323],[-114.614817,47.034857],[-114.662668,47.022488],[-114.687082,47.018907],[-114.710764,47.024685],[-114.724721,47.039374],[-114.750559,47.113227],[-114.755035,47.122016],[-114.763905,47.12995],[-114.784169,47.139472],[-114.792877,47.145819],[-114.8037,47.151394],[-114.83141,47.158555],[-114.84024,47.171413],[-114.864898,47.197089],[-114.883209,47.21129],[-114.920074,47.229275],[-114.937164,47.242051],[-114.959137,47.251817],[-115.017974,47.255439],[-115.04304,47.265977],[-115.048451,47.278022],[-115.055043,47.301581],[-115.056549,47.32453],[-115.046742,47.334906],[-115.024648,47.337958],[-114.978261,47.351915],[-114.954254,47.355333],[-114.855946,47.327745],[-114.806508,47.320258],[-114.775502,47.341742],[-114.779897,47.380072],[-114.811757,47.416327],[-114.885365,47.464626],[-114.890736,47.466498],[-114.900217,47.468085],[-114.905873,47.471381],[-114.909047,47.475124],[-114.910797,47.482001],[-114.913319,47.485704],[-114.930776,47.504991],[-114.940907,47.510443],[-114.957672,47.512397],[-114.978424,47.520046],[-115.009592,47.53616],[-115.050445,47.54031],[-115.120025,47.564399],[-115.142323,47.567654],[-115.162709,47.572821],[-115.207997,47.593817],[-115.235463,47.595526],[-115.27359,47.582546],[-115.289418,47.581244],[-115.303782,47.584011],[-115.324371,47.593451],[-115.34553,47.598822],[-115.356435,47.606757],[-115.375396,47.625678],[-115.385121,47.637763],[-115.386708,47.645453],[-115.385325,47.652777],[-115.386301,47.663845],[-115.39094,47.676947],[-115.40807,47.705512],[-115.412099,47.715522],[-115.413564,47.72838],[-115.416331,47.738634],[-115.423573,47.746202],[-115.43342,47.751003],[-115.444325,47.75255],[-115.452056,47.757514],[-115.459096,47.768581],[-115.46817,47.78738],[-115.489329,47.815212],[-115.496165,47.820868],[-115.509348,47.825629],[-115.53539,47.830593],[-115.564076,47.851426],[-115.58495,47.85932],[-115.660024,47.875596],[-115.67691,47.883124],[-115.685536,47.896511],[-115.691518,47.94127],[-115.700999,47.955268],[-115.763661,48.008816],[-115.785553,48.021186],[-115.817494,48.028266],[-115.829701,48.033474],[-115.839996,48.041124],[-115.84435,48.050482],[-115.850087,48.056423],[-115.983632,48.097357],[-116.065663,48.107489],[-116.110504,48.118964],[-116.152699,48.135281],[-116.189443,48.155219]]]}},{"type":"Feature","properties":{"name":"Pearl","name_en":"Pearl","scalerank":7,"min_zoom":6},"geometry":{"type":"MultiLineString","coordinates":[[[-90.173695,31.940009],[-90.193593,31.959174],[-90.229115,32.018744],[-90.233795,32.0362],[-90.230824,32.049587],[-90.22525,32.065456],[-90.22232,32.09044],[-90.227528,32.105902],[-90.237904,32.120876],[-90.245595,32.138536],[-90.242787,32.162787],[-90.229604,32.176703],[-90.188873,32.203803],[-90.185048,32.213975],[-90.195912,32.236111],[-90.192372,32.25727],[-90.18102,32.276557],[-90.14623,32.317003],[-90.119862,32.344306],[-90.114247,32.363552],[-90.100331,32.380194],[-90.082346,32.393337],[-90.064605,32.402371],[-90.068959,32.407742],[-90.074615,32.418158],[-90.078969,32.423448],[-90.04894,32.466091],[-90.029449,32.488308],[-89.986724,32.504828],[-89.893544,32.563015],[-89.883372,32.565782],[-89.86974,32.56684],[-89.860097,32.571153],[-89.848622,32.590399],[-89.842437,32.594753],[-89.815541,32.595526],[-89.7954,32.598415],[-89.778879,32.604682],[-89.746938,32.625312],[-89.71231,32.642361],[-89.681223,32.664252],[-89.663482,32.668809],[-89.645253,32.671251],[-89.461985,32.738105],[-89.438954,32.740994],[-89.430531,32.744737],[-89.427195,32.755479],[-89.422271,32.76085],[-89.39859,32.775987],[-89.389963,32.77912],[-89.365346,32.781114],[-89.34553,32.786892],[-89.328359,32.795722],[-89.311757,32.807074],[-89.277659,32.824246],[-89.238637,32.832139],[-89.119252,32.835883],[-89.096059,32.841579],[-89.075185,32.853095],[-89.054514,32.872178],[-89.038238,32.883897],[-88.997874,32.903103],[-88.982167,32.916287],[-88.97232,32.953966],[-88.996165,32.983832],[-89.070912,33.039822],[-89.090566,33.072699],[-89.119496,33.14643],[-89.139801,33.170193]],[[-90.173695,31.940009],[-90.153066,31.902411]],[[-90.153066,31.902411],[-90.15925,31.916124],[-90.173695,31.940009]],[[-90.153066,31.902411],[-90.146474,31.890408],[-90.14037,31.874132]],[[-90.14037,31.874132],[-90.153066,31.902411]],[[-90.006337,31.433295],[-90.017445,31.440741],[-90.033925,31.443386],[-90.046946,31.450792],[-90.055735,31.469021],[-90.064605,31.512274],[-90.061879,31.530097],[-90.064443,31.540961],[-90.080637,31.548122],[-90.088694,31.554063],[-90.096099,31.561835],[-90.099436,31.569688],[-90.095204,31.58043],[-90.07665,31.589708],[-90.072092,31.600409],[-90.074778,31.613552],[-90.082143,31.619737],[-90.091298,31.623358],[-90.099436,31.628363],[-90.111684,31.645575],[-90.112864,31.658393],[-90.108957,31.672431],[-90.104888,31.69953],[-90.099721,31.706],[-90.099436,31.710273],[-90.102406,31.715522],[-90.107289,31.720038],[-90.111724,31.722968],[-90.113678,31.723944],[-90.118479,31.738715],[-90.120107,31.747504],[-90.119862,31.758653],[-90.109242,31.788031],[-90.109975,31.792263],[-90.147206,31.803046],[-90.145985,31.841498],[-90.141957,31.858181],[-90.14037,31.874132]],[[-90.006337,31.433295],[-89.957143,31.380316],[-89.945872,31.363308],[-89.941151,31.350613],[-89.931549,31.337836],[-89.886952,31.317735],[-89.872874,31.30622],[-89.87678,31.299831],[-89.863352,31.287299],[-89.859242,31.274848],[-89.857777,31.26557],[-89.777252,31.065985],[-89.773793,31.052314],[-89.773915,31.043972],[-89.769643,31.039822],[-89.753041,31.038682],[-89.746816,31.034735],[-89.74474,31.014106],[-89.736318,31.004584],[-89.732289,30.985053],[-89.739084,30.950303],[-89.752065,30.914415],[-89.775258,30.877712],[-89.790924,30.819607],[-89.815785,30.794053],[-89.824615,30.776964],[-89.818227,30.758124],[-89.83731,30.722032],[-89.844716,30.700303],[-89.846181,30.68244],[-89.836293,30.667426],[-89.820953,30.652126],[-89.813059,30.634833],[-89.825673,30.614122],[-89.79955,30.565782],[-89.784088,30.552069]],[[-89.982086,31.408637],[-90.006337,31.433295]],[[-89.784088,30.552069],[-89.752187,30.541287],[-89.735911,30.531358],[-89.722483,30.500312],[-89.694244,30.483222],[-89.677724,30.456814],[-89.674875,30.449652],[-89.674184,30.441107],[-89.675649,30.423407],[-89.674875,30.414903],[-89.668202,30.399034],[-89.639516,30.360297],[-89.634674,30.34337],[-89.636383,30.302273],[-89.617258,30.273139],[-89.588002,30.212022],[-89.565012,30.188992],[-89.556956,30.199327],[-89.544911,30.203192],[-89.532623,30.199897],[-89.526112,30.192694]],[[-89.784088,30.552069],[-89.776479,30.540229],[-89.731068,30.449327]],[[-89.731068,30.449327],[-89.729644,30.441718],[-89.726471,30.436143],[-89.703603,30.421454],[-89.679026,30.410671],[-89.672515,30.408718]],[[-89.731068,30.449327],[-89.732086,30.419216],[-89.731272,30.398871],[-89.726877,30.381781],[-89.712066,30.374579],[-89.698557,30.365302],[-89.642201,30.254218],[-89.643178,30.244208],[-89.63386,30.236762],[-89.623402,30.219021],[-89.615305,30.198188],[-89.614247,30.184027]]]}},{"type":"Feature","properties":{"name":"Oconee","name_en":"Oconee","scalerank":7,"min_zoom":6},"geometry":{"type":"MultiLineString","coordinates":[[[-83.708974,34.061306],[-83.571278,34.042996],[-83.561147,34.03974],[-83.552642,34.034003],[-83.533274,34.016221],[-83.531077,34.012397],[-83.517201,34.005723],[-83.460032,33.965196],[-83.421254,33.951728],[-83.404286,33.94184],[-83.397288,33.927354],[-83.39684,33.920925],[-83.39566,33.915147],[-83.393788,33.910102],[-83.391265,33.905707],[-83.380971,33.895575],[-83.342641,33.875841],[-83.310374,33.843288],[-83.29601,33.808702],[-83.29304,33.770046],[-83.294911,33.725043],[-83.291575,33.681464],[-83.271555,33.603583],[-83.266957,33.56741],[-83.270863,33.547309],[-83.278188,33.52501],[-83.282582,33.504218],[-83.277496,33.488552],[-83.264394,33.469184],[-83.245269,33.422309],[-83.232818,33.40351],[-83.211537,33.39407],[-83.186838,33.392035],[-83.166331,33.386257],[-83.157704,33.365343],[-83.154205,33.324734],[-83.159535,33.31269],[-83.234731,33.27029],[-83.246449,33.259548],[-83.253041,33.243354],[-83.260121,33.187201],[-83.2506,33.172471],[-83.208811,33.144721],[-83.19933,33.125759],[-83.201324,33.115831],[-83.210276,33.093817],[-83.21231,33.084174],[-83.207021,33.072292],[-83.197092,33.063096],[-83.191518,33.053412],[-83.19933,33.039822],[-83.193756,33.032091],[-83.177235,33.016303],[-83.171376,33.012478],[-83.160878,33.011542],[-83.13683,33.013617],[-83.127024,33.009101],[-83.113026,32.977729],[-83.088857,32.957831],[-83.075185,32.940863],[-83.050771,32.901638],[-83.029652,32.875596],[-83.026438,32.868109],[-83.021108,32.863349],[-83.007192,32.86164],[-82.995107,32.858507],[-82.983022,32.85102],[-82.972646,32.841986],[-82.965932,32.834337],[-82.958892,32.819851],[-82.947336,32.775173],[-82.943674,32.69656],[-82.926259,32.630479],[-82.914622,32.610053],[-82.89391,32.601589],[-82.883778,32.592393],[-82.881988,32.570746],[-82.883372,32.525906],[-82.873687,32.498155],[-82.828725,32.423448],[-82.822987,32.408555],[-82.815826,32.395209],[-82.803944,32.385565],[-82.766184,32.37877],[-82.756663,32.375515],[-82.749908,32.371649],[-82.739695,32.358344],[-82.741078,32.350165],[-82.74592,32.343329],[-82.746205,32.334052],[-82.739125,32.324774],[-82.725087,32.311062],[-82.70873,32.298529],[-82.694692,32.293077],[-82.66393,32.292548],[-82.64859,32.286689],[-82.636952,32.27265],[-82.637603,32.267849],[-82.641347,32.261908],[-82.644765,32.25434],[-82.644399,32.244696],[-82.639272,32.237169],[-82.631947,32.232367],[-82.625478,32.22602],[-82.62267,32.213975],[-82.623606,32.181342],[-82.619862,32.171495],[-82.608998,32.155341],[-82.615631,32.122097],[-82.610219,32.088731],[-82.600942,32.055447],[-82.596018,32.022162],[-82.589426,32.007758],[-82.574371,31.994696]]]}},{"type":"Feature","properties":{"name":"Rogue","name_en":"Rogue","scalerank":7,"min_zoom":6},"geometry":{"type":"MultiLineString","coordinates":[[[-122.165191,43.082628],[-122.181874,43.097357],[-122.202138,43.09748],[-122.242665,43.097032],[-122.272817,43.100531],[-122.288482,43.099433],[-122.301666,43.09455],[-122.310455,43.086208],[-122.312856,43.081814],[-122.318918,43.07449],[-122.331166,43.068427],[-122.338124,43.063096],[-122.347401,43.057644],[-122.371693,43.043402],[-122.388092,43.012763],[-122.390492,42.967963],[-122.404042,42.947537],[-122.42101,42.93122],[-122.443715,42.921739],[-122.449534,42.915351],[-122.46349,42.905056],[-122.469635,42.896348],[-122.482777,42.882107],[-122.484527,42.875759],[-122.485219,42.863389],[-122.484364,42.851508],[-122.47704,42.819119],[-122.47761,42.808417],[-122.483469,42.796902],[-122.48176,42.7862],[-122.482777,42.768012],[-122.497548,42.755316],[-122.601552,42.714871],[-122.623606,42.711737],[-122.62621,42.711982],[-122.628774,42.711982],[-122.648508,42.702501],[-122.660064,42.688056],[-122.677358,42.673122],[-122.738637,42.673367],[-122.760487,42.669867],[-122.779897,42.663153],[-122.79426,42.653144],[-122.804311,42.637885],[-122.827219,42.568468],[-122.834543,42.531806],[-122.835317,42.515896],[-122.864817,42.468777],[-122.878041,42.457099],[-122.897206,42.457099],[-122.91686,42.460476],[-122.9405,42.460273],[-122.985097,42.455146],[-123.014963,42.44599],[-123.025461,42.44599],[-123.058339,42.450751],[-123.075103,42.450548],[-123.091135,42.447211],[-123.100087,42.442165],[-123.11734,42.428778],[-123.125885,42.425971],[-123.135569,42.429226],[-123.151438,42.444648],[-123.164296,42.448269],[-123.186676,42.441189],[-123.209137,42.440538],[-123.257151,42.445258],[-123.303782,42.449897],[-123.315053,42.449897],[-123.33727,42.445746],[-123.348948,42.445665],[-123.379994,42.449286],[-123.412994,42.447333],[-123.433217,42.447943],[-123.469716,42.457221],[-123.477528,42.461615],[-123.478342,42.465928],[-123.471995,42.474718],[-123.474233,42.482774],[-123.482533,42.488878],[-123.485829,42.492621],[-123.475453,42.504096],[-123.470937,42.518988],[-123.472157,42.534613],[-123.479115,42.54796],[-123.495269,42.560248],[-123.512685,42.564805],[-123.530832,42.567084],[-123.57787,42.580675],[-123.585194,42.589667],[-123.584218,42.599066],[-123.579335,42.612901],[-123.575185,42.623236],[-123.576243,42.64057],[-123.580678,42.657579],[-123.586903,42.666571],[-123.612864,42.675157],[-123.638295,42.673651],[-123.663889,42.668402],[-123.689931,42.666205],[-123.703969,42.667914],[-123.710846,42.670233],[-123.718902,42.680243],[-123.718617,42.686632],[-123.718902,42.697292],[-123.727366,42.703559],[-123.73998,42.709174],[-123.763743,42.716824],[-123.773834,42.718817],[-123.793568,42.720771],[-123.853831,42.746609],[-123.86559,42.747626],[-123.876332,42.745063],[-123.895375,42.733913],[-123.900461,42.721788],[-123.921498,42.719835],[-123.927561,42.715888],[-123.924062,42.704535],[-123.940663,42.696723],[-123.949696,42.693712],[-123.960276,42.693427],[-123.974273,42.689724],[-124.006337,42.673611],[-124.032582,42.652533],[-124.040435,42.640204],[-124.046457,42.62698],[-124.048451,42.616156],[-124.041168,42.589057],[-124.041127,42.57628],[-124.049631,42.565863],[-124.08849,42.579169],[-124.113352,42.572943],[-124.131174,42.55744]],[[-124.131215,42.557318],[-124.145497,42.544989],[-124.17394,42.520128],[-124.179107,42.512519],[-124.197825,42.51081],[-124.228017,42.513292],[-124.264882,42.516547],[-124.283437,42.513495],[-124.295766,42.503852],[-124.309153,42.490668],[-124.359731,42.474473],[-124.377797,42.457384],[-124.39269,42.448757],[-124.422597,42.427558]]]}},{"type":"Feature","properties":{"name":"Eel","name_en":"Eel","scalerank":7,"min_zoom":6},"geometry":{"type":"MultiLineString","coordinates":[[[-124.069163,40.479356],[-124.082428,40.482856],[-124.096425,40.494493],[-124.08373,40.508897],[-124.081125,40.519599],[-124.09732,40.52379],[-124.126332,40.526801],[-124.144154,40.530463],[-124.148101,40.543402],[-124.142405,40.582709],[-124.145334,40.598822],[-124.148183,40.602362],[-124.152333,40.606309],[-124.156728,40.609483],[-124.167714,40.613349],[-124.170033,40.61697],[-124.171539,40.621121],[-124.175852,40.624823],[-124.185699,40.628241],[-124.216908,40.635077],[-124.232533,40.635077],[-124.251129,40.63878],[-124.269765,40.642524],[-124.305816,40.637274]],[[-122.854644,39.333564],[-122.859486,39.337999],[-122.865468,39.345649],[-122.869374,39.352607],[-122.875722,39.367987],[-122.87857,39.372992],[-122.901438,39.390245],[-122.933583,39.407497],[-122.942047,39.414984],[-122.946604,39.418158],[-122.951039,39.420681],[-122.960317,39.423855],[-122.968861,39.423041],[-122.977366,39.420925],[-122.986562,39.420111],[-122.988515,39.421902],[-122.991811,39.425605],[-122.99592,39.429226],[-122.999867,39.430487],[-123.006459,39.428575],[-123.008453,39.425971],[-123.008901,39.42296],[-123.010732,39.420111],[-123.022817,39.408718],[-123.03893,39.393744],[-123.055735,39.384792],[-123.071034,39.390204],[-123.079213,39.395128],[-123.097971,39.396837],[-123.106109,39.400092],[-123.110219,39.406317],[-123.126454,39.438178],[-123.132476,39.454169],[-123.140777,39.490424],[-123.14566,39.500678],[-123.156239,39.508002],[-123.166168,39.508002],[-123.18224,39.508002],[-123.196278,39.508979],[-123.19929,39.518378],[-123.208852,39.526923],[-123.21581,39.541531],[-123.222035,39.551459],[-123.260243,39.560085],[-123.271799,39.57807],[-123.279449,39.596706],[-123.292592,39.605414],[-123.293813,39.612901],[-123.294789,39.613634],[-123.297515,39.62873],[-123.305776,39.635199],[-123.317616,39.638943],[-123.330434,39.644558],[-123.342763,39.720404],[-123.349762,39.741807],[-123.371002,39.786933],[-123.400746,39.839464],[-123.427317,39.896999],[-123.436838,39.910346],[-123.447621,39.920966],[-123.456776,39.932685],[-123.456654,39.946153],[-123.447255,39.950222],[-123.43517,39.958319],[-123.427805,39.970486],[-123.427724,39.983181],[-123.436025,39.996121],[-123.447581,40.00434],[-123.473704,40.018581],[-123.477162,40.035997],[-123.480214,40.043036],[-123.486724,40.043728],[-123.497304,40.0421],[-123.506256,40.044867],[-123.509145,40.05032],[-123.501536,40.056952],[-123.489735,40.062445],[-123.484771,40.066433],[-123.485341,40.071967],[-123.48998,40.082465],[-123.492543,40.084581],[-123.501943,40.088731],[-123.50536,40.091173],[-123.5065,40.09516],[-123.504954,40.104275],[-123.506744,40.108954],[-123.524322,40.121894],[-123.552846,40.132676],[-123.563059,40.136542],[-123.579457,40.15412],[-123.582387,40.156277],[-123.585357,40.158962],[-123.58788,40.163398],[-123.587066,40.166042],[-123.582509,40.176134],[-123.581614,40.180365],[-123.584828,40.190741],[-123.591542,40.197211],[-123.600413,40.198513],[-123.609731,40.193183],[-123.624908,40.191759],[-123.630442,40.199327],[-123.635325,40.207831],[-123.636586,40.213975],[-123.629994,40.221015],[-123.621816,40.224555],[-123.617909,40.229519],[-123.624094,40.240994],[-123.630035,40.2449],[-123.675771,40.261827],[-123.689361,40.270616],[-123.693715,40.271186],[-123.69811,40.269477],[-123.701894,40.26911],[-123.704457,40.273708],[-123.706166,40.278184],[-123.710846,40.284491],[-123.712717,40.287543],[-123.713531,40.292182],[-123.713735,40.298204],[-123.714589,40.304999],[-123.717519,40.312079],[-123.749013,40.332831],[-123.761545,40.336982],[-123.800608,40.338324],[-123.817738,40.341742],[-123.823232,40.344672],[-123.833119,40.356269],[-123.83849,40.358262],[-123.848256,40.3581],[-123.900502,40.360297],[-123.902089,40.363959],[-123.906321,40.370388],[-123.904286,40.383083],[-123.907053,40.394884],[-123.917795,40.41767],[-123.919749,40.424587],[-123.923329,40.437445],[-123.929677,40.442694],[-123.936513,40.44363],[-123.950917,40.439805],[-123.958119,40.440945],[-123.966786,40.44892],[-123.970855,40.45779],[-123.976918,40.464789],[-123.991851,40.4678],[-123.998118,40.466417],[-124.011138,40.46129],[-124.01769,40.461046],[-124.022084,40.463487],[-124.029775,40.472724],[-124.03425,40.47663],[-124.05663,40.476264],[-124.069163,40.479519]]]}},{"type":"Feature","properties":{"name":"Stanislaus","name_en":"Stanislaus","scalerank":7,"min_zoom":6},"geometry":{"type":"MultiLineString","coordinates":[[[-119.66804,38.377712],[-119.677073,38.383897],[-119.685455,38.392768],[-119.688466,38.399482],[-119.693715,38.429958],[-119.697906,38.431749],[-119.710357,38.433295],[-119.721995,38.433417],[-119.727203,38.441474],[-119.779124,38.424343],[-119.802358,38.412299],[-119.830678,38.397569],[-119.905344,38.375556],[-119.911204,38.374213],[-119.916371,38.37169],[-119.929555,38.362169],[-119.937571,38.357204],[-119.952138,38.344428],[-119.971262,38.342353],[-119.991526,38.327419],[-120.008127,38.310085],[-120.012766,38.273505],[-120.0183,38.267035],[-120.02538,38.263007],[-120.031972,38.258246],[-120.036204,38.249335],[-120.054189,38.223456],[-120.067047,38.220649],[-120.100494,38.205634],[-120.11144,38.203396],[-120.29483,38.194648],[-120.307037,38.191921],[-120.317209,38.186876],[-120.336578,38.173774],[-120.351918,38.1706],[-120.355946,38.167792],[-120.360911,38.152533],[-120.363352,38.147325],[-120.370188,38.138739],[-120.378041,38.131415],[-120.387034,38.125515],[-120.399037,38.11933],[-120.400014,38.102973],[-120.431996,38.093573],[-120.46052,38.064073],[-120.464955,38.030788],[-120.475575,38.028673],[-120.480702,38.026801],[-120.489654,38.024482],[-120.492665,38.013454],[-120.500966,38.013373],[-120.510854,38.008368],[-120.517079,37.997178],[-120.514556,37.987331],[-120.503407,37.978583],[-120.506459,37.971055],[-120.515533,37.967882],[-120.523671,37.963731],[-120.528147,37.958075],[-120.52595,37.950385],[-120.531972,37.940131],[-120.544342,37.933905],[-120.555531,37.922716],[-120.56428,37.911566],[-120.582875,37.906602],[-120.595286,37.897895],[-120.603912,37.890448],[-120.617584,37.883002],[-120.619008,37.879096],[-120.631663,37.861762],[-120.644683,37.845526],[-120.652496,37.840359],[-120.66218,37.836859],[-120.682769,37.826972],[-120.707753,37.826931],[-120.714915,37.819037],[-120.721506,37.810329],[-120.744456,37.803534],[-120.771596,37.805121],[-120.798166,37.806708],[-120.826487,37.800564],[-120.843577,37.791693],[-120.86148,37.788886],[-120.881418,37.790635],[-120.900299,37.785183],[-120.908762,37.773464],[-120.916493,37.761746],[-120.937734,37.757921],[-120.959462,37.762274],[-120.969879,37.767117],[-120.980133,37.77143],[-120.991689,37.7685],[-121.002797,37.763983],[-121.009185,37.765204],[-121.016225,37.765204],[-121.024037,37.760362],[-121.032338,37.756293],[-121.04247,37.758165],[-121.053293,37.758246],[-121.059926,37.752753],[-121.06725,37.747992],[-121.089955,37.757025],[-121.098866,37.75198],[-121.106272,37.74433],[-121.121165,37.740912],[-121.136871,37.738308],[-121.142201,37.735663],[-121.146555,37.731879],[-121.14802,37.725043],[-121.152089,37.719591],[-121.166575,37.717393],[-121.172109,37.711371],[-121.18456,37.709581],[-121.197174,37.706244],[-121.205719,37.696641],[-121.213531,37.686469],[-121.222564,37.681342],[-121.23351,37.679796]]]}},{"type":"Feature","properties":{"name":"Minnesota","name_en":"Minnesota","scalerank":7,"min_zoom":6},"geometry":{"type":"MultiLineString","coordinates":[[[-96.787221,45.53502],[-96.766754,45.511908],[-96.73054,45.451199],[-96.708363,45.421495],[-96.688222,45.408881],[-96.60912,45.402777],[-96.566558,45.393419],[-96.537465,45.378201],[-96.526519,45.369412],[-96.502756,45.354844],[-96.493031,45.347439],[-96.465688,45.30976],[-96.458892,45.299628],[-96.419342,45.275336],[-96.397817,45.267686],[-96.341298,45.262803],[-96.320546,45.257148],[-96.280141,45.237576],[-96.108876,45.182318],[-96.065175,45.158881],[-95.885732,45.017686],[-95.847564,45.003689],[-95.832265,44.986843],[-95.819163,44.968451],[-95.8072,44.956366],[-95.796783,44.953477],[-95.771799,44.950466],[-95.757395,44.94363],[-95.74474,44.944648],[-95.738881,44.943386],[-95.734364,44.938788],[-95.729644,44.927558],[-95.72525,44.922309],[-95.708608,44.912665],[-95.650136,44.888129],[-95.581899,44.833523],[-95.519154,44.798774],[-95.533681,44.786811],[-95.539662,44.779405],[-95.540273,44.77143],[-95.532338,44.766547],[-95.505198,44.761664],[-95.499338,44.754706],[-95.410553,44.72366],[-95.390614,44.710883],[-95.368072,44.699774],[-95.343495,44.69184],[-95.317454,44.68891],[-95.313873,44.685655],[-95.308827,44.678656],[-95.301137,44.671576],[-95.289866,44.668402],[-95.238637,44.662177],[-95.221099,44.654486],[-95.148549,44.603461],[-94.967641,44.533271],[-94.910268,44.518744],[-94.869618,44.50373],[-94.793121,44.460761],[-94.627594,44.393744],[-94.506947,44.367499],[-94.488515,44.357123],[-94.423004,44.285427],[-94.404205,44.276231],[-94.334299,44.254421],[-94.323069,44.24669],[-94.196523,44.202908],[-94.144439,44.197943],[-94.131947,44.192328],[-94.105051,44.172878],[-94.072825,44.162136],[-94.04186,44.165717],[-94.018951,44.189276],[-94.04011,44.223334],[-94.026723,44.226508],[-94.024159,44.233425],[-94.026112,44.242133],[-94.026438,44.250678],[-93.996816,44.306423],[-93.959218,44.337958],[-93.950673,44.360541],[-93.952748,44.370429],[-93.961741,44.389512],[-93.963735,44.401475],[-93.96052,44.414333],[-93.946441,44.435167],[-93.937245,44.466661],[-93.909901,44.499457],[-93.902333,44.518744],[-93.903147,44.523749],[-93.908518,44.526557],[-93.909413,44.533718],[-93.909413,44.550482],[-93.909088,44.552314],[-93.909088,44.589911],[-93.900054,44.602607],[-93.879221,44.6164],[-93.84081,44.634304],[-93.762929,44.65119],[-93.725657,44.677558],[-93.669545,44.703192],[-93.648752,44.706],[-93.64094,44.710273],[-93.64977,44.7296],[-93.646352,44.738349],[-93.634755,44.751573],[-93.623362,44.76789],[-93.610951,44.780951],[-93.596832,44.791124],[-93.580149,44.798774],[-93.544016,44.808539],[-93.438954,44.815497],[-93.416331,44.813056],[-93.396637,44.80622],[-93.38093,44.797797],[-93.363759,44.791815],[-93.339955,44.792548],[-93.322336,44.797634],[-93.211049,44.859687],[-93.179067,44.886501],[-93.17398,44.900662]]]}},{"type":"Feature","properties":{"name":"Mattagami","name_en":"Mattagami","scalerank":7,"min_zoom":6},"geometry":{"type":"MultiLineString","coordinates":[[[-81.951527,49.71894],[-81.957753,49.760565],[-81.974273,49.799425],[-81.99828,49.834174],[-82.054596,49.89765],[-82.06786,49.902777],[-82.082102,49.904649],[-82.112294,49.904568],[-82.137522,49.909003],[-82.148305,49.921658],[-82.167958,50.00727],[-82.167877,50.030707],[-82.153228,50.041083],[-82.148061,50.052029],[-82.155141,50.075995],[-82.189931,50.154975],[-82.190745,50.198757],[-82.17101,50.235785],[-82.129058,50.26081],[-82.101552,50.266425],[-82.079416,50.267646],[-82.059071,50.27143],[-82.037221,50.284369],[-82.023915,50.298367],[-82.000844,50.32921],[-81.985707,50.342719],[-81.950022,50.361518],[-81.756663,50.42475],[-81.746083,50.435248],[-81.740102,50.455837],[-81.725535,50.471544],[-81.632151,50.529486],[-81.622629,50.538275],[-81.610951,50.544989],[-81.556793,50.561469],[-81.540028,50.569281],[-81.529408,50.587958],[-81.519602,50.658026],[-81.513295,50.676459],[-81.502349,50.699286],[-81.489003,50.718695],[-81.475453,50.726915]]]}},{"type":"Feature","properties":{"name":"Groundhog","name_en":"Groundhog","scalerank":7,"min_zoom":6},"geometry":{"type":"MultiLineString","coordinates":[[[-82.213124,48.656033],[-82.191151,48.691107],[-82.135325,48.75491],[-82.122874,48.780463],[-82.124989,48.808783],[-82.147532,48.827826],[-82.180898,48.838487],[-82.215321,48.841905],[-82.23058,48.846544],[-82.230214,48.857449],[-82.219065,48.879747],[-82.217275,48.910671],[-82.212026,48.925116],[-82.201405,48.93126],[-82.18102,48.940009],[-82.160878,48.960761],[-82.129058,49.006415],[-82.139394,49.0362],[-82.115224,49.070136],[-82.047109,49.123074],[-82.026926,49.143378],[-82.029164,49.155585],[-82.040395,49.167914],[-82.047109,49.1883],[-82.048085,49.298163],[-82.047109,49.308051],[-82.042714,49.31977],[-82.029449,49.341986],[-82.02009,49.372626],[-81.988678,49.412421],[-81.978261,49.430935],[-81.968658,49.476386],[-81.961659,49.497178],[-81.936431,49.535712],[-81.934397,49.553005],[-81.950592,49.619452],[-81.951527,49.726386]]]}},{"type":"Feature","properties":{"name":null,"name_en":null,"scalerank":7,"min_zoom":6},"geometry":{"type":"MultiLineString","coordinates":[[[-88.234853,49.438341],[-88.228383,49.420844],[-88.237782,49.407782],[-88.269643,49.38996],[-88.284779,49.378852],[-88.29186,49.36994],[-88.303782,49.3428],[-88.359039,49.254584],[-88.362131,49.236029],[-88.348378,49.221381],[-88.341176,49.20661],[-88.338368,49.19123],[-88.33788,49.174628],[-88.34203,49.162787],[-88.349192,49.151068],[-88.351552,49.137397],[-88.341298,49.11933],[-88.272572,49.05329],[-88.25536,49.027533],[-88.260487,49.019558],[-88.262685,49.011542],[-88.262807,48.992743]]]}},{"type":"Feature","properties":{"name":"Cape Fear","name_en":"Cape Fear","scalerank":7,"min_zoom":6},"geometry":{"type":"MultiLineString","coordinates":[[[-79.043121,35.604071],[-79.034983,35.58629],[-79.023793,35.572455],[-78.992055,35.542996],[-78.957265,35.502875],[-78.936391,35.486599],[-78.772532,35.389187],[-78.765289,35.381863],[-78.750844,35.362413],[-78.693959,35.305732],[-78.675689,35.280463],[-78.701161,35.218451],[-78.725413,35.185818],[-78.731557,35.180243],[-78.7412,35.178046],[-78.779368,35.180854],[-78.792388,35.178046],[-78.827952,35.154853],[-78.84439,35.121161],[-78.848541,35.081855],[-78.847035,35.041531],[-78.84789,35.010606],[-78.847035,34.999335],[-78.844106,34.988715],[-78.833363,34.961737],[-78.823883,34.960761],[-78.803538,34.969102],[-78.78425,34.96955],[-78.778147,34.944688],[-78.779897,34.938259],[-78.804677,34.880316],[-78.809478,34.872667],[-78.813954,34.85578],[-78.811147,34.830878],[-78.792836,34.76614],[-78.78246,34.746202],[-78.767893,34.731391],[-78.725087,34.719835],[-78.707183,34.705756],[-78.675689,34.670966],[-78.644399,34.650824],[-78.570709,34.620673],[-78.539174,34.602078],[-78.534779,34.600206],[-78.523549,34.598578],[-78.518056,34.595893],[-78.51651,34.592068],[-78.513336,34.578315],[-78.51183,34.574774],[-78.501373,34.571723],[-78.476633,34.569444],[-78.467152,34.564805],[-78.458811,34.559353],[-78.439809,34.549872],[-78.436147,34.543728],[-78.434478,34.532416],[-78.430653,34.521674],[-78.422475,34.505886],[-78.412221,34.491482],[-78.397369,34.478298],[-78.378774,34.468614],[-78.357289,34.464911],[-78.350697,34.457384],[-78.327301,34.421902],[-78.312611,34.410264],[-78.251943,34.398627],[-78.222646,34.387274],[-78.204091,34.35517],[-78.189565,34.352403],[-78.127512,34.355577],[-78.112416,34.353949],[-78.066803,34.338243],[-78.045155,34.327338],[-78.026479,34.314236],[-78.007883,34.297309],[-77.992096,34.270128],[-77.979563,34.209296],[-77.962595,34.184353]]]}},{"type":"Feature","properties":{"name":"Altamaha","name_en":"Altamaha","scalerank":7,"min_zoom":6},"geometry":{"type":"MultiLineString","coordinates":[[[-82.574371,31.994696],[-82.547597,31.97781],[-82.523264,31.956651],[-82.508168,31.950507],[-82.486155,31.950507],[-82.490346,31.959052],[-82.489695,31.96369],[-82.479319,31.970974],[-82.389963,31.953884],[-82.379058,31.940497],[-82.354807,31.938056],[-82.314809,31.943061],[-82.292226,31.941352],[-82.270863,31.936062],[-82.251698,31.926581],[-82.235951,31.912624],[-82.217681,31.903184],[-82.143463,31.902126],[-82.126332,31.89289],[-82.112945,31.879259],[-82.091664,31.851182],[-82.073638,31.837266],[-82.013173,31.8133],[-81.947377,31.771999],[-81.920155,31.749823],[-81.86974,31.694403],[-81.725738,31.600409],[-81.714019,31.585517],[-81.703847,31.56745],[-81.69164,31.552191],[-81.67394,31.545762],[-81.667551,31.538438],[-81.647043,31.504462],[-81.642649,31.494574],[-81.638743,31.490058],[-81.615875,31.477484],[-81.60912,31.439968],[-81.603017,31.423692],[-81.588531,31.409369],[-81.557607,31.384711],[-81.540517,31.377061],[-81.520375,31.378119],[-81.500803,31.376573],[-81.492421,31.367703]]]}},{"type":"Feature","properties":{"name":"Platte","name_en":"Platte","scalerank":7,"min_zoom":6},"geometry":{"type":"MultiLineString","coordinates":[[[-100.309722,41.005927],[-100.181223,40.9289],[-100.001291,40.844916],[-99.957875,40.834011],[-99.789377,40.758897],[-99.698883,40.731553],[-99.54894,40.703803],[-99.387115,40.699978],[-99.201405,40.680691],[-99.027496,40.663275],[-98.928578,40.670722],[-98.734609,40.720404],[-98.565785,40.754706],[-98.363881,40.82449],[-98.254628,40.899197],[-98.161936,40.965359],[-98.042714,41.038153],[-97.940094,41.114325],[-97.840891,41.177191],[-97.764312,41.209906],[-97.753774,41.218614],[-97.743764,41.231391],[-97.684804,41.283759],[-97.616038,41.326972],[-97.532053,41.359076],[-97.34968,41.393622],[-97.325266,41.393866],[-97.279408,41.387763],[-97.10436,41.398993],[-97.017323,41.419379],[-96.979115,41.434638],[-96.940907,41.452582],[-96.920888,41.459296],[-96.900258,41.461941],[-96.827626,41.45421],[-96.801625,41.454454],[-96.768178,41.46129],[-96.759389,41.461941],[-96.748362,41.458116],[-96.726186,41.443915],[-96.715321,41.440863],[-96.616038,41.448269],[-96.557973,41.439765],[-96.502512,41.418891],[-96.453969,41.390448],[-96.416737,41.358913],[-96.415761,41.354275],[-96.411733,41.347113],[-96.40803,41.33808],[-96.400624,41.327908],[-96.362172,41.297431],[-96.355295,41.282253],[-96.35261,41.245917],[-96.355946,41.235948],[-96.329091,41.213324],[-96.317942,41.199246],[-96.308176,41.180732],[-96.302887,41.159491],[-96.305328,41.142768],[-96.310699,41.126166],[-96.314361,41.105658],[-96.307281,41.070136],[-96.285064,41.040635],[-96.251861,41.019639],[-96.211985,41.009467],[-96.187611,41.011339],[-96.164622,41.019599],[-96.122548,41.042914],[-96.088612,41.056708],[-96.047475,41.064643],[-95.952504,41.067816],[-95.905751,41.062771],[-95.869985,41.050401]]]}},{"type":"Feature","properties":{"name":"English","name_en":"English","scalerank":8,"min_zoom":7},"geometry":{"type":"MultiLineString","coordinates":[[[-93.147613,50.62991],[-93.057688,50.589708],[-92.977203,50.561957],[-92.947377,50.54267],[-92.923166,50.51671],[-92.909535,50.483669],[-92.896067,50.460557],[-92.864695,50.455268],[-92.814768,50.454413],[-92.777211,50.441026],[-92.750885,50.41828],[-92.73705,50.386746],[-92.73998,50.348334],[-92.711049,50.327582],[-92.659576,50.315497],[-92.611724,50.308702],[-92.552968,50.309597],[-92.49592,50.322862],[-92.446278,50.339423],[-92.403676,50.334744],[-92.37621,50.324042],[-92.334869,50.290635],[-92.306793,50.294501],[-92.268666,50.297431],[-92.235829,50.28266],[-92.218739,50.269639],[-92.201283,50.233181],[-92.191518,50.2213]],[[-94.98526,50.264512],[-94.988759,50.277411],[-94.970937,50.299262],[-94.93814,50.314317],[-94.900014,50.313422],[-94.853098,50.300401],[-94.814931,50.294501],[-94.7801,50.297471],[-94.755849,50.311103],[-94.744618,50.329047],[-94.729848,50.341824],[-94.704457,50.353583],[-94.675445,50.358344],[-94.62442,50.350165]],[[-94.462636,50.261583],[-94.420155,50.263739],[-94.39977,50.257636],[-94.384755,50.235419],[-94.374094,50.206977],[-94.349273,50.192816],[-94.306386,50.189561],[-94.10851,50.185085]],[[-94.026438,50.253974],[-94.016713,50.259141],[-94.00178,50.280341],[-94.002349,50.308946],[-93.992299,50.325263],[-93.971913,50.332872],[-93.956858,50.337104],[-93.930247,50.350165]],[[-91.991607,50.116767],[-91.991444,50.116767],[-91.983062,50.118476],[-91.964019,50.107733],[-91.940338,50.072292],[-91.92162,50.067084],[-91.894521,50.069037]],[[-90.751861,50.023993],[-90.746938,50.040229],[-90.758412,50.060492],[-90.794749,50.074246],[-90.818227,50.075222]],[[-90.927602,49.908271],[-90.922841,49.91531],[-90.895579,49.925727],[-90.869496,49.932196],[-90.850575,49.942247],[-90.798573,49.961208],[-90.781646,49.968451],[-90.767445,49.978827]],[[-90.949208,49.753852],[-90.958892,49.767646],[-90.96642,49.793321],[-90.961415,49.816677],[-90.955922,49.836249]]]}},{"type":"Feature","properties":{"name":"English","name_en":"English","scalerank":8,"min_zoom":7},"geometry":{"type":"MultiLineString","coordinates":[[[-93.148183,50.630154],[-93.182932,50.651882],[-93.208323,50.629218],[-93.242584,50.620795],[-93.277943,50.624335],[-93.306467,50.637519],[-93.322662,50.655097],[-93.333363,50.662055],[-93.350819,50.664862],[-93.385325,50.662462],[-93.400624,50.658555],[-93.416331,50.651882],[-93.407297,50.640204],[-93.401438,50.629706],[-93.392649,50.61994],[-93.374664,50.610216],[-93.378489,50.603095],[-93.384429,50.597846],[-93.402008,50.589179],[-93.429433,50.596625],[-93.647572,50.572699],[-93.683502,50.554145],[-93.734731,50.542019],[-93.746775,50.537055],[-93.758901,50.525214],[-93.768219,50.510565],[-93.771962,50.49726],[-93.77953,50.493232],[-93.812815,50.484158],[-93.820383,50.476508],[-93.82372,50.46015],[-93.832672,50.448269],[-93.845774,50.439317],[-93.861318,50.432156],[-93.837229,50.419989],[-93.829091,50.406562],[-93.838002,50.395616],[-93.890004,50.387803],[-93.902333,50.378852],[-93.912221,50.365831],[-93.930247,50.350165]],[[-94.98526,50.264512],[-94.985666,50.240546],[-94.994211,50.222846],[-95.006703,50.208808],[-95.021637,50.200019]],[[-94.462636,50.261583],[-94.497711,50.26203],[-94.522694,50.266954],[-94.544342,50.277371],[-94.560862,50.294949],[-94.550933,50.320339],[-94.566233,50.340399],[-94.594146,50.353054],[-94.62442,50.350165]],[[-94.026438,50.253974],[-94.045115,50.253241],[-94.090688,50.240302],[-94.105377,50.233588],[-94.108022,50.217719],[-94.106313,50.199327],[-94.108388,50.185085]],[[-91.991444,50.116767],[-92.013336,50.120388],[-92.041331,50.134141],[-92.055776,50.137274],[-92.088002,50.135565],[-92.098053,50.140245],[-92.089915,50.154649],[-92.068186,50.169501],[-92.016591,50.189399],[-91.994293,50.20246],[-91.9829,50.2237],[-92.007436,50.230292],[-92.07311,50.22602],[-92.132069,50.212592],[-92.16393,50.209744],[-92.191355,50.221055]],[[-90.818227,50.075222],[-90.914459,50.076972],[-91.257558,50.150946],[-91.257558,50.158393],[-91.250478,50.166327],[-91.251698,50.170762],[-91.263783,50.178819],[-91.269643,50.183865],[-91.280873,50.189276],[-91.285512,50.192491],[-91.286773,50.195746],[-91.287831,50.200995],[-91.287668,50.205268],[-91.285512,50.205593],[-91.30842,50.21601],[-91.330312,50.214789],[-91.352691,50.209052],[-91.421702,50.200019],[-91.443918,50.19363],[-91.463002,50.185085],[-91.471669,50.178738],[-91.47761,50.172797],[-91.484731,50.167914],[-91.497141,50.164618],[-91.510162,50.166571],[-91.54483,50.176459],[-91.555491,50.175401],[-91.564849,50.171698],[-91.587148,50.172431],[-91.596425,50.16828],[-91.606272,50.160468],[-91.656361,50.129177],[-91.723053,50.117377],[-91.779612,50.09866],[-91.829701,50.094184],[-91.851064,50.088243],[-91.894521,50.069037]],[[-90.751861,50.023993],[-90.758412,50.00141],[-90.767445,49.978827]],[[-90.955922,49.836249],[-90.952789,49.852403],[-90.946034,49.867987],[-90.928822,49.906562]],[[-91.277984,49.082099],[-91.242543,49.132148],[-91.217641,49.154649],[-91.180491,49.16588],[-91.150054,49.184597],[-91.127187,49.198188],[-91.102366,49.207953],[-91.08727,49.211208],[-91.000885,49.21247],[-90.984202,49.216905],[-90.971832,49.227851],[-90.949086,49.253445],[-90.923818,49.269558],[-90.921254,49.275702],[-90.921132,49.290961],[-90.945668,49.291124],[-90.964263,49.295111],[-90.976389,49.308051],[-90.970855,49.32099],[-90.974192,49.355577],[-90.96581,49.362657],[-90.947377,49.36579],[-90.935048,49.374376],[-90.926869,49.387559],[-90.917795,49.411689],[-90.915191,49.413275],[-90.914052,49.415473],[-90.914906,49.42475],[-90.920888,49.433295],[-90.930165,49.440131],[-90.934316,49.448554],[-90.924875,49.462266],[-90.92219,49.469672],[-90.926503,49.476589],[-90.932607,49.482286],[-90.935414,49.486151],[-90.931304,49.495388],[-90.925526,49.500678],[-90.911204,49.510077],[-90.902455,49.527289],[-90.909901,49.541856],[-90.935414,49.561876],[-90.946197,49.576728],[-90.962636,49.611762],[-90.972971,49.627061],[-90.98412,49.660346],[-90.967437,49.691962],[-90.937123,49.717597],[-90.90746,49.732611],[-90.916493,49.7414],[-90.926137,49.748114],[-90.936879,49.752305],[-90.949086,49.75373]]]}},{"type":"Feature","properties":{"name":"Columbia","name_en":"Columbia","scalerank":3,"min_zoom":3},"geometry":{"type":"MultiLineString","coordinates":[[[-118.526601,52.102118],[-118.449696,52.104438],[-118.408355,52.094428],[-118.381012,52.090277],[-118.3662,52.089952]],[[-117.517079,51.659247],[-117.557932,51.689643],[-117.595041,51.706488],[-117.632192,51.720404],[-117.646392,51.736274],[-117.66161,51.762722],[-117.693186,51.792589],[-117.725697,51.81391],[-117.755483,51.82685],[-117.783315,51.836982],[-117.811879,51.845649],[-117.83845,51.856228],[-117.859446,51.865587],[-117.872711,51.870185]],[[-117.90567,50.681993],[-117.90217,50.674425],[-117.903961,50.655585],[-117.917958,50.622992],[-117.92634,50.584784],[-117.921376,50.499132],[-117.920074,50.392401],[-117.908437,50.351426],[-117.886586,50.310492],[-117.836985,50.238471],[-117.81725,50.206651],[-117.809641,50.177598],[-117.817372,50.152371],[-117.827016,50.131659],[-117.855458,50.11461],[-117.880198,50.103135]],[[-118.092437,49.80154],[-118.126576,49.704657],[-118.136098,49.663357],[-118.143137,49.621934],[-118.139394,49.570176],[-118.12328,49.506049],[-118.082753,49.451443],[-118.027252,49.406765],[-117.907216,49.34162]],[[-118.072174,48.663886],[-118.072865,48.663682],[-118.082875,48.6612],[-118.096303,48.647773],[-118.106842,48.627753],[-118.120188,48.614773],[-118.134185,48.5987],[-118.144032,48.574286],[-118.153228,48.548285],[-118.167958,48.521023],[-118.182444,48.500556],[-118.195465,48.484239],[-118.208567,48.461534],[-118.212026,48.434638],[-118.193715,48.351996],[-118.167958,48.284003],[-118.167388,48.253363],[-118.168202,48.232367]]]}},{"type":"Feature","properties":{"name":"Columbia","name_en":"Columbia","scalerank":3,"min_zoom":3},"geometry":{"type":"MultiLineString","coordinates":[[[-118.529652,52.101752],[-118.551422,52.098497],[-118.566558,52.084296],[-118.58967,52.052761],[-118.598459,52.035264],[-118.594146,52.017646],[-118.585194,51.99787],[-118.579701,51.973904],[-118.585927,51.888251],[-118.595448,51.877061],[-118.654205,51.829901],[-118.685699,51.765652],[-118.685536,51.754747],[-118.674184,51.742865],[-118.667836,51.672227],[-118.659291,51.663682],[-118.636138,51.649115],[-118.626861,51.637478],[-118.620676,51.600287],[-118.609853,51.584052],[-118.538726,51.542548],[-118.501291,51.495551],[-118.437489,51.386542],[-118.394114,51.343288],[-118.374867,51.332099],[-118.319,51.309149],[-118.253529,51.26081],[-118.230133,51.227973],[-118.214182,51.191026],[-118.209137,51.164496],[-118.214467,51.142849],[-118.206451,51.118964],[-118.194692,51.095038],[-118.188629,51.072618],[-118.194936,51.051825],[-118.220123,51.025946],[-118.222808,51.000678],[-118.214996,50.976142],[-118.200551,50.952704],[-118.182688,50.93183],[-118.164459,50.914984],[-118.121938,50.888536],[-118.11144,50.875067],[-118.11974,50.856635],[-118.088368,50.848212],[-118.078765,50.843614],[-118.070383,50.837226],[-118.054921,50.818793],[-118.0454,50.815131],[-118.022939,50.816189],[-118.013987,50.811957],[-118.007883,50.803534],[-117.996246,50.774726],[-117.989858,50.740017],[-117.982249,50.725857],[-117.952382,50.715603],[-117.906402,50.682888]],[[-117.872711,51.870185],[-117.891672,51.886746],[-117.990061,51.918647],[-118.017893,51.933539],[-118.065582,51.972276],[-118.133046,51.987657],[-118.207102,52.020941],[-118.246978,52.02851],[-118.259674,52.032904],[-118.286244,52.05211],[-118.317209,52.060085],[-118.350087,52.077704],[-118.3662,52.089952]],[[-115.865387,50.287462],[-115.87206,50.334825],[-115.895497,50.368272],[-115.990834,50.455024],[-116.012034,50.484687],[-116.050404,50.554999],[-116.061106,50.570421],[-116.101918,50.613634],[-116.116282,50.633368],[-116.136871,50.672431],[-116.153432,50.692816],[-116.35204,50.860053],[-116.357981,50.875515],[-116.387929,50.91295],[-116.43578,50.955146],[-116.51415,51.005683],[-116.778391,51.133857],[-116.801137,51.137803],[-116.818756,51.143988],[-116.871165,51.174506],[-116.887074,51.186225],[-116.901682,51.205105],[-116.924224,51.247748],[-116.937978,51.264472],[-117.002553,51.316596],[-117.078928,51.422553],[-117.112416,51.453152],[-117.155507,51.475938],[-117.253245,51.504584],[-117.335561,51.517849],[-117.366119,51.519314],[-117.394154,51.524482],[-117.417795,51.538764],[-117.476145,51.610785],[-117.503529,51.628607],[-117.513092,51.639716],[-117.517079,51.659247]],[[-117.880198,50.103135],[-117.911244,50.099555],[-117.929799,50.088813],[-117.929433,50.070624],[-117.910959,50.044786],[-117.899648,50.017157],[-117.909983,49.991645],[-117.931874,49.9713],[-117.955312,49.959093],[-118.017201,49.938503],[-118.043691,49.925971],[-118.068267,49.907904],[-118.084584,49.883368],[-118.089467,49.855902],[-118.091461,49.826117],[-118.092437,49.80154]],[[-117.907094,49.34162],[-117.894683,49.339667],[-117.854563,49.335273],[-117.71467,49.345811],[-117.69225,49.343614],[-117.671742,49.338162],[-117.659332,49.32746],[-117.657948,49.318549],[-117.662913,49.287299],[-117.660553,49.240261],[-117.662587,49.227607],[-117.680491,49.204535],[-117.703236,49.187283],[-117.72232,49.166938],[-117.729237,49.134792],[-117.72761,49.119696],[-117.723744,49.112616],[-117.71581,49.109239],[-117.672922,49.096462],[-117.646962,49.085232],[-117.628489,49.065945],[-117.621409,49.032823],[-117.628529,49.006456],[-117.64684,48.987576],[-117.671498,48.974921],[-117.739166,48.951931],[-117.917836,48.835395],[-117.937367,48.81623],[-117.945302,48.812323],[-117.955312,48.810736],[-117.976471,48.810655],[-117.987131,48.808783],[-118.003407,48.799628],[-118.013336,48.787299],[-118.021555,48.773871],[-118.03246,48.761746],[-118.040151,48.758328],[-118.049224,48.756171],[-118.057362,48.752956],[-118.062123,48.746039],[-118.06135,48.738389],[-118.039662,48.693386],[-118.041575,48.679267],[-118.053049,48.669704],[-118.073557,48.66352]],[[-118.168202,48.232367],[-118.187245,48.193305],[-118.19636,48.171088],[-118.188629,48.149848],[-118.220082,48.124091],[-118.232249,48.107978],[-118.237131,48.085273],[-118.237375,48.06684],[-118.241119,48.050401],[-118.253245,48.036689],[-118.278066,48.026313],[-118.304555,48.026231],[-118.358225,48.036973],[-118.377065,48.030056],[-118.383453,48.011908],[-118.373036,47.996405],[-118.356842,47.981391],[-118.345693,47.964911],[-118.345693,47.930732],[-118.34024,47.903835],[-118.339467,47.893175],[-118.342275,47.870958],[-118.350738,47.85224],[-118.365631,47.839301],[-118.387318,47.834499],[-118.411204,47.84101],[-118.445139,47.869086],[-118.466135,47.875515],[-118.513905,47.875515],[-118.521474,47.878852],[-118.525543,47.886786],[-118.528188,47.896064],[-118.531321,47.903428],[-118.548085,47.916815],[-118.57136,47.925238],[-118.6787,47.938178],[-118.692047,47.935248],[-118.699615,47.928046],[-118.706044,47.918891],[-118.716217,47.910224],[-118.733754,47.906195],[-118.763824,47.903917],[-118.792348,47.907335],[-118.817494,47.934678],[-118.846099,47.940253],[-118.900624,47.938178],[-118.925526,47.933539],[-118.947662,47.932074],[-118.96349,47.93948],[-118.969472,47.961493],[-118.968332,48.004462],[-118.975982,48.018744],[-118.997426,48.033759],[-119.018544,48.043321],[-119.023549,48.048285],[-119.049387,48.095771],[-119.052073,48.10517],[-119.062489,48.121894],[-119.08727,48.131456],[-119.116607,48.135606],[-119.140777,48.136176],[-119.162343,48.132595],[-119.204986,48.11876],[-119.229563,48.115749],[-119.258941,48.102851],[-119.264312,48.098578],[-119.270863,48.096015],[-119.301869,48.106147],[-119.312123,48.108222],[-119.326975,48.094021],[-119.344635,48.049913],[-119.363922,48.040595],[-119.426666,48.04914],[-119.444081,48.061469],[-119.456125,48.067328],[-119.503529,48.070014],[-119.546295,48.053982],[-119.628041,48.012641],[-119.651601,48.009101],[-119.684478,48.008734],[-119.707102,48.016466],[-119.699778,48.037177],[-119.688629,48.060329],[-119.702382,48.075303],[-119.769439,48.094306],[-119.778228,48.095242],[-119.786977,48.092597],[-119.797475,48.079779],[-119.805572,48.074774],[-119.81428,48.07335],[-119.843129,48.074774],[-119.852691,48.072577],[-119.868723,48.063259],[-119.895823,48.055976],[-119.899526,48.043769],[-119.894032,48.028998],[-119.875885,48.005886],[-119.871327,47.995469],[-119.867014,47.971706],[-119.858876,47.947699],[-119.861155,47.9383],[-119.87442,47.923896],[-119.881256,47.919542],[-119.898508,47.911566],[-119.905181,47.906806],[-119.907867,47.898505],[-119.90099,47.881415],[-119.905181,47.872382],[-119.935902,47.853705],[-119.950307,47.841376],[-119.961741,47.813503],[-119.974599,47.802558],[-119.990468,47.793321],[-120.004791,47.78738],[-120.018422,47.78738],[-120.041371,47.78144],[-120.052602,47.779893],[-120.067454,47.781073],[-120.09496,47.7862],[-120.110666,47.78738],[-120.128896,47.78323],[-120.177398,47.761908],[-120.189768,47.75255],[-120.188832,47.736518],[-120.178944,47.687812],[-120.186025,47.677517],[-120.19933,47.666693],[-120.217112,47.595526],[-120.276845,47.538113],[-120.286,47.51614],[-120.285959,47.471951],[-120.281972,47.452501],[-120.271718,47.430487],[-120.235829,47.399359],[-120.185943,47.384385],[-120.134389,47.375271],[-120.093577,47.361518],[-120.081776,47.353095],[-120.074127,47.345038],[-120.069936,47.336982],[-120.068349,47.328803],[-120.07311,47.283026],[-120.068227,47.257595],[-120.055084,47.248725],[-120.035512,47.245876],[-120.011627,47.238634],[-119.996653,47.224799],[-119.990631,47.205593],[-119.990549,47.159776],[-119.995961,47.141059],[-120.016998,47.109565],[-120.017812,47.087836],[-120.002594,47.069119],[-119.997955,47.059882],[-119.990549,47.015815],[-119.984202,46.998806],[-119.953765,46.962226],[-119.943349,46.943874],[-119.940297,46.924425],[-119.943349,46.865017],[-119.940053,46.859402],[-119.925526,46.840277],[-119.922231,46.830878],[-119.924143,46.807237],[-119.937734,46.743435],[-119.93224,46.708279],[-119.913197,46.678005],[-119.880686,46.649604],[-119.843088,46.639268],[-119.69636,46.662665],[-119.639963,46.66059],[-119.611887,46.662909],[-119.589915,46.673204],[-119.53185,46.724718],[-119.513539,46.734158],[-119.492014,46.737657],[-119.470693,46.73371],[-119.425893,46.700995],[-119.421986,46.693956],[-119.419301,46.683214],[-119.412587,46.6789],[-119.403717,46.676215],[-119.394643,46.670111],[-119.38268,46.653388],[-119.36441,46.620063],[-119.349965,46.604315],[-119.277984,46.547227],[-119.257883,46.513739],[-119.255279,46.474555],[-119.257314,46.438747],[-119.25064,46.415595],[-119.25178,46.397528],[-119.24413,46.355414],[-119.243804,46.333686],[-119.248402,46.321967],[-119.254791,46.314154],[-119.259267,46.306098],[-119.257476,46.293321],[-119.250803,46.283393],[-119.241607,46.278144],[-119.135732,46.241807],[-119.052073,46.223822]],[[-118.919423,46.079861],[-118.926178,46.056179],[-118.937571,46.038153],[-118.952056,46.024115],[-118.987416,46.011827],[-119.044586,45.964382],[-119.093373,45.948757],[-119.34142,45.946072],[-119.429107,45.934149],[-119.479644,45.927314],[-119.54894,45.929633],[-119.575307,45.927517],[-119.591786,45.921088],[-119.620595,45.895535],[-119.662506,45.87169],[-119.934234,45.837917],[-120.080474,45.794704],[-120.127309,45.789008],[-120.145497,45.780463],[-120.176137,45.758897],[-120.202219,45.745795],[-120.22997,45.736925],[-120.245473,45.735907],[-120.274973,45.740098],[-120.290151,45.740302],[-120.300689,45.738308],[-120.339955,45.721706],[-120.36266,45.715155],[-120.374135,45.714057],[-120.425649,45.720771],[-120.434397,45.719346],[-120.458608,45.710883],[-120.470286,45.710028],[-120.621002,45.73078],[-120.6315,45.728949],[-120.65807,45.716498],[-120.664947,45.71072],[-120.668691,45.703315],[-120.71581,45.689805],[-120.787017,45.679511],[-120.794423,45.677314],[-120.838775,45.652452],[-120.843984,45.651313],[-120.857533,45.65058],[-120.900217,45.64171],[-120.942779,45.645535],[-120.957183,45.650173],[-120.968332,45.651231],[-121.00121,45.649929],[-121.006907,45.650336],[-121.017893,45.652533],[-121.038971,45.653266],[-121.044016,45.652859],[-121.132965,45.624091],[-121.1551,45.622138],[-121.172963,45.631659],[-121.186431,45.652615],[-121.194244,45.670233],[-121.204335,45.684882],[-121.224477,45.696845],[-121.271881,45.708686],[-121.570302,45.729356],[-121.7176,45.709906],[-121.792714,45.7213],[-121.820912,45.717353],[-121.862457,45.70071],[-121.93106,45.65998],[-121.971181,45.642279],[-122.149892,45.593858]],[[-122.149973,45.593777],[-122.22468,45.577704],[-122.241811,45.569851],[-122.261138,45.566107],[-122.341705,45.586941],[-122.426178,45.587958],[-122.456125,45.600043],[-122.507232,45.609809],[-122.539703,45.621649],[-122.554596,45.622097],[-122.59496,45.614203],[-122.673207,45.625556],[-122.697987,45.635525],[-122.72175,45.648749],[-122.738922,45.662665],[-122.748199,45.679307],[-122.754547,45.701728],[-122.759429,45.74079],[-122.758453,45.751899],[-122.754221,45.771104],[-122.753245,45.782091],[-122.757232,45.792019],[-122.779937,45.819648],[-122.78067,45.842475],[-122.77599,45.862657],[-122.774159,45.881171],[-122.792592,45.916124],[-122.800649,45.961371],[-122.80663,45.977973],[-122.820668,45.990668],[-122.836822,46.00019],[-122.850087,46.011298],[-122.860911,46.049506],[-122.874176,46.071804],[-122.891835,46.092312],[-122.910268,46.107693],[-122.935699,46.122097],[-122.966786,46.135565],[-122.999582,46.145372],[-123.0301,46.149237],[-123.043935,46.154731],[-123.079091,46.173285],[-123.092437,46.182644],[-123.111928,46.186347],[-123.174957,46.178046],[-123.20637,46.167263]]]}},{"type":"Feature","properties":{"name":"Feather","name_en":"Feather","scalerank":8,"min_zoom":7},"geometry":{"type":"MultiLineString","coordinates":[[[-121.291086,39.623358],[-121.314117,39.614203],[-121.337636,39.606024],[-121.367747,39.597846],[-121.384755,39.58869],[-121.397532,39.576443],[-121.419545,39.572577],[-121.435211,39.576239],[-121.444407,39.576239],[-121.457672,39.569403],[-121.472727,39.556708]]]}},{"type":"Feature","properties":{"name":"Feather","name_en":"Feather","scalerank":8,"min_zoom":7},"geometry":{"type":"MultiLineString","coordinates":[[[-121.291086,39.623358],[-121.288401,39.625922],[-121.286244,39.628852],[-121.284291,39.6317],[-121.282053,39.634589],[-121.286448,39.643378],[-121.279408,39.647081],[-121.271596,39.650092],[-121.273549,39.656562],[-121.279856,39.660509],[-121.288075,39.664984],[-121.295074,39.670233],[-121.297719,39.676622],[-121.293609,39.685004],[-121.285308,39.689236],[-121.275502,39.692816],[-121.266916,39.699327],[-121.261627,39.708686],[-121.258534,39.717597],[-121.255198,39.725857],[-121.249013,39.732611],[-121.23998,39.736762],[-121.230092,39.738308],[-121.219594,39.739203],[-121.209055,39.741523],[-121.199086,39.746121],[-121.194936,39.750678],[-121.192698,39.755968],[-121.188344,39.762885],[-121.183217,39.767035],[-121.160227,39.78266],[-121.146474,39.795356],[-121.138905,39.798204],[-121.127187,39.796902],[-121.111236,39.800605],[-121.101674,39.806464],[-121.090484,39.809678],[-121.067454,39.813544],[-121.054514,39.813503],[-121.042226,39.814521],[-121.031728,39.819648],[-121.020863,39.824042],[-121.000844,39.833441],[-120.976226,39.846747],[-120.95165,39.858018],[-120.93163,39.861518],[-120.910024,39.859158],[-120.886627,39.858466],[-120.863271,39.860785],[-120.841664,39.867458],[-120.827992,39.873887],[-120.81725,39.878119],[-120.805735,39.879462],[-120.789906,39.876899],[-120.77717,39.878119],[-120.763092,39.880316],[-120.708323,39.877794],[-120.686879,39.867133],[-120.668813,39.850694],[-120.654856,39.832221],[-120.642812,39.813829],[-120.635406,39.804958],[-120.627024,39.798448],[-120.616567,39.794135],[-120.606597,39.791327],[-120.596995,39.787462],[-120.587392,39.7803],[-120.579416,39.769843],[-120.57433,39.762315],[-120.567291,39.759141],[-120.553578,39.761827],[-120.539418,39.781806],[-120.529775,39.788682],[-120.522613,39.795478],[-120.515289,39.804063],[-120.50886,39.811306],[-120.501576,39.817247],[-120.492502,39.822211],[-120.478668,39.826768],[-120.464467,39.830146],[-120.45051,39.834296],[-120.437245,39.841173],[-120.419179,39.843573],[-120.409413,39.841132],[-120.385487,39.845567],[-120.373525,39.842963],[-120.368072,39.836493],[-120.36559,39.828803],[-120.358998,39.816677],[-120.345367,39.807156],[-120.330068,39.808214],[-120.318593,39.811591],[-120.29898,39.81745],[-120.28307,39.817165],[-120.273834,39.814236],[-120.26183,39.809638],[-120.249989,39.804511],[-120.241363,39.800238],[-120.221913,39.800482],[-120.198598,39.813422],[-120.175201,39.829291],[-120.155588,39.838202]],[[-121.608225,38.781765],[-121.62206,38.815701],[-121.626617,38.831407],[-121.624745,38.848334],[-121.618967,38.862657],[-121.610585,38.89586],[-121.596425,38.908515],[-121.578521,38.913682],[-121.567616,38.927843],[-121.565745,38.938788],[-121.56664,38.950141],[-121.571441,38.968533],[-121.573354,38.987169],[-121.567698,39.007921],[-121.570383,39.028591],[-121.583608,39.035834],[-121.59435,39.056016],[-121.597768,39.078477],[-121.590891,39.099311],[-121.590199,39.120917],[-121.593577,39.12755],[-121.594309,39.135199],[-121.59024,39.14171],[-121.587148,39.148017],[-121.589833,39.156846],[-121.594065,39.165391],[-121.600942,39.188788],[-121.608957,39.206732],[-121.605865,39.226264],[-121.614369,39.252143],[-121.619944,39.278388],[-121.614573,39.283149],[-121.610707,39.288886],[-121.612172,39.300727],[-121.616282,39.312527],[-121.617747,39.32746],[-121.616119,39.342841],[-121.619985,39.365058],[-121.631947,39.383979],[-121.639475,39.393581],[-121.631947,39.40119],[-121.620473,39.403632],[-121.614329,39.413031],[-121.614858,39.424262],[-121.617014,39.435492],[-121.617909,39.445136],[-121.631174,39.463446],[-121.6256,39.47488],[-121.576975,39.494249],[-121.571523,39.50491],[-121.569447,39.516425],[-121.539906,39.545925],[-121.499176,39.557074],[-121.485748,39.553494],[-121.472727,39.556708]]]}},{"type":"Feature","properties":{"name":"San Juan","name_en":"San Juan","scalerank":8,"min_zoom":7},"geometry":{"type":"MultiLineString","coordinates":[[[-110.653798,37.223985],[-110.653717,37.213935],[-110.661773,37.200263],[-110.68456,37.186957],[-110.713938,37.182929],[-110.741689,37.183865],[-110.764801,37.182929],[-110.79601,37.182725],[-110.852162,37.188178],[-110.871571,37.189073],[-110.888539,37.18769],[-110.902943,37.185736]]]}},{"type":"Feature","properties":{"name":"San Juan","name_en":"San Juan","scalerank":8,"min_zoom":7},"geometry":{"type":"MultiLineString","coordinates":[[[-106.795481,37.428778],[-106.818023,37.427191],[-106.837229,37.422797],[-106.853627,37.416083],[-106.867787,37.40766],[-106.902415,37.381049],[-106.932037,37.352403],[-106.982655,37.285956],[-106.990305,37.268175],[-107.003977,37.223904],[-107.013987,37.207384],[-107.027415,37.190863],[-107.03482,37.17475],[-107.045318,37.135077],[-107.055084,37.119452],[-107.085927,37.088568],[-107.092519,37.077094],[-107.161448,37.03266],[-107.169789,37.031765],[-107.190541,37.033515],[-107.201772,37.03266],[-107.228017,37.020941],[-107.240224,37.01907],[-107.339508,37.03266],[-107.361195,37.031562],[-107.370839,37.029364],[-107.380523,37.025214],[-107.404408,36.997911],[-107.419057,36.974921],[-107.42516,36.970567],[-107.4287,36.965155],[-107.43517,36.929633],[-107.46052,36.903673],[-107.599233,36.83751],[-107.614084,36.833686],[-107.681508,36.831],[-107.700429,36.824774],[-107.72997,36.806098],[-107.750478,36.788153],[-107.760976,36.781521],[-107.786448,36.777289],[-107.801584,36.773139],[-107.816029,36.766669],[-107.826161,36.758328],[-107.821116,36.755642],[-107.819,36.752875],[-107.816965,36.749457],[-107.811879,36.744696],[-107.846506,36.722357],[-107.868479,36.712755],[-107.883901,36.713935],[-107.901357,36.72248],[-107.92455,36.72545],[-108.062367,36.717353],[-108.071604,36.715155],[-108.082143,36.711046],[-108.093088,36.709296],[-108.111969,36.718695],[-108.148305,36.731024],[-108.18928,36.731024],[-108.200185,36.733913],[-108.226796,36.744696],[-108.267812,36.751532],[-108.278432,36.749457],[-108.300404,36.740302],[-108.312164,36.73786],[-108.358266,36.742703],[-108.44518,36.770779],[-108.490875,36.778835],[-108.583079,36.771999],[-108.603749,36.779364],[-108.622792,36.79328],[-108.643544,36.801622],[-108.669057,36.792507],[-108.677317,36.804796],[-108.686513,36.810858],[-108.698069,36.812812],[-108.712799,36.812934],[-108.725942,36.819363],[-108.729482,36.833441],[-108.72997,36.84752],[-108.733632,36.853949],[-108.771474,36.881863],[-108.787017,36.890082],[-108.800893,36.895209],[-108.892445,36.910712],[-108.922841,36.919379],[-108.949818,36.948676],[-108.977447,36.96247],[-108.998036,36.977851],[-108.99059,36.997911],[-109.000152,37.011094],[-109.080474,37.087104],[-109.083363,37.094102],[-109.079416,37.098415],[-109.082143,37.107733],[-109.088938,37.117133],[-109.097035,37.121446],[-109.100738,37.124783],[-109.094309,37.141547],[-109.093617,37.148749],[-109.106842,37.163642],[-109.143137,37.180976],[-109.15567,37.189724],[-109.161773,37.203477],[-109.166412,37.219672],[-109.175038,37.2331],[-109.204213,37.243232],[-109.274485,37.279893],[-109.416371,37.313829],[-109.440094,37.301215],[-109.471262,37.299872],[-109.535512,37.306423],[-109.54304,37.305854],[-109.550282,37.304267],[-109.564076,37.298611],[-109.619252,37.262966],[-109.638295,37.258612],[-109.651235,37.257188],[-109.664906,37.253485],[-109.677317,37.248114],[-109.686676,37.241889],[-109.693471,37.239081],[-109.701324,37.238145],[-109.707875,37.235541],[-109.710561,37.227891],[-109.711903,37.219509],[-109.715932,37.214708],[-109.72232,37.212226],[-109.731068,37.210801],[-109.734364,37.212836],[-109.745107,37.222439],[-109.751536,37.224473],[-109.759755,37.222195],[-109.772939,37.212917],[-109.781972,37.210801],[-109.828725,37.207343],[-109.840932,37.210801],[-109.847076,37.203966],[-109.831776,37.188666],[-109.850209,37.179389],[-109.874867,37.178087],[-109.878163,37.186591],[-109.873362,37.19538],[-109.882436,37.198025],[-109.894643,37.197374],[-109.898915,37.19656],[-109.901723,37.194607],[-109.903798,37.184394],[-109.906117,37.179796],[-109.913319,37.175889],[-109.918324,37.179145],[-109.923004,37.185248],[-109.929067,37.189724],[-109.968658,37.209174],[-109.989125,37.22309],[-109.997955,37.235053],[-110.066803,37.265448],[-110.124582,37.313544],[-110.159006,37.329861],[-110.20401,37.327501],[-110.266998,37.302843],[-110.289052,37.299587],[-110.296783,37.302924],[-110.312856,37.31741],[-110.323476,37.320665],[-110.334584,37.317694],[-110.356068,37.303575],[-110.36852,37.299587],[-110.412099,37.29914],[-110.429921,37.293402],[-110.444163,37.282009],[-110.450429,37.27912],[-110.45873,37.278754],[-110.476918,37.280626],[-110.484527,37.27912],[-110.502919,37.264675],[-110.520497,37.246121],[-110.539418,37.23074],[-110.566396,37.225043],[-110.566396,37.221381],[-110.570465,37.222195],[-110.584543,37.228705],[-110.588124,37.233507],[-110.606109,37.249213],[-110.610951,37.252143],[-110.616322,37.254259],[-110.62206,37.255439],[-110.628407,37.255316],[-110.634429,37.253485],[-110.639882,37.250312],[-110.644521,37.245958],[-110.649648,37.239285],[-110.650624,37.236843],[-110.650868,37.233507],[-110.654286,37.22602]]]}},{"type":"Feature","properties":{"name":"Wind","name_en":"Wind","scalerank":8,"min_zoom":7},"geometry":{"type":"MultiLineString","coordinates":[[[-108.156972,43.417304],[-108.157541,43.416368],[-108.160715,43.404364],[-108.174469,43.292304],[-108.166371,43.252305],[-108.157541,43.217719]]]}},{"type":"Feature","properties":{"name":"Wind","name_en":"Wind","scalerank":8,"min_zoom":7},"geometry":{"type":"MultiLineString","coordinates":[[[-109.884267,43.649115],[-109.861684,43.639187],[-109.837229,43.632636],[-109.784983,43.627997],[-109.76594,43.621609],[-109.730214,43.591173],[-109.713002,43.580837],[-109.645497,43.561347],[-109.627309,43.54914],[-109.607777,43.539496],[-109.527415,43.52558],[-109.46939,43.489366],[-109.448842,43.483995],[-109.444732,43.48017],[-109.438954,43.461127],[-109.435211,43.453884],[-109.418691,43.434597],[-109.41161,43.430609],[-109.398305,43.429389],[-109.385894,43.43126],[-109.366078,43.440294],[-109.35733,43.443061],[-109.342193,43.442003],[-109.316965,43.431952],[-109.285715,43.423204],[-109.233144,43.381619],[-109.167388,43.358507],[-109.068715,43.285956],[-109.022939,43.262722],[-108.794301,43.199774],[-108.770416,43.196641],[-108.744862,43.189724],[-108.720855,43.173041],[-108.677642,43.135199],[-108.653228,43.121609],[-108.521799,43.081122],[-108.465077,43.049872],[-108.443959,43.047919],[-108.423207,43.053534],[-108.40392,43.06627],[-108.395741,43.075019],[-108.384145,43.091864],[-108.376617,43.100409],[-108.358754,43.115546],[-108.337758,43.128689],[-108.313873,43.137966],[-108.287262,43.141425],[-108.26891,43.138292],[-108.232167,43.126288],[-108.214182,43.125922],[-108.20165,43.130398],[-108.187896,43.138129],[-108.175404,43.14765],[-108.166493,43.157294],[-108.160268,43.170966],[-108.157786,43.186591],[-108.157541,43.217719]],[[-108.157541,43.416368],[-108.137359,43.451687],[-108.145619,43.497097],[-108.191396,43.588243],[-108.195627,43.604193],[-108.198476,43.645697],[-108.192698,43.665473],[-108.178944,43.68004],[-108.163075,43.693671],[-108.150706,43.710557],[-108.145009,43.732286],[-108.150706,43.789089],[-108.156117,43.813747],[-108.165151,43.830024],[-108.1669,43.84394],[-108.150706,43.861396],[-108.040395,43.919379],[-108.007314,43.943915],[-107.977895,43.97781],[-107.964467,43.998481],[-107.958892,44.015937],[-107.953236,44.027411],[-107.926096,44.061876],[-107.916737,44.079901],[-107.897328,44.162665]],[[-109.746083,43.236518],[-109.78189,43.260118],[-109.880727,43.35578],[-109.888295,43.360907],[-109.907704,43.368842]]]}},{"type":"Feature","properties":{"name":"Humboldt","name_en":"Humboldt","scalerank":8,"min_zoom":7},"geometry":{"type":"MultiLineString","coordinates":[[[-118.306223,40.514716],[-118.301422,40.530056],[-118.298736,40.540107],[-118.296295,40.574001],[-118.3037,40.592637],[-118.321401,40.606635],[-118.329498,40.623806],[-118.326405,40.645575],[-118.31843,40.660834],[-118.307607,40.673285],[-118.293935,40.687201],[-118.277455,40.69831],[-118.251129,40.701483],[-118.233022,40.699001]]]}},{"type":"Feature","properties":{"name":"Humboldt","name_en":"Humboldt","scalerank":8,"min_zoom":7},"geometry":{"type":"MultiLineString","coordinates":[[[-114.920237,41.24962],[-114.964508,41.23664],[-115.002919,41.219997],[-115.037465,41.199408],[-115.087961,41.158393],[-115.097727,41.152777],[-115.131825,41.143826],[-115.151112,41.131171],[-115.172841,41.123481],[-115.221262,41.08515],[-115.25475,41.065985],[-115.335846,41.0362],[-115.37206,41.016221],[-115.387034,41.003201],[-115.399566,40.989081],[-115.421295,40.967882],[-115.447336,40.953803],[-115.479482,40.947089],[-115.519643,40.947618],[-115.541086,40.952338],[-115.575999,40.966254],[-115.595367,40.969346],[-115.61144,40.965888],[-115.626088,40.959174],[-115.640777,40.955837],[-115.65685,40.961941],[-115.675282,40.945136],[-115.708608,40.896348],[-115.727406,40.881903],[-115.747914,40.861884],[-115.752431,40.85578],[-115.758656,40.849718],[-115.800852,40.845242],[-115.819895,40.829657],[-115.832102,40.809109],[-115.845774,40.791205],[-115.890859,40.775662],[-115.917226,40.757392],[-115.940745,40.73664],[-115.954254,40.721462],[-115.995229,40.742499],[-116.040273,40.732001],[-116.05956,40.722357],[-116.110015,40.712022],[-116.130442,40.702338],[-116.136138,40.693956],[-116.144114,40.661444],[-116.15038,40.651638],[-116.204335,40.606391],[-116.21996,40.598578],[-116.240305,40.593126],[-116.28307,40.58808],[-116.424306,40.592597],[-116.451039,40.597032],[-116.472808,40.608222],[-116.481842,40.628974],[-116.480458,40.685736],[-116.48233,40.696601],[-116.489329,40.707831],[-116.523427,40.721218],[-116.573638,40.719428],[-116.66747,40.701606],[-116.73941,40.701606],[-116.776112,40.682807],[-116.826039,40.674506],[-116.846181,40.673651],[-116.872548,40.678249],[-116.896555,40.690009],[-117.024037,40.795925],[-117.075266,40.848334],[-117.094472,40.860907],[-117.132069,40.86994],[-117.154042,40.879706],[-117.169342,40.894599],[-117.191762,40.934394],[-117.20523,40.951728],[-117.254058,40.996609],[-117.310048,41.032091],[-117.330068,41.037055],[-117.347564,41.002631],[-117.367991,40.990668],[-117.39273,40.983913],[-117.414133,40.982245],[-117.435658,40.988227],[-117.476064,41.011176],[-117.515492,41.021064],[-117.562123,41.043402],[-117.585439,41.050401],[-117.610992,41.050238],[-117.677887,41.036729],[-117.695424,41.028388],[-117.709584,41.009345],[-117.729482,40.975287],[-117.795969,40.941677],[-117.947825,40.901923],[-118.003774,40.851752],[-118.014475,40.819525],[-118.022776,40.778103],[-118.035268,40.739325],[-118.05842,40.715277],[-118.091786,40.707302],[-118.232981,40.699001]],[[-118.306223,40.514716],[-118.287668,40.479356],[-118.296213,40.432563],[-118.332753,40.358954],[-118.333485,40.354193],[-118.331776,40.342475],[-118.332753,40.337836],[-118.337229,40.333808],[-118.35261,40.324246],[-118.363596,40.2956],[-118.369985,40.286322],[-118.398346,40.254828],[-118.410553,40.236518],[-118.438547,40.181586],[-118.439687,40.166612],[-118.424713,40.160427],[-118.416982,40.155829],[-118.414296,40.145087],[-118.416127,40.109809],[-118.41983,40.103095],[-118.510121,40.037909],[-118.551869,40.018744],[-118.60554,40.010443]]]}},{"type":"Feature","properties":{"name":"Yaqui","name_en":"Yaqui","scalerank":8,"min_zoom":7},"geometry":{"type":"MultiLineString","coordinates":[[[-109.369374,30.442206],[-109.367014,30.464545],[-109.358306,30.484442],[-109.354604,30.512966],[-109.354888,30.525092],[-109.357086,30.539008],[-109.36026,30.552069],[-109.361969,30.562038]],[[-109.344838,29.177191],[-109.357086,29.173122],[-109.378245,29.159857],[-109.394928,29.141221],[-109.415435,29.130072],[-109.440297,29.124213],[-109.465077,29.120144],[-109.485911,29.120714],[-109.52717,29.140001],[-109.582102,29.159532],[-109.624013,29.154893],[-109.651601,29.14586],[-109.666168,29.135077],[-109.676747,29.106798],[-109.676137,29.073025],[-109.662465,29.036933],[-109.648793,29.008409],[-109.637929,28.981065],[-109.628977,28.953803],[-109.625111,28.929877],[-109.622711,28.908962]],[[-109.878082,28.129747],[-109.880727,28.123399],[-109.872222,28.109687],[-109.849273,28.09748],[-109.832509,28.086493],[-109.814931,28.068223],[-109.801096,28.050076],[-109.790679,28.018012],[-109.782867,27.987169],[-109.786366,27.972683],[-109.791127,27.955756],[-109.801096,27.935004],[-109.820912,27.914374],[-109.843495,27.89879],[-109.85733,27.884548],[-109.88386,27.859727],[-109.896962,27.839423]]]}},{"type":"Feature","properties":{"name":"Yaqui","name_en":"Yaqui","scalerank":8,"min_zoom":7},"geometry":{"type":"MultiLineString","coordinates":[[[-109.209788,30.831081],[-109.242421,30.819607],[-109.260813,30.808783],[-109.273305,30.784003],[-109.283274,30.756456],[-109.294301,30.737657],[-109.3155,30.726264],[-109.334299,30.719265],[-109.338002,30.710964],[-109.314117,30.696112],[-109.328603,30.684027],[-109.364654,30.663845],[-109.37621,30.648261],[-109.376536,30.631049],[-109.364735,30.586534],[-109.36205,30.562608]],[[-109.369374,30.442206],[-109.374582,30.426093],[-109.375844,30.401313],[-109.372304,30.376492],[-109.363189,30.360297],[-109.376943,30.340522],[-109.351796,30.297065],[-109.363189,30.285183],[-109.363189,30.277696],[-109.353505,30.273993],[-109.351918,30.267849],[-109.352366,30.259792],[-109.348948,30.250434],[-109.317535,30.223741],[-109.31607,30.217637],[-109.338206,30.150336],[-109.338694,30.134345],[-109.330922,30.119656],[-109.325754,30.115912],[-109.320221,30.114569],[-109.308217,30.113552],[-109.298492,30.110907],[-109.289784,30.107449],[-109.28185,30.10281],[-109.266835,30.090644],[-109.259755,30.083279],[-109.25475,30.074774],[-109.253896,30.065294],[-109.257192,30.058132],[-109.275746,30.036811],[-109.282582,30.031277],[-109.298573,30.025417],[-109.304555,30.020087],[-109.307118,30.012519],[-109.304555,30.007514],[-109.298736,30.004747],[-109.291615,30.004096],[-109.275502,30.000678],[-109.271555,29.991075],[-109.277659,29.979356],[-109.291493,29.969428],[-109.304758,29.963202],[-109.310374,29.959052],[-109.314931,29.953192],[-109.318715,29.94241],[-109.319936,29.93004],[-109.319081,29.917589],[-109.313791,29.891628],[-109.312896,29.877794],[-109.317779,29.843451],[-109.317291,29.838406],[-109.315297,29.833564],[-109.311431,29.828437],[-109.306304,29.824286],[-109.300526,29.820502],[-109.295277,29.816352],[-109.292063,29.810858],[-109.291493,29.803249],[-109.293324,29.79621],[-109.299184,29.782497],[-109.300852,29.775336],[-109.30191,29.754177],[-109.303334,29.747138],[-109.311838,29.728827],[-109.310211,29.711493],[-109.296539,29.694851],[-109.264963,29.66531],[-109.254547,29.645941],[-109.248036,29.624457],[-109.243235,29.580105],[-109.2447,29.566474],[-109.249013,29.553046],[-109.255442,29.54031],[-109.269602,29.519599],[-109.274526,29.509101],[-109.276519,29.497911],[-109.273997,29.486355],[-109.27302,29.485134],[-109.270334,29.483995],[-109.269439,29.483466],[-109.262196,29.471951],[-109.260854,29.469062],[-109.260813,29.466335],[-109.262074,29.462714],[-109.267405,29.456651],[-109.273752,29.451768],[-109.276601,29.44656],[-109.271596,29.439276],[-109.26061,29.431749],[-109.258046,29.427354],[-109.257151,29.418769],[-109.259429,29.402411],[-109.268137,29.372911],[-109.267079,29.356635],[-109.260813,29.326443],[-109.253041,29.303046],[-109.234771,29.271023],[-109.232533,29.260932],[-109.236318,29.249701],[-109.260121,29.229071],[-109.270619,29.216905],[-109.269439,29.205512],[-109.272125,29.19477],[-109.293935,29.188056],[-109.344716,29.177273]],[[-109.622629,28.907904],[-109.629465,28.828721],[-109.631907,28.818915],[-109.63622,28.807807],[-109.638092,28.796902],[-109.633168,28.787462],[-109.624664,28.775906],[-109.627268,28.766669],[-109.633697,28.756863],[-109.636952,28.743435],[-109.634145,28.741278],[-109.606191,28.700059],[-109.58373,28.674343],[-109.583363,28.665351],[-109.586415,28.65587],[-109.58849,28.643419],[-109.586497,28.630316],[-109.58141,28.626654],[-109.574818,28.625556],[-109.567983,28.620469],[-109.559722,28.603705],[-109.555735,28.585232],[-109.554311,28.541083],[-109.551096,28.531277],[-109.543813,28.531033],[-109.536529,28.535834],[-109.531117,28.54446],[-109.526438,28.543158],[-109.521718,28.53913],[-109.519602,28.534247],[-109.520904,28.527371],[-109.526357,28.516669],[-109.527089,28.510606],[-109.524485,28.485907],[-109.526235,28.475165],[-109.550933,28.451687],[-109.551503,28.445136],[-109.547515,28.417833],[-109.549916,28.412462],[-109.561187,28.373481],[-109.568674,28.371365],[-109.600819,28.356024],[-109.599029,28.352362],[-109.587026,28.344591],[-109.591054,28.327094],[-109.608957,28.297146],[-109.616119,28.275255],[-109.621571,28.266913],[-109.633168,28.263617],[-109.645497,28.258368],[-109.651601,28.245673],[-109.657379,28.215766],[-109.668365,28.192816],[-109.684478,28.177273],[-109.7058,28.167182],[-109.777211,28.149115],[-109.790842,28.147528],[-109.798736,28.148301],[-109.8037,28.150946],[-109.806264,28.156033],[-109.806996,28.163926],[-109.834869,28.174872],[-109.843902,28.161729],[-109.866851,28.143134],[-109.878082,28.129747]],[[-109.897572,27.838446],[-109.895579,27.796169],[-109.89859,27.742011],[-109.907826,27.691352],[-109.924306,27.659695],[-109.91686,27.653428],[-109.9287,27.639106],[-109.941029,27.628201],[-109.955922,27.621161],[-109.975819,27.61872],[-109.992787,27.614691],[-110.006337,27.605089],[-110.031361,27.58039],[-110.033762,27.576483],[-110.037668,27.573513],[-110.04719,27.57156],[-110.082916,27.578152],[-110.088206,27.574652],[-110.096059,27.560004],[-110.112294,27.551337],[-110.125234,27.551825],[-110.123525,27.564724],[-110.125559,27.568305],[-110.127512,27.570828],[-110.129018,27.573432],[-110.12975,27.577704],[-110.165924,27.568793],[-110.195221,27.577989],[-110.222727,27.594021],[-110.277496,27.611518],[-110.287343,27.612494],[-110.290395,27.609076],[-110.294749,27.602566],[-110.301381,27.598415],[-110.311269,27.60224],[-110.358957,27.640937],[-110.373036,27.646593],[-110.376373,27.643419],[-110.378977,27.63642],[-110.383697,27.62934],[-110.393544,27.626166],[-110.402008,27.62462],[-110.450429,27.600409],[-110.466461,27.599433],[-110.4829,27.608751],[-110.496246,27.619574],[-110.504994,27.621283],[-110.513743,27.619208],[-110.526967,27.61872],[-110.547515,27.624579],[-110.609609,27.666531]]]}},{"type":"Feature","properties":{"name":"Canadian","name_en":"Canadian","scalerank":8,"min_zoom":7},"geometry":{"type":"MultiLineString","coordinates":[[[-101.523264,35.726142],[-101.546864,35.724311],[-101.579905,35.713162],[-101.602203,35.693223],[-101.616933,35.681749],[-101.634511,35.664659],[-101.650136,35.640733],[-101.670481,35.623725],[-101.691477,35.615668],[-101.707753,35.603868],[-101.723053,35.588324],[-101.733754,35.572821],[-101.746978,35.540107],[-101.761098,35.51199],[-101.776763,35.501573],[-101.812856,35.489814],[-101.824941,35.486599]],[[-104.21581,35.548041],[-104.208119,35.535346],[-104.20165,35.511583],[-104.20226,35.487982],[-104.196685,35.466864],[-104.18692,35.449286],[-104.18342,35.435411],[-104.182118,35.426337],[-104.170644,35.420111],[-104.170481,35.420111]],[[-103.413889,35.3699],[-103.433949,35.369981],[-103.490712,35.373603],[-103.508127,35.365912],[-103.527577,35.359687],[-103.593373,35.363064]]]}},{"type":"Feature","properties":{"name":"Canadian","name_en":"Canadian","scalerank":8,"min_zoom":7},"geometry":{"type":"MultiLineString","coordinates":[[[-104.510487,36.418158],[-104.481923,36.34455],[-104.442209,36.267401],[-104.416086,36.227566],[-104.409983,36.212917],[-104.408559,36.205878],[-104.407135,36.184678],[-104.405181,36.176459],[-104.401723,36.168321],[-104.390248,36.14822],[-104.387807,36.137519],[-104.385813,36.132758],[-104.383656,36.130072],[-104.375885,36.123643],[-104.373931,36.120876],[-104.368804,36.105496],[-104.366567,36.094062],[-104.366282,36.084174],[-104.36559,36.081244],[-104.363393,36.078966],[-104.35554,36.073065],[-104.352691,36.0692],[-104.351145,36.064724],[-104.351064,36.059638],[-104.351796,36.057074],[-104.353912,36.052069],[-104.354156,36.04914],[-104.353261,36.045478],[-104.35143,36.042344],[-104.333119,36.021674],[-104.314443,36.007025],[-104.306956,35.998643],[-104.302602,35.987006],[-104.322906,35.974229],[-104.328033,35.968085],[-104.329457,35.964626],[-104.33019,35.960801],[-104.330393,35.957058],[-104.330068,35.953315],[-104.329172,35.948798],[-104.327748,35.945828],[-104.322174,35.940253],[-104.318186,35.933376],[-104.321116,35.928331],[-104.349721,35.911811],[-104.356313,35.906317],[-104.361684,35.900214],[-104.365956,35.892849],[-104.368723,35.884874],[-104.369496,35.876654],[-104.368235,35.868516],[-104.357289,35.842719],[-104.356435,35.835801],[-104.357004,35.827704],[-104.358713,35.819607],[-104.361399,35.812771],[-104.363515,35.809923],[-104.368967,35.805772],[-104.371653,35.803005],[-104.373687,35.799343],[-104.374501,35.795762],[-104.373402,35.779161],[-104.374094,35.774929],[-104.375722,35.771104],[-104.378163,35.768378],[-104.387441,35.76203],[-104.391347,35.756293],[-104.399241,35.725613],[-104.398346,35.721218],[-104.394928,35.716824],[-104.386098,35.71015],[-104.353261,35.691962],[-104.349762,35.689276],[-104.347076,35.685858],[-104.340932,35.665635],[-104.32787,35.659857],[-104.310292,35.657335],[-104.291371,35.650987],[-104.279408,35.639268],[-104.268056,35.623114],[-104.255483,35.608751],[-104.239858,35.602607],[-104.229563,35.596055],[-104.221059,35.580512],[-104.21581,35.548041]],[[-101.523264,35.726142],[-101.493276,35.731065],[-101.286488,35.786566],[-101.15807,35.847968],[-101.139231,35.866807],[-101.120758,35.898139],[-101.110911,35.908271],[-101.03893,35.951239],[-101.019846,35.959255],[-100.99885,35.964423],[-100.922515,35.9737],[-100.857249,35.988959],[-100.54308,35.986192],[-100.288808,35.926134],[-100.265289,35.92475],[-100.245473,35.919542],[-100.179921,35.883816],[-100.111073,35.855821],[-100.085072,35.867499],[-100.028798,35.874945],[-100.00121,35.890001],[-99.982004,35.890448],[-99.957183,35.894355],[-99.93578,35.900662],[-99.926666,35.907986],[-99.923329,35.913682],[-99.908315,35.926215],[-99.904937,35.935004],[-99.906606,35.969672],[-99.904937,35.980007],[-99.892323,36.002753],[-99.874745,36.015001],[-99.854482,36.020046],[-99.833608,36.020941],[-99.812245,36.014268],[-99.8037,35.997423],[-99.802561,35.952704],[-99.788401,35.918728],[-99.755727,35.89411],[-99.672841,35.863308],[-99.62621,35.856391],[-99.584828,35.863878],[-99.549672,35.883165],[-99.522043,35.911689],[-99.483388,35.979682],[-99.45816,36.006903],[-99.418324,36.020941],[-99.375234,36.023139],[-99.328725,36.020453],[-99.286041,36.011094],[-99.254506,35.993679],[-99.2412,35.974636],[-99.227773,35.932563],[-99.216908,35.915107],[-99.19872,35.899848],[-99.177724,35.887722],[-99.154856,35.87991],[-99.130971,35.87755],[-99.082428,35.889472],[-99.054026,35.917344],[-99.008372,36.033067],[-98.995676,36.048611],[-98.976715,36.055121],[-98.930979,36.053778],[-98.907623,36.048774],[-98.897572,36.037706],[-98.888092,36.024237],[-98.846262,35.997626],[-98.829254,35.969265],[-98.796498,35.928168],[-98.781484,35.890652],[-98.726918,35.849677],[-98.686676,35.800116],[-98.671702,35.786933],[-98.637929,35.766466],[-98.622792,35.754747],[-98.610219,35.739814],[-98.577382,35.677436],[-98.562408,35.664089],[-98.55484,35.641872],[-98.523061,35.611599],[-98.48351,35.583686],[-98.452545,35.568468],[-98.322662,35.55744],[-98.28185,35.541124],[-98.234527,35.48786],[-98.216054,35.479071],[-98.194447,35.475938],[-98.174794,35.467841],[-98.059722,35.399522],[-98.01891,35.381374],[-97.980214,35.3699],[-97.970693,35.368964],[-97.957387,35.370795],[-97.945465,35.3699],[-97.933665,35.366563],[-97.912262,35.357978],[-97.71581,35.328925],[-97.704823,35.331122],[-97.685943,35.340888],[-97.67516,35.343126],[-97.662465,35.340359],[-97.654856,35.333808],[-97.649566,35.326483],[-97.643788,35.321479],[-97.623118,35.316189],[-97.55191,35.315253],[-97.53893,35.252631],[-97.52774,35.233262],[-97.422271,35.171902],[-97.397369,35.136501],[-97.395131,35.120144],[-97.397288,35.108344],[-97.394358,35.09866],[-97.376861,35.08869],[-97.353993,35.093573],[-97.346669,35.068468],[-97.349599,35.003038],[-97.339711,34.977729],[-97.315338,34.966091],[-97.254018,34.958319],[-97.097239,34.932563],[-97.064443,34.922553],[-97.032704,34.916815],[-97.013783,34.917344],[-96.991851,34.926866],[-96.978668,34.934516],[-96.972808,34.94127],[-96.969228,34.949164],[-96.960276,34.961534],[-96.948883,34.973171],[-96.9381,34.978827],[-96.928293,34.975206],[-96.913889,34.956],[-96.907053,34.951483],[-96.869862,34.945136],[-96.811431,34.944688],[-96.799713,34.938992],[-96.766754,34.903673],[-96.745961,34.889716],[-96.719797,34.878201],[-96.694732,34.877712],[-96.677398,34.896918],[-96.692494,34.915635],[-96.698313,34.926866],[-96.698476,34.937852],[-96.691762,34.94538],[-96.682729,34.944607],[-96.66747,34.937852],[-96.660146,34.935736],[-96.639312,34.925116],[-96.63329,34.920762],[-96.621571,34.916124],[-96.575022,34.92418],[-96.553131,34.917751],[-96.535959,34.90644],[-96.520375,34.899685],[-96.503285,34.906806],[-96.482574,34.919379],[-96.465688,34.919298],[-96.447743,34.915635],[-96.424184,34.917344],[-96.394521,34.942206],[-96.375559,34.980292],[-96.351796,35.009345],[-96.308095,35.006781],[-96.301015,35.002143],[-96.289459,34.990994],[-96.280141,34.986274],[-96.267201,34.983222],[-96.257965,34.983507],[-96.248769,34.985216],[-96.235748,34.986274],[-96.175038,34.981147],[-96.157297,34.986274],[-96.128651,35.015204],[-96.103993,35.027371],[-96.089915,35.060655],[-96.077789,35.068183],[-96.062001,35.072862],[-96.053538,35.084093],[-96.047922,35.097602],[-96.040598,35.109198],[-96.033111,35.113471],[-96.01476,35.118598],[-96.006459,35.123399],[-96.001454,35.129828],[-95.992177,35.150173],[-95.981842,35.157009],[-95.913645,35.150173],[-95.896962,35.156846],[-95.85558,35.197943],[-95.838531,35.202948],[-95.812408,35.207058],[-95.786448,35.207587],[-95.769643,35.201687],[-95.753,35.197821],[-95.727406,35.20307],[-95.561147,35.261176],[-95.494293,35.299262],[-95.457346,35.309394],[-95.415598,35.311835],[-95.369008,35.307807],[-95.272817,35.280463],[-95.241811,35.277371],[-95.223012,35.287787],[-95.187408,35.332343],[-95.177358,35.339952],[-95.156402,35.350898],[-95.149892,35.356228],[-95.145131,35.365058],[-95.138092,35.384833],[-95.132476,35.39407],[-95.123158,35.402899],[-95.101918,35.417996],[-95.094635,35.424506],[-95.084096,35.44538],[-95.076039,35.453925],[-95.055165,35.458604]],[[-104.170644,35.420111],[-104.151682,35.419298],[-104.11384,35.406114],[-104.106435,35.414252],[-104.100087,35.424587],[-104.08609,35.417914],[-104.064809,35.397773],[-104.046295,35.370469],[-104.034779,35.364325],[-104.003489,35.361436],[-103.983022,35.357204],[-103.97232,35.356228],[-103.962636,35.353054],[-103.957346,35.345974],[-103.954457,35.338935],[-103.951894,35.33572],[-103.865793,35.318386],[-103.852203,35.317491],[-103.841379,35.321397],[-103.815541,35.343614],[-103.806549,35.346381],[-103.776845,35.343126],[-103.737945,35.348253],[-103.7235,35.342841],[-103.722239,35.321479],[-103.713246,35.326972],[-103.708241,35.332953],[-103.704254,35.339382],[-103.698313,35.346259],[-103.687978,35.350287],[-103.678944,35.345771],[-103.670155,35.338935],[-103.660756,35.33572],[-103.644399,35.339667],[-103.593373,35.363064]],[[-103.413726,35.3699],[-103.381663,35.368028],[-103.372711,35.3699],[-103.36498,35.376166],[-103.3579,35.391791],[-103.352895,35.397773],[-103.332834,35.406317],[-103.316233,35.405341],[-103.29894,35.400662],[-103.277211,35.397773],[-103.24059,35.398017],[-103.225494,35.399766],[-103.190256,35.408149],[-103.168202,35.410468],[-103.146596,35.408759],[-103.098256,35.384833],[-103.079457,35.378607],[-103.063629,35.381903],[-103.023305,35.410834],[-103.019521,35.40998],[-102.989166,35.410834],[-102.975575,35.417426],[-102.966868,35.419013],[-102.95816,35.414252],[-102.943918,35.408311],[-102.932769,35.419053],[-102.921498,35.433417],[-102.906606,35.438178],[-102.911041,35.456895],[-102.900258,35.472276],[-102.881581,35.482693],[-102.862538,35.486599],[-102.814443,35.479071],[-102.804107,35.481553],[-102.796376,35.487372],[-102.790028,35.494167],[-102.783762,35.499579],[-102.701772,35.516954],[-102.68871,35.527777],[-102.659535,35.530382],[-102.612416,35.527452],[-102.448557,35.554226],[-102.437734,35.553168],[-102.418202,35.548651],[-102.406972,35.548041],[-102.396596,35.55036],[-102.369049,35.561632],[-102.359731,35.558458],[-102.340728,35.544298],[-102.334625,35.541124],[-102.282826,35.541124],[-102.102773,35.511298],[-102.091054,35.507025],[-102.07901,35.49669],[-102.062652,35.475165],[-102.050038,35.466091],[-102.022369,35.458686],[-101.905507,35.458441],[-101.876943,35.463731],[-101.824941,35.486599]]]}},{"type":"Feature","properties":{"name":"Fuerte","name_en":"Fuerte","scalerank":8,"min_zoom":7},"geometry":{"type":"MultiLineString","coordinates":[[[-108.525868,26.728624],[-108.522043,26.711859],[-108.519154,26.689521],[-108.51887,26.67121],[-108.520375,26.651068],[-108.531565,26.612576],[-108.535634,26.595038],[-108.53775,26.580268],[-108.538889,26.565538],[-108.546498,26.551785],[-108.564565,26.529568],[-108.574371,26.51557],[-108.574452,26.515408]]]}},{"type":"Feature","properties":{"name":"Fuerte","name_en":"Fuerte","scalerank":8,"min_zoom":7},"geometry":{"type":"MultiLineString","coordinates":[[[-107.946523,26.944892],[-107.961334,26.952338],[-107.970693,26.954128],[-107.979482,26.957628],[-107.988596,26.960232],[-107.998891,26.959093],[-108.008901,26.952501],[-108.024281,26.935329],[-108.045888,26.929267],[-108.04955,26.923367],[-108.05248,26.916571],[-108.059722,26.911322],[-108.068593,26.90998],[-108.139719,26.909939],[-108.15685,26.903917],[-108.169586,26.890896],[-108.185618,26.909776],[-108.201324,26.911485],[-108.214833,26.909735],[-108.224233,26.918158],[-108.228627,26.914984],[-108.23233,26.913438],[-108.235504,26.910834],[-108.238515,26.904568],[-108.24352,26.909125],[-108.258941,26.918158],[-108.270741,26.903998],[-108.2954,26.911729],[-108.330963,26.935248],[-108.348866,26.919013],[-108.353586,26.910224],[-108.356435,26.879462],[-108.36026,26.867703],[-108.366567,26.857937],[-108.375071,26.849311],[-108.391225,26.836534],[-108.411773,26.824001],[-108.435536,26.814399],[-108.473053,26.809882],[-108.487904,26.809678],[-108.5006,26.812567],[-108.512359,26.83043],[-108.526926,26.831977],[-108.542958,26.829047],[-108.553822,26.824815],[-108.537709,26.819403],[-108.53539,26.810126],[-108.538889,26.797878],[-108.540151,26.783271],[-108.527699,26.74372],[-108.525868,26.728624]],[[-108.57433,26.515733],[-108.61205,26.446601],[-108.615875,26.44123],[-108.635732,26.426947],[-108.676666,26.378526],[-108.683461,26.36225],[-108.685658,26.351915],[-108.69286,26.346625],[-108.714508,26.345038],[-108.722727,26.340603],[-108.733998,26.317206],[-108.741851,26.306586],[-108.773915,26.286729],[-108.779693,26.286689],[-108.775502,26.272488],[-108.756703,26.257025],[-108.752431,26.245429],[-108.750722,26.231879],[-108.738149,26.186794],[-108.731923,26.145819],[-108.735707,26.137478],[-108.74942,26.120551],[-108.752431,26.108222],[-108.762074,26.09044],[-108.785064,26.076361],[-108.855946,26.046698],[-108.87092,26.035956],[-108.89981,26.005479],[-108.941518,25.94241],[-108.957875,25.926093],[-108.98644,25.942084],[-109.0183,25.953233],[-109.050771,25.957831],[-109.08141,25.954047],[-109.113433,25.942735],[-109.13036,25.939399],[-109.149648,25.940375],[-109.201283,25.958116],[-109.217926,25.960801],[-109.237904,25.959418],[-109.250559,25.954698],[-109.258941,25.946234],[-109.276479,25.915595],[-109.285227,25.904812],[-109.314117,25.885118],[-109.327748,25.873155],[-109.33727,25.861396],[-109.347564,25.853054],[-109.363189,25.85163],[-109.363881,25.854071],[-109.362904,25.858954],[-109.362904,25.863715],[-109.366322,25.865831],[-109.378814,25.865261],[-109.382436,25.865831],[-109.399159,25.871527],[-109.407867,25.872626],[-109.417836,25.872097]]]}},{"type":"Feature","properties":{"name":"Cheyenne","name_en":"Cheyenne","scalerank":8,"min_zoom":7},"geometry":{"type":"MultiLineString","coordinates":[[[-100.725738,44.785102],[-100.812734,44.790066],[-100.851674,44.790635],[-100.885894,44.787543],[-100.917388,44.780097],[-101.016265,44.74787],[-101.064198,44.747178],[-101.109364,44.754096],[-101.144439,44.747504],[-101.181386,44.731716],[-101.207997,44.71369],[-101.221547,44.703192]]]}},{"type":"Feature","properties":{"name":"Cheyenne","name_en":"Cheyenne","scalerank":8,"min_zoom":7},"geometry":{"type":"MultiLineString","coordinates":[[[-103.002797,43.606391],[-102.981557,43.613715],[-102.954091,43.618842],[-102.930328,43.627265],[-102.911285,43.663601],[-102.890004,43.669298],[-102.845204,43.668484],[-102.822621,43.676337],[-102.808502,43.689276],[-102.787099,43.719997],[-102.702138,43.790107],[-102.698964,43.7956],[-102.694936,43.805609],[-102.689768,43.840359],[-102.684438,43.849677],[-102.677968,43.858222],[-102.669301,43.876288],[-102.663645,43.884141],[-102.652659,43.892768],[-102.642486,43.896593],[-102.618642,43.90119],[-102.578277,43.915595],[-102.534047,43.937201],[-102.494293,43.963162],[-102.467763,43.990587],[-102.448964,44.0456],[-102.435414,44.069444],[-102.384592,44.090115],[-102.378407,44.114814],[-102.383778,44.142442],[-102.39269,44.161933],[-102.38683,44.169053],[-102.387441,44.174506],[-102.390736,44.179633],[-102.39269,44.185818],[-102.391672,44.197211],[-102.38858,44.20307],[-102.375966,44.213446],[-102.367828,44.229315],[-102.36266,44.252875],[-102.359202,44.295681],[-102.346181,44.326606],[-102.319936,44.361884],[-102.299672,44.399034],[-102.304555,44.435614],[-102.279775,44.442165],[-102.257639,44.443874],[-102.149526,44.436469],[-102.125803,44.44245],[-102.016225,44.507921],[-101.974965,44.52501],[-101.924713,44.532091],[-101.823964,44.532904],[-101.776357,44.545478],[-101.719797,44.575751],[-101.697499,44.579657],[-101.560129,44.571234],[-101.534779,44.574246],[-101.512034,44.583564],[-101.451161,44.627956],[-101.382192,44.658393],[-101.345693,44.680691],[-101.323842,44.68891],[-101.23762,44.69538],[-101.221547,44.703192]],[[-105.061635,43.440701],[-105.043691,43.442491],[-105.025461,43.446845],[-105.008127,43.45307],[-104.993235,43.46072],[-104.982249,43.471137],[-104.96288,43.494818],[-104.937611,43.515448],[-104.923085,43.523627],[-104.906565,43.528428],[-104.85025,43.533026],[-104.809722,43.537909],[-104.782948,43.541124],[-104.754954,43.548163],[-104.743804,43.555121],[-104.721506,43.55976],[-104.688385,43.564887],[-104.649241,43.5633],[-104.634511,43.557196],[-104.62857,43.545356],[-104.626129,43.530951],[-104.621246,43.517646],[-104.609771,43.507025],[-104.593902,43.498725],[-104.57665,43.495185],[-104.537343,43.499579],[-104.520863,43.497748],[-104.508046,43.488837],[-104.498443,43.475898],[-104.489369,43.442491],[-104.480784,43.436103],[-104.473622,43.427761],[-104.462066,43.407782],[-104.437408,43.415717],[-104.411488,43.404568],[-104.387847,43.390733],[-104.370229,43.390733],[-104.360178,43.393012],[-104.33373,43.38288],[-104.322133,43.379828],[-104.309682,43.378241],[-104.291127,43.372667],[-104.277699,43.373603],[-104.260243,43.379096],[-104.237375,43.389472],[-104.217356,43.403144],[-104.208852,43.418647],[-104.20401,43.439399],[-104.190826,43.452257],[-104.171132,43.45779],[-104.146799,43.456163],[-104.104075,43.445014],[-104.082875,43.446112],[-104.061391,43.459581],[-104.045033,43.459174],[-103.94343,43.426785],[-103.924062,43.417914],[-103.855702,43.363715],[-103.83849,43.339545],[-103.832021,43.332709],[-103.812164,43.323798],[-103.771148,43.324978],[-103.750152,43.319037],[-103.741078,43.310167],[-103.737701,43.301296],[-103.732777,43.294501],[-103.708608,43.290635],[-103.700673,43.287055],[-103.694325,43.280585],[-103.68871,43.270575],[-103.661366,43.276435],[-103.6256,43.274766],[-103.593821,43.277899],[-103.578236,43.297919],[-103.589101,43.297797],[-103.599721,43.29914],[-103.619781,43.305365],[-103.612131,43.315375],[-103.600413,43.321967],[-103.586293,43.325222],[-103.571401,43.325222],[-103.555409,43.320665],[-103.547109,43.313056],[-103.540679,43.304633],[-103.530426,43.297919],[-103.502675,43.294989],[-103.470082,43.300401],[-103.413726,43.319037],[-103.420562,43.336493],[-103.423573,43.350531],[-103.420806,43.363308],[-103.410634,43.376736],[-103.394276,43.388454],[-103.378489,43.391303],[-103.338612,43.387274],[-103.352895,43.415229],[-103.336578,43.419501],[-103.310048,43.404486],[-103.293935,43.411485],[-103.273793,43.429633],[-103.262563,43.436794],[-103.249257,43.442491],[-103.139394,43.470486],[-103.08731,43.49376],[-103.060943,43.511583],[-103.043813,43.531317],[-103.040761,43.544867],[-103.038726,43.578233],[-103.033274,43.589952],[-102.996002,43.620673]]]}},{"type":"Feature","properties":{"name":"Congaree","name_en":"Congaree","scalerank":8,"min_zoom":7},"geometry":{"type":"MultiLineString","coordinates":[[[-80.506337,33.580268],[-80.504954,33.572089],[-80.493031,33.560126],[-80.47053,33.5421],[-80.45165,33.520372],[-80.428212,33.49787],[-80.398671,33.479071],[-80.368276,33.464382],[-80.324208,33.460801],[-80.273508,33.465359],[-80.23644,33.46247],[-80.208323,33.450954],[-80.190094,33.429389],[-80.170237,33.408759],[-80.155019,33.401679]]]}},{"type":"Feature","properties":{"name":"Congaree","name_en":"Congaree","scalerank":8,"min_zoom":7},"geometry":{"type":"MultiLineString","coordinates":[[[-81.215077,34.047187],[-81.19286,34.046332],[-81.062367,34.001492],[-81.050933,33.99669]],[[-81.056467,34.004462],[-81.050933,33.99669]],[[-81.050933,33.99669],[-81.049957,33.996283]],[[-81.050933,33.99669],[-81.03307,33.971462],[-81.002553,33.904731],[-80.995513,33.864936],[-80.986969,33.851508],[-80.972279,33.842597],[-80.922922,33.823594],[-80.90095,33.811469],[-80.892201,33.808214],[-80.858713,33.802924],[-80.806508,33.773464],[-80.784901,33.767524],[-80.651112,33.757758],[-80.630605,33.748969],[-80.61262,33.710395],[-80.547109,33.656765],[-80.515859,33.615505],[-80.504384,33.594428],[-80.506174,33.581651]]]}},{"type":"Feature","properties":{"name":"Flathead","name_en":"Flathead","scalerank":8,"min_zoom":7},"geometry":{"type":"MultiLineString","coordinates":[[[-114.125071,48.083319],[-114.137603,48.070095],[-114.13561,48.034003],[-114.109283,47.977322],[-114.09553,47.928819],[-114.08967,47.896511],[-114.085846,47.85281],[-114.087392,47.809638],[-114.089955,47.78087],[-114.098053,47.745469],[-114.106435,47.716498]]]}},{"type":"Feature","properties":{"name":"Flathead","name_en":"Flathead","scalerank":8,"min_zoom":7},"geometry":{"type":"MultiLineString","coordinates":[[[-114.673899,49.391791],[-114.592844,49.381049],[-114.564117,49.365505],[-114.550038,49.323065],[-114.546295,49.279324],[-114.543935,49.269843],[-114.54011,49.26085],[-114.534291,49.252224],[-114.526112,49.243598],[-114.493031,49.220079],[-114.483957,49.205675],[-114.48176,49.178412],[-114.485504,49.15766],[-114.499176,49.121405],[-114.502187,49.099555],[-114.498931,49.079291],[-114.490712,49.058946],[-114.479726,49.040961],[-114.468088,49.027615],[-114.417104,48.989691],[-114.39977,48.972968],[-114.377431,48.940863],[-114.368642,48.922716],[-114.365061,48.907782],[-114.327219,48.842637],[-114.311513,48.836493],[-114.288482,48.821112],[-114.272125,48.801134],[-114.276275,48.781195],[-114.262318,48.763373],[-114.241363,48.743109],[-114.21817,48.726589],[-114.180735,48.712348],[-114.164459,48.69477],[-114.151845,48.67418],[-114.145904,48.65766],[-114.146596,48.647569],[-114.152455,48.626573],[-114.15274,48.616726],[-114.147613,48.609198],[-114.116078,48.576606],[-114.11205,48.564887],[-114.112945,48.553168],[-114.12206,48.547797],[-114.126576,48.542792],[-114.118276,48.531521],[-114.098134,48.513699],[-114.069976,48.501573],[-114.063344,48.493842],[-114.06371,48.482856],[-114.067494,48.469306],[-114.066803,48.457709],[-114.053456,48.452826],[-114.048004,48.449286],[-114.043935,48.440863],[-114.042877,48.430528],[-114.04662,48.421454],[-114.057281,48.414618],[-114.148305,48.405951],[-114.175201,48.398627],[-114.186879,48.387071],[-114.190053,48.382148],[-114.197133,48.374579],[-114.204213,48.364691],[-114.207387,48.352891],[-114.208892,48.340115],[-114.221059,48.308214],[-114.225942,48.272406],[-114.231557,48.263861],[-114.248891,48.246649],[-114.257395,48.235622],[-114.262034,48.226345],[-114.261138,48.198432],[-114.245229,48.189236],[-114.197418,48.192165],[-114.175038,48.198269],[-114.159495,48.200751],[-114.145904,48.19835],[-114.13801,48.189276],[-114.127024,48.162909],[-114.12206,48.157416],[-114.108469,48.146755],[-114.10912,48.122748],[-114.118642,48.097235],[-114.125071,48.083319]],[[-114.106801,47.715399],[-114.109242,47.710395],[-114.110829,47.700019],[-114.112904,47.694851],[-114.124664,47.68419],[-114.140126,47.680121],[-114.186431,47.681098],[-114.20641,47.678534],[-114.225819,47.673936],[-114.261342,47.656073],[-114.317454,47.655626],[-114.340199,47.644599],[-114.342926,47.627753],[-114.31843,47.590033],[-114.316314,47.572577],[-114.32136,47.567979],[-114.334218,47.565375],[-114.33788,47.561347],[-114.343617,47.544704],[-114.351064,47.533881],[-114.357737,47.521186],[-114.360707,47.508409],[-114.357289,47.497504],[-114.342763,47.505194],[-114.325347,47.511501],[-114.307362,47.514757],[-114.291086,47.513617],[-114.275868,47.503282],[-114.278188,47.488959],[-114.317128,47.438829],[-114.323354,47.426703],[-114.328033,47.413926],[-114.328725,47.403266],[-114.32372,47.384833],[-114.324696,47.374335],[-114.332265,47.358222],[-114.343414,47.344835],[-114.358022,47.336005],[-114.375396,47.333564],[-114.395131,47.336982],[-114.429026,47.347357],[-114.470448,47.354031],[-114.513051,47.375678],[-114.534535,47.383653],[-114.556467,47.384833],[-114.58316,47.380561],[-114.608998,47.371283],[-114.640777,47.348741],[-114.657094,47.3463],[-114.673695,47.347724],[-114.713124,47.358466],[-114.722157,47.359239],[-114.735504,47.358222],[-114.761627,47.352851],[-114.775258,47.35163]]]}},{"type":"Feature","properties":{"name":"Saint Johns","name_en":"Saint Johns","scalerank":8,"min_zoom":7},"geometry":{"type":"MultiLineString","coordinates":[[[-81.670522,29.50373],[-81.67809,29.478868],[-81.676869,29.468207],[-81.675649,29.449083],[-81.670806,29.43419],[-81.659495,29.423041],[-81.654368,29.409247],[-81.655751,29.38703],[-81.646596,29.364691],[-81.63093,29.349799],[-81.615387,29.321723],[-81.603627,29.288926],[-81.593577,29.270819],[-81.578765,29.255439],[-81.564565,29.232204],[-81.555247,29.211208]]]}},{"type":"Feature","properties":{"name":"Saint Johns","name_en":"Saint Johns","scalerank":8,"min_zoom":7},"geometry":{"type":"MultiLineString","coordinates":[[[-81.670522,29.50373],[-81.676829,29.526475],[-81.692454,29.544379],[-81.703847,29.562323],[-81.697662,29.585639],[-81.684885,29.595974],[-81.667226,29.599921],[-81.622629,29.599921],[-81.603871,29.603542],[-81.600413,29.609402],[-81.601064,29.634833],[-81.604604,29.645372],[-81.621653,29.676866],[-81.625844,29.6942],[-81.617502,29.70543],[-81.601918,29.711127],[-81.570546,29.71308],[-81.561757,29.71894],[-81.5572,29.726508],[-81.554433,29.738389],[-81.542226,29.768744],[-81.540435,29.780097],[-81.542348,29.787665],[-81.547271,29.793891],[-81.554596,29.801052],[-81.562245,29.811062],[-81.591664,29.864936],[-81.595123,29.884833],[-81.595082,29.905626],[-81.589955,29.939032],[-81.592641,29.95246],[-81.598378,29.964057],[-81.60554,29.973578],[-81.611724,29.9796],[-81.636586,29.998643],[-81.662668,30.014512],[-81.672597,30.024237],[-81.677358,30.03795],[-81.678212,30.052436],[-81.67162,30.084744],[-81.67101,30.098415],[-81.67516,30.150662],[-81.674143,30.163682],[-81.671295,30.174669],[-81.661244,30.195909],[-81.646474,30.218126],[-81.645334,30.232245],[-81.654693,30.249823],[-81.682485,30.28144],[-81.686879,30.29267],[-81.679555,30.303331],[-81.663157,30.312323],[-81.623118,30.324571],[-81.618276,30.333116],[-81.624135,30.359687],[-81.622426,30.373603],[-81.613759,30.382921],[-81.601633,30.388983],[-81.589426,30.393175],[-81.578765,30.394721],[-81.55956,30.392361],[-81.499094,30.401231],[-81.412831,30.399604],[-81.389231,30.395046]],[[-81.555247,29.211208],[-81.548085,29.197537],[-81.538889,29.189805],[-81.528717,29.183173],[-81.519602,29.17475],[-81.512074,29.160264],[-81.501861,29.129706],[-81.492258,29.119493],[-81.47936,29.117133],[-81.445872,29.118476],[-81.430165,29.113308],[-81.423207,29.103705],[-81.419504,29.092963],[-81.412587,29.087104],[-81.396067,29.092149],[-81.392568,29.079291],[-81.383127,29.07335],[-81.37328,29.069281],[-81.368723,29.061469],[-81.36148,29.016669],[-81.358795,29.00963],[-81.344716,28.994737],[-81.344553,28.926785],[-81.34081,28.907904],[-81.355702,28.884874],[-81.353586,28.864936],[-81.34024,28.84752],[-81.321523,28.832139],[-81.273671,28.83157],[-81.251698,28.827826],[-81.233306,28.821234],[-81.203521,28.804226],[-81.192128,28.795518],[-81.177195,28.791287],[-81.157216,28.79446],[-81.13915,28.8039],[-81.12975,28.811632],[-81.116851,28.825954],[-81.095326,28.819648],[-81.073801,28.802558],[-81.060862,28.784369],[-81.05309,28.7508],[-81.047109,28.739569],[-81.028472,28.712429],[-81.024526,28.701199],[-81.022613,28.687364],[-81.017445,28.668077],[-81.009877,28.648708],[-81.000966,28.634141],[-80.96467,28.592597],[-80.95401,28.584052],[-80.945383,28.57449],[-80.939524,28.562812],[-80.934804,28.534613],[-80.928131,28.527533],[-80.896596,28.507676],[-80.886464,28.503526],[-80.87857,28.49669],[-80.875315,28.482733],[-80.877756,28.469102],[-80.883778,28.460273],[-80.890696,28.45246],[-80.895823,28.441718],[-80.879018,28.359809],[-80.876129,28.355089],[-80.856923,28.332953],[-80.848012,28.325629],[-80.834828,28.322292],[-80.823557,28.321845],[-80.814076,28.318061],[-80.806386,28.304551],[-80.858266,28.242051],[-80.861643,28.221991],[-80.850819,28.210517],[-80.81428,28.1883],[-80.806386,28.177924],[-80.800893,28.174425],[-80.774526,28.175727],[-80.765452,28.174872],[-80.756215,28.167833],[-80.753041,28.160956],[-80.75178,28.140082],[-80.755971,28.101752],[-80.777577,28.069892],[-80.812123,28.050849],[-80.854807,28.050645],[-80.913401,28.080146],[-80.923695,28.082058],[-80.93106,28.101508],[-80.949208,28.110663],[-80.992014,28.119574],[-81.02245,28.136583],[-81.051503,28.16295],[-81.07311,28.196845],[-81.08137,28.236274]]]}},{"type":"Feature","properties":{"name":"Bear","name_en":"Bear","scalerank":8,"min_zoom":7},"geometry":{"type":"MultiLineString","coordinates":[[[-112.191151,41.466864],[-112.199452,41.473009],[-112.21227,41.481757],[-112.230092,41.490912],[-112.243276,41.491726],[-112.2565,41.474921]]]}},{"type":"Feature","properties":{"name":"Bear","name_en":"Bear","scalerank":8,"min_zoom":7},"geometry":{"type":"MultiLineString","coordinates":[[[-112.256947,41.474311],[-112.285512,41.447048]],[[-110.843251,40.832058],[-110.827138,40.874579],[-110.825754,40.888129],[-110.83552,40.972724],[-110.841949,40.988715],[-110.858998,41.007025],[-110.924184,41.050401],[-110.933461,41.071723],[-110.930776,41.094265],[-110.920155,41.11754],[-110.906077,41.141303],[-110.889638,41.171698],[-110.884592,41.186632],[-110.883209,41.201239],[-110.886586,41.218085],[-110.894521,41.238389],[-110.906321,41.255479],[-110.929758,41.267157],[-110.940012,41.277167],[-110.948557,41.287706],[-110.95637,41.301947],[-110.966217,41.307074],[-110.977773,41.311591],[-110.986928,41.317939],[-111.000356,41.349677],[-111.006012,41.393988],[-111.006947,41.528591],[-111.015696,41.547634],[-111.05484,41.536566],[-111.079742,41.538642],[-111.103261,41.544298],[-111.116038,41.550727],[-111.122304,41.565253],[-111.134104,41.668036],[-111.130523,41.687608],[-111.116038,41.70893],[-111.095937,41.725165],[-111.081125,41.734239],[-111.071929,41.746894],[-111.0655,41.795925],[-111.057118,41.817939],[-111.045806,41.83751],[-111.034047,41.852362],[-110.996816,41.883368],[-110.99356,41.888983],[-110.992584,41.895941],[-110.993072,41.910346],[-110.990631,41.91531],[-110.978017,41.927598],[-110.972646,41.934272],[-110.948394,41.986843],[-110.940094,42.016913],[-110.938466,42.044135],[-110.941721,42.059516],[-110.946929,42.070665],[-110.962392,42.088813],[-110.969228,42.100287],[-110.970367,42.111518],[-110.970082,42.124091],[-110.972646,42.139716],[-110.984934,42.161241],[-111.048329,42.222235],[-111.06664,42.213568],[-111.074208,42.208767],[-111.082509,42.201728],[-111.10025,42.177558],[-111.127756,42.159125],[-111.136342,42.155382],[-111.147328,42.153998],[-111.150461,42.159044],[-111.143625,42.184638],[-111.14391,42.194932],[-111.151031,42.19949],[-111.175526,42.205146],[-111.184885,42.208604],[-111.203969,42.226182],[-111.214467,42.2331],[-111.248647,42.2414],[-111.267568,42.254503],[-111.283803,42.270535],[-111.294749,42.284369],[-111.295806,42.288682],[-111.293691,42.298896],[-111.294749,42.304796],[-111.298736,42.309272],[-111.310374,42.314073],[-111.315256,42.318427],[-111.320221,42.327704],[-111.324818,42.339301],[-111.328236,42.35163],[-111.33019,42.404486],[-111.335805,42.417263],[-111.397206,42.499701],[-111.40095,42.518988],[-111.411244,42.531277],[-111.445627,42.551215],[-111.473012,42.580593],[-111.496246,42.590644],[-111.500803,42.602362],[-111.500234,42.620144],[-111.511952,42.629421],[-111.521881,42.630805],[-111.551747,42.62698],[-111.576243,42.629462],[-111.585439,42.63699],[-111.589711,42.648749],[-111.599517,42.664496],[-111.626698,42.674628],[-111.658111,42.664008],[-111.75768,42.58751],[-111.777699,42.563056],[-111.774566,42.537543],[-111.778798,42.531602],[-111.7801,42.522773],[-111.778676,42.512641],[-111.774566,42.502794],[-111.764027,42.491563],[-111.752797,42.488064],[-111.741322,42.486029],[-111.730133,42.47956],[-111.721181,42.463446],[-111.719635,42.444281],[-111.720693,42.42296],[-111.71935,42.400417],[-111.701161,42.339219],[-111.698842,42.314765],[-111.705068,42.299628],[-111.773752,42.220038],[-111.780019,42.215684],[-111.786285,42.212958],[-111.8072,42.206895],[-111.812082,42.204169],[-111.822133,42.195339],[-111.872548,42.165554],[-111.886952,42.15058],[-111.895741,42.132921],[-111.90099,42.112738],[-111.904286,42.027045],[-111.906484,42.014594],[-111.916249,41.993842],[-111.918568,41.982693],[-111.914418,41.963446],[-111.903879,41.949978],[-111.877553,41.928046],[-111.869008,41.916124],[-111.8662,41.905137],[-111.86734,41.8935],[-111.870758,41.879665],[-111.885569,41.840277],[-111.904693,41.825141],[-111.930735,41.828721],[-111.966379,41.845526],[-111.999135,41.866156],[-112.015452,41.870795],[-112.035268,41.865994],[-112.041086,41.861518],[-112.04662,41.85456],[-112.057362,41.836737],[-112.069407,41.818793],[-112.095448,41.790147],[-112.102366,41.775824],[-112.103505,41.75613],[-112.101674,41.754503],[-112.092641,41.737616],[-112.089915,41.729438],[-112.089019,41.719835],[-112.089752,41.711005],[-112.092152,41.702582],[-112.096059,41.694648],[-112.09024,41.680732],[-112.1044,41.641547],[-112.103505,41.619574],[-112.097646,41.612901],[-112.079945,41.601426],[-112.076243,41.595404],[-112.077748,41.589545],[-112.081695,41.586615],[-112.087066,41.585517],[-112.092926,41.585395],[-112.096344,41.582872],[-112.096344,41.576768],[-112.095448,41.569851],[-112.096059,41.564317],[-112.095082,41.562812],[-112.094594,41.556912],[-112.094838,41.549506],[-112.096059,41.543809],[-112.100331,41.541612],[-112.114654,41.53795],[-112.117787,41.534247],[-112.121449,41.522732],[-112.130198,41.511094],[-112.134023,41.502875],[-112.141469,41.490505],[-112.150217,41.474311],[-112.157623,41.466864],[-112.172515,41.465644],[-112.191151,41.466864]]]}},{"type":"Feature","properties":{"name":"San Juan","name_en":"San Juan","scalerank":8,"min_zoom":7},"geometry":{"type":"MultiLineString","coordinates":[[[-98.895863,26.189765],[-98.929026,26.209744],[-98.958363,26.211046],[-98.975657,26.188422],[-98.984975,26.172431],[-98.981028,26.148383],[-98.990305,26.128445],[-98.999664,26.111111],[-99.00768,26.10045],[-99.021596,26.099799]]]}},{"type":"Feature","properties":{"name":"San Juan","name_en":"San Juan","scalerank":8,"min_zoom":7},"geometry":{"type":"MultiLineString","coordinates":[[[-98.848866,26.363471],[-98.849924,26.262641],[-98.861318,26.21251],[-98.895863,26.189765]],[[-100.269276,25.238064],[-100.183176,25.177273],[-100.150624,25.13935],[-100.126536,25.090603],[-100.119049,25.070258],[-100.110504,25.054063],[-100.098215,25.041368],[-100.079091,25.031317],[-100.051096,25.02558],[-100.026601,25.028876],[-99.975819,25.043524],[-99.964426,25.04324],[-99.940907,25.039171],[-99.930002,25.042426],[-99.919586,25.056505],[-99.905629,25.116238],[-99.891347,25.137803],[-99.874135,25.151923],[-99.8544,25.160671],[-99.832428,25.166531],[-99.805653,25.17239],[-99.781606,25.181098],[-99.653391,25.25849],[-99.633941,25.274441],[-99.585357,25.331407],[-99.549306,25.397162],[-99.543772,25.415554],[-99.536488,25.454779],[-99.530751,25.471706],[-99.514312,25.49079],[-99.495432,25.494005],[-99.473785,25.492296],[-99.449086,25.49669],[-99.442372,25.502265],[-99.432281,25.516913],[-99.423695,25.520941],[-99.41161,25.519314],[-99.388783,25.507025],[-99.374989,25.504665],[-99.355214,25.513373],[-99.336008,25.533026],[-99.320872,25.556749],[-99.313344,25.577989],[-99.304107,25.63406],[-99.294749,25.660712],[-99.279408,25.684353],[-99.243886,25.715644],[-99.233225,25.73078],[-99.225575,25.759548],[-99.217641,25.779975],[-99.20523,25.786444],[-99.190785,25.791612],[-99.176137,25.807969],[-99.172027,25.863837],[-99.178863,25.923448],[-99.179026,25.943183],[-99.172271,25.963813],[-99.171376,25.968451],[-99.174143,25.977362],[-99.182485,25.992051],[-99.185536,26.000759],[-99.189565,26.035753],[-99.189524,26.056179],[-99.186147,26.069932],[-99.172027,26.080146],[-99.15685,26.076443],[-99.140248,26.068305],[-99.122141,26.065212],[-99.099721,26.073432],[-99.053456,26.098009],[-99.021596,26.099799]]]}},{"type":"Feature","properties":{"name":"Saguenay","name_en":"Saguenay","scalerank":8,"min_zoom":7},"geometry":{"type":"MultiLineString","coordinates":[[[-71.749827,48.575019],[-71.78425,48.571601],[-71.821604,48.569525],[-71.865915,48.569037],[-71.925852,48.577826],[-71.980051,48.596381],[-72.040476,48.613349],[-72.111887,48.619818],[-72.173899,48.621649],[-72.248158,48.631374],[-72.305165,48.642524],[-72.371205,48.664374],[-72.371327,48.664374],[-72.37149,48.664415]]]}},{"type":"Feature","properties":{"name":"Saguenay","name_en":"Saguenay","scalerank":8,"min_zoom":7},"geometry":{"type":"MultiLineString","coordinates":[[[-73.043446,50.713324],[-73.090077,50.668036],[-73.111155,50.642035],[-73.125356,50.617051],[-73.103871,50.586737],[-73.109283,50.552802],[-73.131215,50.522081],[-73.159535,50.501003],[-73.151112,50.475898],[-73.154449,50.447699],[-73.165761,50.419013],[-73.180735,50.392524],[-73.200429,50.363837],[-73.198801,50.350287],[-73.23233,50.32392],[-73.241444,50.305487],[-73.239329,50.295437],[-73.229888,50.282009],[-73.227773,50.271064],[-73.228749,50.258857],[-73.231638,50.247382],[-73.235951,50.236436],[-73.262603,50.193874],[-73.261952,50.177273],[-73.245188,50.154649],[-73.245839,50.139594],[-73.267201,50.085801],[-73.276194,50.069037],[-73.269032,50.033026],[-73.284495,49.98782],[-73.323354,49.911322],[-73.320912,49.879747],[-73.329742,49.848009],[-73.345815,49.818874],[-73.36498,49.794623],[-73.410715,49.759223],[-73.429311,49.73664],[-73.426991,49.712714],[-73.436879,49.694281],[-73.452545,49.646023],[-73.464223,49.627061],[-73.473988,49.606065],[-73.462473,49.564073],[-73.468007,49.540798],[-73.443227,49.541449],[-73.403228,49.568549],[-73.378896,49.575548],[-73.366363,49.566433],[-73.363108,49.545478],[-73.366038,49.522406],[-73.371816,49.506659],[-73.384429,49.488593],[-73.393137,49.472764],[-73.398101,49.454169],[-73.402211,49.3817],[-73.398671,49.36225],[-73.386057,49.3428],[-73.377431,49.335517],[-73.369618,49.330837],[-73.363108,49.325141],[-73.358144,49.314887],[-73.357045,49.30268],[-73.363189,49.280219],[-73.37149,49.228949],[-73.366526,49.214626],[-73.344472,49.205634],[-73.24828,49.205634],[-73.225738,49.200303],[-73.200429,49.187364],[-73.159535,49.157172],[-73.138824,49.127021],[-73.114858,49.053575],[-73.098053,49.020697],[-73.069203,48.983018],[-73.046539,48.962348],[-73.027089,48.949408],[-72.95344,48.923855],[-72.893381,48.887803],[-72.87149,48.88288],[-72.797678,48.882514],[-72.77595,48.876654],[-72.763254,48.868598],[-72.75357,48.859565],[-72.743031,48.852322],[-72.727447,48.849392],[-72.716135,48.852607],[-72.704579,48.858832],[-72.693471,48.862738],[-72.683095,48.85932],[-72.640533,48.80036],[-72.624501,48.787909],[-72.603749,48.783515],[-72.562611,48.781114],[-72.542551,48.774237],[-72.527089,48.763007],[-72.465403,48.697211],[-72.440907,48.679023],[-72.41161,48.668077],[-72.371205,48.664374]],[[-71.748769,48.576606],[-71.724436,48.579169],[-71.70401,48.572699],[-71.665598,48.554511],[-71.621409,48.544704],[-71.576161,48.540229],[-71.535553,48.541856],[-71.516103,48.540351],[-71.430043,48.512315],[-71.415395,48.502997],[-71.399566,48.495185],[-71.27892,48.479682],[-71.254221,48.471951],[-71.236969,48.461737],[-71.206166,48.45128],[-71.099355,48.441474],[-71.069692,48.444648]]]}},{"type":"Feature","properties":{"name":"Cooper","name_en":"Cooper","scalerank":8,"min_zoom":7},"geometry":{"type":"MultiLineString","coordinates":[[[-79.997304,33.242743],[-80.027903,33.270535],[-80.046295,33.285834],[-80.075917,33.308539],[-80.100535,33.329657],[-80.108998,33.339626],[-80.109486,33.340196],[-80.109975,33.340888]]]}},{"type":"Feature","properties":{"name":"Cooper","name_en":"Cooper","scalerank":8,"min_zoom":7},"geometry":{"type":"MultiLineString","coordinates":[[[-80.154937,33.401679],[-80.108998,33.339626]],[[-79.997304,33.242743],[-79.980784,33.218451],[-79.978586,33.19241],[-79.980946,33.164822],[-79.977935,33.136013],[-79.963612,33.115668],[-79.941884,33.091661],[-79.927805,33.065863],[-79.93635,33.039822],[-79.913971,33.029486],[-79.912668,33.001776],[-79.93635,32.916287],[-79.940663,32.912177],[-79.954457,32.902777],[-79.957428,32.899522],[-79.950022,32.854804],[-79.943756,32.851386]]]}},{"type":"Feature","properties":{"name":"Cumberland","name_en":"Cumberland","scalerank":8,"min_zoom":7},"geometry":{"type":"MultiLineString","coordinates":[[[-88.208241,37.00788],[-88.197865,36.998562],[-88.181264,36.987982],[-88.162424,36.983222],[-88.144846,36.98961],[-88.136138,37.006659],[-88.129954,37.021104],[-88.118316,37.034125],[-88.101796,37.040961],[-88.078236,37.037665],[-88.057118,37.019395],[-88.040598,36.996649],[-88.028961,36.971462],[-88.022939,36.94245],[-88.010732,36.918484],[-87.990875,36.891791],[-87.975982,36.863837],[-87.971262,36.834906],[-87.967681,36.805935],[-87.97289,36.774685],[-87.96939,36.744696],[-87.949941,36.714301],[-87.932973,36.69005],[-87.911692,36.667751],[-87.896555,36.635443],[-87.898183,36.608466],[-87.89977,36.5963]]]}},{"type":"Feature","properties":{"name":"Cumberland","name_en":"Cumberland","scalerank":8,"min_zoom":7},"geometry":{"type":"MultiLineString","coordinates":[[[-82.812734,37.052558],[-82.940175,36.997626],[-83.031646,36.982489],[-83.066558,36.970771],[-83.127919,36.934923],[-83.160878,36.921495],[-83.286936,36.886176],[-83.301625,36.880805],[-83.340972,36.860867],[-83.356435,36.857693],[-83.388824,36.85517],[-83.404205,36.852078],[-83.516754,36.799669],[-83.562652,36.792426],[-83.583567,36.784776],[-83.596669,36.767646],[-83.605824,36.737901],[-83.614369,36.726264],[-83.629791,36.718207],[-83.647125,36.717312],[-83.664906,36.72252],[-83.681508,36.731716],[-83.732615,36.768337],[-83.743153,36.778876],[-83.74706,36.78498],[-83.75182,36.79621],[-83.755605,36.801785],[-83.76122,36.806993],[-83.768666,36.81155],[-83.776682,36.814805],[-83.798166,36.818386],[-83.83731,36.836249],[-83.858225,36.841376],[-83.864247,36.844753],[-83.869252,36.84988],[-83.877797,36.860704],[-83.883697,36.86518],[-83.891225,36.868272],[-83.920562,36.873114],[-83.925608,36.873155],[-83.930409,36.872178],[-83.934967,36.869696],[-83.939524,36.865668],[-83.943674,36.860622],[-83.947092,36.855048],[-83.949371,36.849433],[-83.950022,36.844672],[-83.94933,36.834906],[-83.950022,36.830349],[-83.95287,36.826483],[-83.957021,36.825263],[-83.966705,36.825222],[-83.975331,36.820665],[-83.977406,36.812323],[-83.975331,36.802598],[-83.966949,36.784613],[-83.966705,36.779812],[-83.968902,36.77501],[-83.97525,36.7685],[-83.979156,36.76557],[-83.982777,36.763699],[-83.991933,36.763861],[-84.001861,36.767035],[-84.011586,36.76907],[-84.020253,36.765652],[-84.022694,36.761827],[-84.023752,36.757514],[-84.024526,36.748481],[-84.025746,36.743435],[-84.02774,36.738389],[-84.030588,36.733832],[-84.034088,36.730007],[-84.039459,36.72663],[-84.045888,36.724555],[-84.058909,36.723009],[-84.065053,36.72309],[-84.071116,36.723904],[-84.076975,36.72545],[-84.082631,36.727973],[-84.09317,36.735867],[-84.096913,36.73782],[-84.1044,36.738471],[-84.126291,36.730577],[-84.135976,36.730577],[-84.14623,36.733669],[-84.155751,36.738715],[-84.163319,36.744452],[-84.1822,36.766669],[-84.18932,36.773301],[-84.201894,36.780829],[-84.21581,36.784857],[-84.22997,36.784369],[-84.243316,36.778591],[-84.267323,36.759589],[-84.280344,36.753852],[-84.295969,36.754991],[-84.320912,36.768866],[-84.337392,36.789984],[-84.340647,36.814765],[-84.321116,36.848497],[-84.30899,36.891181],[-84.307525,36.906073],[-84.30899,36.952663],[-84.318105,36.947821],[-84.327992,36.945583],[-84.338694,36.945095],[-84.349965,36.945828],[-84.353871,36.948065],[-84.358998,36.952826],[-84.362945,36.957465],[-84.363637,36.959418],[-84.370839,36.958808],[-84.381581,36.953803],[-84.387196,36.952663],[-84.409006,36.951483],[-84.4204,36.952338],[-84.428456,36.956081],[-84.448069,36.975287],[-84.459381,36.980821],[-84.4735,36.980536],[-84.478017,36.974799],[-84.483388,36.963406],[-84.49059,36.951931],[-84.500803,36.945828],[-84.51476,36.947537],[-84.523061,36.955268],[-84.527089,36.966132],[-84.528147,36.976833],[-84.536936,36.987494],[-84.55724,36.991889],[-84.596344,36.993598],[-84.637074,37.004828],[-84.656484,37.004462],[-84.664662,36.99018],[-84.677235,36.985419],[-84.754709,36.966864],[-84.778147,36.954413],[-84.788197,36.952663],[-84.800649,36.954861],[-84.821197,36.964667],[-84.853017,36.972846],[-84.865224,36.974433],[-84.870717,36.969997],[-84.866811,36.94538],[-84.866322,36.933458],[-84.870717,36.925889],[-84.882314,36.926378],[-84.895375,36.935004],[-84.90807,36.945746],[-84.918528,36.952663],[-84.937367,36.956122],[-84.946401,36.951483],[-84.95344,36.942247],[-84.966379,36.932156],[-85.02538,36.93244],[-85.046783,36.926337],[-85.028391,36.904161],[-85.094146,36.875027],[-85.129628,36.869412],[-85.158762,36.891181],[-85.179189,36.880439],[-85.197987,36.877387],[-85.240631,36.876899],[-85.262929,36.870144],[-85.264638,36.860175],[-85.264638,36.850124],[-85.281606,36.8428],[-85.304555,36.843817],[-85.325347,36.84752],[-85.343251,36.843777],[-85.35733,36.822292],[-85.363596,36.778184],[-85.367991,36.77501],[-85.398305,36.76081],[-85.405141,36.767646],[-85.420522,36.759548],[-85.430043,36.749945],[-85.440907,36.742377],[-85.459788,36.740343],[-85.473541,36.744818],[-85.486684,36.752875],[-85.501943,36.759711],[-85.52184,36.76081],[-85.508778,36.744452],[-85.495595,36.731798],[-85.48941,36.719184],[-85.497629,36.702745],[-85.519643,36.69713],[-85.56664,36.710964],[-85.569651,36.699327],[-85.556223,36.687567],[-85.51061,36.666287],[-85.500722,36.654364],[-85.502187,36.631863],[-85.518137,36.543524],[-85.52184,36.534247],[-85.550526,36.515937],[-85.555328,36.511013],[-85.585561,36.501288],[-85.593861,36.497016],[-85.600575,36.486884],[-85.599192,36.479682],[-85.596018,36.471747],[-85.597564,36.459174],[-85.610097,36.444525],[-85.628489,36.434434],[-85.645009,36.422227],[-85.652211,36.40115],[-85.656972,36.399278],[-85.680776,36.398383],[-85.690053,36.394314],[-85.692779,36.386094],[-85.690175,36.365831],[-85.693105,36.356757],[-85.702504,36.350775],[-85.713735,36.350409],[-85.726633,36.351386],[-85.740956,36.349311],[-85.752268,36.343085],[-85.754994,36.33629],[-85.755849,36.329454],[-85.761383,36.322618],[-85.773061,36.318468],[-85.784006,36.318468],[-85.794016,36.317003],[-85.802968,36.308295],[-85.806304,36.296088],[-85.804311,36.274522],[-85.809193,36.267401],[-85.822825,36.265408],[-85.831939,36.274197],[-85.839955,36.286404],[-85.850209,36.294704],[-85.866322,36.296088],[-85.871449,36.289252],[-85.871246,36.274237],[-85.882558,36.259101],[-85.88801,36.259385],[-85.89859,36.267401],[-85.907867,36.278144],[-85.921213,36.299343],[-85.933339,36.308295],[-85.933461,36.292426],[-85.929067,36.276068],[-85.928578,36.262397],[-85.940175,36.25434],[-86.004058,36.269558],[-86.014638,36.270779],[-86.023427,36.299872],[-86.069569,36.269314],[-86.090972,36.281684],[-86.07665,36.313096],[-86.082021,36.334052],[-86.104644,36.34573],[-86.141916,36.349311],[-86.14859,36.351589],[-86.1551,36.355658],[-86.161855,36.357489],[-86.169545,36.353054],[-86.172271,36.346381],[-86.173411,36.338406],[-86.175852,36.331651],[-86.182851,36.328884],[-86.194936,36.33336],[-86.209584,36.355496],[-86.220693,36.363593],[-86.232493,36.327094],[-86.242909,36.309027],[-86.255483,36.30154],[-86.268178,36.311632],[-86.270904,36.329861],[-86.276845,36.339911],[-86.317738,36.314724],[-86.330515,36.31863],[-86.354156,36.345893],[-86.371449,36.353949],[-86.383656,36.345242],[-86.40567,36.308295],[-86.424631,36.316514],[-86.454498,36.325263],[-86.482289,36.326361],[-86.504384,36.297187],[-86.552642,36.303494],[-86.57018,36.294704],[-86.562571,36.281684],[-86.570709,36.26793],[-86.587066,36.255642],[-86.603668,36.246894],[-86.613393,36.254584],[-86.632314,36.275824],[-86.639068,36.281684],[-86.65217,36.284695],[-86.666615,36.283718],[-86.674875,36.277167],[-86.669504,36.263699],[-86.658193,36.246202],[-86.644928,36.21894],[-86.643219,36.197821],[-86.666371,36.199083],[-86.672353,36.206977],[-86.674713,36.218817],[-86.678131,36.229193],[-86.686879,36.232611],[-86.694,36.227362],[-86.693227,36.217353],[-86.686879,36.19538],[-86.695221,36.176622],[-86.715443,36.164984],[-86.740102,36.160956],[-86.761952,36.164984],[-86.797271,36.197699],[-86.820424,36.208116],[-86.830881,36.188544],[-86.839263,36.177761],[-86.858957,36.182725],[-86.881459,36.191474],[-86.898508,36.191677],[-86.903472,36.153022],[-86.913157,36.13703],[-86.936676,36.147569],[-86.944692,36.15644],[-86.949941,36.166083],[-86.95287,36.176785],[-86.955963,36.204413],[-86.962554,36.209662],[-86.987904,36.213406],[-87.013295,36.223171],[-87.211415,36.321357],[-87.229604,36.336046],[-87.317494,36.452338],[-87.305084,36.472357],[-87.316396,36.484931],[-87.339223,36.491482],[-87.361887,36.493272],[-87.373687,36.502753],[-87.380035,36.52029],[-87.390126,36.529608],[-87.413075,36.514431],[-87.426259,36.495469],[-87.436676,36.475165],[-87.449859,36.45893],[-87.471099,36.452338],[-87.497385,36.451117],[-87.520253,36.447455],[-87.564524,36.432481],[-87.6197,36.402289],[-87.63561,36.397732],[-87.660024,36.401923],[-87.675445,36.412909],[-87.700429,36.446153],[-87.714833,36.461453],[-87.731109,36.474473],[-87.750111,36.48371],[-87.772776,36.487128],[-87.814361,36.484239],[-87.827748,36.487657],[-87.844472,36.5008],[-87.865631,36.521308],[-87.884877,36.544379],[-87.897694,36.571112],[-87.89977,36.5963]],[[-88.208241,37.00788],[-88.2294,37.052802],[-88.198435,37.138495],[-88.211578,37.175482],[-88.234202,37.185329],[-88.264963,37.187812],[-88.348744,37.184882],[-88.358144,37.182929],[-88.365834,37.178534],[-88.366363,37.174099],[-88.362375,37.168484],[-88.35912,37.162177],[-88.362131,37.155219],[-88.386301,37.144395],[-88.393178,37.151882],[-88.420766,37.14171],[-88.433502,37.13642]]]}},{"type":"Feature","properties":{"name":"Sabine","name_en":"Sabine","scalerank":8,"min_zoom":7},"geometry":{"type":"MultiLineString","coordinates":[[[-93.567698,31.196112],[-93.585927,31.192003],[-93.589508,31.192084],[-93.5926,31.19245],[-93.594635,31.193305],[-93.597483,31.195176],[-93.600575,31.197862],[-93.603261,31.201483],[-93.605295,31.206732],[-93.609242,31.233344],[-93.610911,31.238593],[-93.616282,31.245917],[-93.619374,31.251085],[-93.621693,31.258083],[-93.623687,31.266181],[-93.625885,31.271755],[-93.62857,31.276557],[-93.631744,31.280585],[-93.64273,31.290717],[-93.668365,31.309272],[-93.672719,31.314032],[-93.676015,31.319932],[-93.677968,31.330634],[-93.67691,31.337592],[-93.674957,31.343533],[-93.670725,31.35224],[-93.667795,31.356269],[-93.655181,31.370185],[-93.65453,31.373562],[-93.656361,31.376288],[-93.670155,31.384304],[-93.685658,31.398627],[-93.695546,31.410224],[-93.698801,31.416815],[-93.70165,31.425401],[-93.704579,31.441514],[-93.707021,31.449815],[-93.710276,31.455837],[-93.714508,31.458767],[-93.71996,31.460883],[-93.731842,31.463568],[-93.736562,31.465847],[-93.740305,31.468573],[-93.743398,31.472927],[-93.745513,31.477403],[-93.74767,31.485419],[-93.746897,31.490261],[-93.743804,31.494208],[-93.733306,31.500067],[-93.732818,31.500515],[-93.731679,31.501532],[-93.729237,31.504462],[-93.726389,31.50963],[-93.726796,31.514919],[-93.72997,31.518988],[-93.734771,31.521796],[-93.74059,31.523993],[-93.764963,31.530341],[-93.770619,31.53266],[-93.775461,31.535427],[-93.784169,31.541612],[-93.810943,31.567084],[-93.820872,31.57864],[-93.827016,31.587755],[-93.829701,31.593777],[-93.832997,31.603339],[-93.833608,31.610907],[-93.832997,31.617784],[-93.829091,31.628201],[-93.824941,31.635443],[-93.823232,31.640815],[-93.822011,31.649237],[-93.820302,31.677191],[-93.818715,31.686387],[-93.813954,31.702257],[-93.813547,31.708035],[-93.814361,31.712999],[-93.817006,31.716824],[-93.819976,31.720079],[-93.823476,31.723212],[-93.826975,31.730902],[-93.830678,31.742743],[-93.837392,31.781277],[-93.840159,31.79031],[-93.865875,31.822699],[-93.873036,31.835517],[-93.877065,31.845242],[-93.881907,31.85456],[-93.890614,31.867865],[-93.904286,31.883124],[-93.923695,31.900458],[-93.932485,31.906684],[-93.965403,31.920925],[-93.969797,31.923407],[-93.974029,31.926378],[-93.97761,31.929999],[-93.997955,31.96247],[-94.002594,31.967231],[-94.015004,31.975531],[-94.021352,31.97838],[-94.035146,31.987128],[-94.067535,31.998318]]]}},{"type":"Feature","properties":{"name":"Sabine","name_en":"Sabine","scalerank":8,"min_zoom":7},"geometry":{"type":"MultiLineString","coordinates":[[[-96.342193,33.114936],[-96.324371,33.049018],[-96.31432,32.977729],[-96.304921,32.943915],[-96.28425,32.920762],[-96.253774,32.907497],[-96.192535,32.899848],[-96.172231,32.891303],[-96.133697,32.868516],[-96.110992,32.858751],[-96.0985,32.855902],[-96.08495,32.854804],[-96.069692,32.858832],[-96.050689,32.866319],[-96.03189,32.870673],[-96.016957,32.865058],[-95.993764,32.842475],[-95.980336,32.833523],[-95.965443,32.827501],[-95.903472,32.802802],[-95.870513,32.795925],[-95.749501,32.754747],[-95.711293,32.750067],[-95.6433,32.731309],[-95.625111,32.718695],[-95.589467,32.683865],[-95.57136,32.676703],[-95.554311,32.673407],[-95.543691,32.669989],[-95.536855,32.666124],[-95.517974,32.640448],[-95.51301,32.635118],[-95.471425,32.616238],[-95.427968,32.611884],[-95.384185,32.612331],[-95.341664,32.607774],[-95.234446,32.565619],[-95.208241,32.557237],[-95.18399,32.553168],[-95.184193,32.555487],[-95.179921,32.560126],[-95.174224,32.564805],[-95.170318,32.56684],[-95.164906,32.565701],[-95.153717,32.56155],[-95.149892,32.560614],[-95.112375,32.560614],[-95.093739,32.558051],[-95.033193,32.539496],[-95.027496,32.536892],[-95.018422,32.528347],[-95.012074,32.525906],[-95.008697,32.527167],[-95.004262,32.530382],[-94.998687,32.53323],[-94.992258,32.533311],[-94.982493,32.528347],[-94.965891,32.514472],[-94.961171,32.511583],[-94.951324,32.509467],[-94.929555,32.500027],[-94.920522,32.497911],[-94.91218,32.494249],[-94.905141,32.474311],[-94.896637,32.464423],[-94.876373,32.459744],[-94.803822,32.470649],[-94.79247,32.468207],[-94.787587,32.461615],[-94.786529,32.451972],[-94.786773,32.440212],[-94.780629,32.439724],[-94.745839,32.423448],[-94.738352,32.416042],[-94.715891,32.425076],[-94.698232,32.42182],[-94.68102,32.414089],[-94.606842,32.402899],[-94.587514,32.402371],[-94.578481,32.404161],[-94.562489,32.40998],[-94.553375,32.409776],[-94.544179,32.405056],[-94.531972,32.391466],[-94.52302,32.388699],[-94.502431,32.387763],[-94.489166,32.385118],[-94.46467,32.375027],[-94.405426,32.366889],[-94.395741,32.364529],[-94.354807,32.327257],[-94.313954,32.25906],[-94.288482,32.23074],[-94.259185,32.231635],[-94.243804,32.219184],[-94.210317,32.177843],[-94.203969,32.165839],[-94.203969,32.08393],[-94.186513,32.043402],[-94.145497,32.030951],[-94.097768,32.023546],[-94.067535,31.998318]],[[-93.566518,31.196357],[-93.548573,31.19245],[-93.543121,31.176093],[-93.54601,31.131456],[-93.548166,31.121649],[-93.557525,31.1081],[-93.559682,31.097032],[-93.53303,31.059841],[-93.51891,31.04914],[-93.514882,31.041938],[-93.518707,31.031846],[-93.526682,31.027208],[-93.553782,31.019965],[-93.5631,31.018826],[-93.577707,31.008328],[-93.569163,30.985622],[-93.553375,30.964057],[-93.54601,30.956814],[-93.538238,30.943793],[-93.539703,30.939317],[-93.54601,30.928819],[-93.561147,30.917263],[-93.570058,30.908759],[-93.573964,30.898464],[-93.572825,30.887315],[-93.567698,30.868354],[-93.566518,30.857123],[-93.566965,30.845242],[-93.568267,30.836371],[-93.573964,30.819607],[-93.610097,30.761786],[-93.618316,30.714057],[-93.627919,30.699774],[-93.662099,30.676215],[-93.670522,30.66059],[-93.685048,30.611029],[-93.686879,30.60045],[-93.706614,30.595649],[-93.721791,30.583116],[-93.730621,30.565538],[-93.731028,30.545844],[-93.728139,30.540839],[-93.71996,30.536322],[-93.717356,30.531602],[-93.71642,30.512234],[-93.717356,30.511094],[-93.705068,30.481228],[-93.703684,30.473253],[-93.706451,30.454698],[-93.714101,30.44123],[-93.738433,30.414903],[-93.752512,30.392605],[-93.755849,30.373318],[-93.752105,30.329291],[-93.744985,30.31391],[-93.729726,30.301703],[-93.71524,30.287177],[-93.71052,30.264716],[-93.713368,30.254706],[-93.72289,30.235053],[-93.724762,30.223741],[-93.722401,30.21369],[-93.712717,30.199083],[-93.71052,30.19241],[-93.708363,30.173896],[-93.704823,30.159532],[-93.704091,30.143663],[-93.71052,30.120673],[-93.723378,30.100938],[-93.725006,30.091742],[-93.717356,30.079698],[-93.776194,30.021755],[-93.796457,29.990343]]]}},{"type":"Feature","properties":{"name":"South Platte","name_en":"South Platte","scalerank":8,"min_zoom":7},"geometry":{"type":"MultiLineString","coordinates":[[[-106.026194,39.240017],[-105.98469,39.220404],[-105.965443,39.205756],[-105.950022,39.160671],[-105.932851,39.139472],[-105.912465,39.121527],[-105.895823,39.110216],[-105.724477,39.02086],[-105.546376,38.952582],[-105.510325,38.933621],[-105.477447,38.911648],[-105.438303,38.933661],[-105.404286,38.959581],[-105.376129,38.992458],[-105.354604,39.035102],[-105.322255,39.15766],[-105.299916,39.192816],[-105.214833,39.286078],[-105.179433,39.364691],[-105.172475,39.38703],[-105.169586,39.408515],[-105.166575,39.41352],[-105.145741,39.435492],[-105.135406,39.450629],[-105.136586,39.459296],[-105.141469,39.467231],[-105.142323,39.48017],[-105.140614,39.487738],[-105.139027,39.490343],[-105.135569,39.492987],[-105.128041,39.500678],[-105.122182,39.504421],[-105.1044,39.513373],[-105.100697,39.517768],[-105.09789,39.533474],[-105.090891,39.547146],[-105.055776,39.58869],[-105.048451,39.600043],[-105.042958,39.624457],[-105.030385,39.660915],[-105.025014,39.671942],[-105.03307,39.679999],[-105.039377,39.692328],[-105.043691,39.70661],[-105.046946,39.731147],[-105.048207,39.736436],[-105.04662,39.742051],[-105.039296,39.753933],[-104.962514,39.819648],[-104.95051,39.836453],[-104.940907,39.857856],[-104.936879,39.863796],[-104.930898,39.868923],[-104.914418,39.879991],[-104.905507,39.887641],[-104.864573,39.936062],[-104.861969,39.942694],[-104.86559,39.948065],[-104.868723,39.95421],[-104.864573,39.962999],[-104.843861,39.98546],[-104.840647,39.990668],[-104.829172,40.034613],[-104.826975,40.052436],[-104.828277,40.090522],[-104.826324,40.109198],[-104.819569,40.124457],[-104.828603,40.14704],[-104.832509,40.166205],[-104.833241,40.203315],[-104.839589,40.223415],[-104.865346,40.254218],[-104.867991,40.275255],[-104.860463,40.290798],[-104.847279,40.302517],[-104.831614,40.313341],[-104.816477,40.326483],[-104.807851,40.331895],[-104.786122,40.338813],[-104.766347,40.354071],[-104.730784,40.364691],[-104.672841,40.394477],[-104.642812,40.400336],[-104.630279,40.405951],[-104.619374,40.413886],[-104.614735,40.422675],[-104.608266,40.42947],[-104.593577,40.430365],[-104.566274,40.426093],[-104.543528,40.417914],[-104.50475,40.396348],[-104.458608,40.388495],[-104.435618,40.379747],[-104.395009,40.357245],[-104.36441,40.332465],[-104.34553,40.321072],[-104.323313,40.31623],[-104.213043,40.315212],[-104.193959,40.310492],[-104.182729,40.309394],[-104.168691,40.31155],[-104.143544,40.320909],[-104.108754,40.327257],[-104.045522,40.357245],[-103.998199,40.358995],[-103.95637,40.342841],[-103.873606,40.295722],[-103.831207,40.284125],[-103.782948,40.279731],[-103.733876,40.28144],[-103.68928,40.288357],[-103.64387,40.302191],[-103.52477,40.364691],[-103.515126,40.368109],[-103.492991,40.37287],[-103.483795,40.377712],[-103.478179,40.387641],[-103.476145,40.398871],[-103.471018,40.408026],[-103.437408,40.41828],[-103.387603,40.467068],[-103.378651,40.471462],[-103.360666,40.476996],[-103.353505,40.480089],[-103.315582,40.514838],[-103.308583,40.516221],[-103.301259,40.519965],[-103.286,40.532416],[-103.250396,40.569525],[-103.213002,40.595649],[-103.196401,40.611029],[-103.182851,40.644477],[-103.148671,40.670925],[-103.134389,40.686143],[-103.119252,40.730048],[-103.107086,40.747423],[-103.061431,40.758368],[-102.952016,40.813056],[-102.876332,40.845526],[-102.832753,40.857489],[-102.784291,40.857489],[-102.772694,40.860419],[-102.749989,40.869249],[-102.620473,40.899034],[-102.584381,40.916815],[-102.426829,40.949286],[-102.411244,40.957384],[-102.391998,40.964301],[-102.34024,40.955593],[-102.318756,40.954291],[-102.29776,40.961778],[-102.255116,40.983344],[-102.232818,40.98786],[-102.221547,40.994167],[-102.167958,41.036241],[-102.078359,41.074652],[-101.945546,41.091986],[-101.803334,41.10102],[-101.675608,41.127305],[-101.485504,41.137519],[-101.3131,41.13585],[-101.245473,41.137397],[-101.153798,41.154364],[-100.86974,41.159369],[-100.728017,41.132921],[-100.6787,41.134467],[-100.654693,41.132636],[-100.634877,41.122667],[-100.601715,41.090888],[-100.58137,41.076728],[-100.559804,41.070868],[-100.537587,41.067816],[-100.515981,41.059638],[-100.495839,41.047716],[-100.478179,41.033637],[-100.436635,41.011827],[-100.340199,41.004218],[-100.29601,40.995795]]]}},{"type":"Feature","properties":{"name":"Monongahela","name_en":"Monongahela","scalerank":8,"min_zoom":7},"geometry":{"type":"MultiLineString","coordinates":[[[-79.92337,39.809475],[-79.924672,39.850775],[-79.932118,39.894355],[-79.950551,39.93004],[-79.98469,39.95364],[-79.995758,39.955349],[-80.004872,39.954291],[-80.012359,39.954698],[-80.018788,39.961046],[-80.019683,39.971869],[-80.014719,39.983344],[-80.005198,39.998969],[-79.994618,40.007514],[-79.888417,40.032172],[-79.881663,40.0362],[-79.881581,40.046942],[-79.888743,40.072781],[-79.885365,40.077745],[-79.860463,40.082587],[-79.858388,40.094591],[-79.881663,40.126166],[-79.891835,40.137234],[-79.89566,40.144477],[-79.895334,40.15351],[-79.888499,40.163113],[-79.871449,40.173774],[-79.867991,40.183621],[-79.878245,40.199408],[-79.90217,40.205186],[-79.929514,40.207831],[-79.949941,40.214382],[-79.955556,40.219062],[-79.959706,40.22366],[-79.962514,40.228827],[-79.964182,40.235419],[-79.915273,40.256903],[-79.894399,40.272244],[-79.881663,40.290066],[-79.87914,40.302924],[-79.882558,40.324246],[-79.881663,40.337836],[-79.878082,40.345771],[-79.866689,40.357733],[-79.861806,40.36518],[-79.859202,40.384304],[-79.868642,40.399115],[-79.888295,40.409044],[-79.96996,40.419989],[-79.990793,40.429877],[-80.001047,40.437812],[-80.005198,40.440863]],[[-79.92337,39.809475],[-79.923207,39.810248],[-79.923207,39.803412],[-79.92337,39.809475]],[[-80.046376,38.54682],[-80.04186,38.606635],[-80.037709,38.615831],[-80.01183,38.660224],[-79.991607,38.684149],[-79.986562,38.693142],[-79.983144,38.702989],[-79.980702,38.725409],[-79.975738,38.738389],[-79.966949,38.748603],[-79.925933,38.775743],[-79.909047,38.791042],[-79.886871,38.819363],[-79.871938,38.85163],[-79.866933,38.885769],[-79.874827,38.919623],[-79.889801,38.934353],[-79.912831,38.94005],[-79.964467,38.94005],[-79.981109,38.947943],[-79.973744,38.966661],[-79.958079,38.989325],[-79.949941,39.008979],[-79.957021,39.02619],[-79.973256,39.038845],[-79.994252,39.046576],[-80.015736,39.049262],[-80.035512,39.054511],[-80.050852,39.067328],[-80.061513,39.083197],[-80.06725,39.097724],[-80.064361,39.135118],[-80.042877,39.170274],[-80.012929,39.200019],[-79.98469,39.221259],[-79.974477,39.225124],[-79.96581,39.226345],[-79.959706,39.23017],[-79.957387,39.241726],[-79.961049,39.250759],[-79.969879,39.256374],[-79.980051,39.260688],[-79.987782,39.265652],[-80.004058,39.280626],[-80.013743,39.286933],[-80.022206,39.289496],[-80.031606,39.29446],[-80.033437,39.306016],[-80.032338,39.319648],[-80.03307,39.33043],[-80.068105,39.38288],[-80.077463,39.392524],[-80.098622,39.397325],[-80.118479,39.4088],[-80.16161,39.443671],[-80.167592,39.446357],[-80.176503,39.44713],[-80.169301,39.459296],[-80.128651,39.501776],[-80.125844,39.505805],[-80.119781,39.517279],[-80.11498,39.522284],[-80.110585,39.52322],[-80.09911,39.52143],[-80.094553,39.522284],[-80.084462,39.531195],[-80.071604,39.550889],[-80.063547,39.560411],[-80.049469,39.569648],[-80.036366,39.572333],[-80.008901,39.570665],[-80.00475,39.574978],[-80.005279,39.584337],[-80.004058,39.593695],[-79.994618,39.597968],[-79.982655,39.600124],[-79.974355,39.605821],[-79.968577,39.614569],[-79.964182,39.625312],[-79.976552,39.651801],[-79.97997,39.662055],[-79.977854,39.673122],[-79.969594,39.68476],[-79.933176,39.718085],[-79.924062,39.73078],[-79.918691,39.745307],[-79.922271,39.757392],[-79.940012,39.762519],[-79.940175,39.768256],[-79.926178,39.797797],[-79.92337,39.809475]]]}},{"type":"Feature","properties":{"name":"Tombigbee","name_en":"Tombigbee","scalerank":8,"min_zoom":7},"geometry":{"type":"MultiLineString","coordinates":[[[-88.283193,34.705146],[-88.262807,34.660183],[-88.267201,34.622992],[-88.3037,34.540635],[-88.31664,34.49669],[-88.328603,34.479315],[-88.363515,34.466742],[-88.380849,34.453396],[-88.396555,34.437364],[-88.412506,34.414903],[-88.424916,34.392768],[-88.427235,34.382351],[-88.424957,34.370144],[-88.415639,34.349718],[-88.413564,34.338243],[-88.416412,34.316433],[-88.421783,34.296698],[-88.424916,34.276231],[-88.42101,34.252631],[-88.411122,34.235378],[-88.384836,34.202663],[-88.379384,34.187771],[-88.378326,34.179714],[-88.373647,34.164496],[-88.372629,34.153347],[-88.376332,34.140163],[-88.385365,34.129177],[-88.406728,34.108588],[-88.444325,34.06037],[-88.461537,34.061794],[-88.468129,34.060818],[-88.47411,34.0539],[-88.48054,34.037299],[-88.485219,34.030097],[-88.506012,34.009304],[-88.513417,34.005235],[-88.531606,34.001329],[-88.536448,33.999376],[-88.542877,33.983751],[-88.540924,33.968817],[-88.529612,33.937934],[-88.528066,33.921739],[-88.53067,33.912218],[-88.534495,33.904364],[-88.536448,33.89289],[-88.533559,33.883083],[-88.520009,33.869493],[-88.515981,33.861599],[-88.516225,33.852851],[-88.51891,33.846381],[-88.521962,33.841742],[-88.523427,33.838324],[-88.523061,33.82213],[-88.520741,33.816352],[-88.514638,33.81212],[-88.502919,33.800727],[-88.497141,33.796942],[-88.492584,33.796698],[-88.489695,33.794053],[-88.488637,33.783026],[-88.490224,33.773017],[-88.492787,33.766954],[-88.493276,33.761094],[-88.488637,33.751736],[-88.492299,33.739325],[-88.483306,33.71251],[-88.481801,33.697781],[-88.48762,33.685655],[-88.496693,33.673041],[-88.501861,33.659003],[-88.496083,33.643134],[-88.499582,33.631944],[-88.49177,33.621649],[-88.481028,33.610907],[-88.475657,33.598415],[-88.476064,33.521023],[-88.477366,33.517524],[-88.475901,33.51321],[-88.468129,33.505316],[-88.460846,33.501247],[-88.438385,33.493679],[-88.430572,33.492255],[-88.42398,33.482733],[-88.423492,33.461737],[-88.427235,33.430854],[-88.423166,33.42532],[-88.412099,33.420762],[-88.406728,33.416571],[-88.40217,33.408026],[-88.39509,33.387315],[-88.381337,33.367703],[-88.383534,33.362331],[-88.389556,33.358588],[-88.393056,33.352322],[-88.390533,33.339667],[-88.384185,33.336941],[-88.375356,33.33747],[-88.365793,33.334581],[-88.312896,33.305772],[-88.3037,33.303575],[-88.303538,33.265489],[-88.295806,33.252794],[-88.276357,33.238389],[-88.292307,33.227403],[-88.288075,33.215033],[-88.276235,33.205024],[-88.269521,33.201199],[-88.272084,33.184678],[-88.278554,33.167304],[-88.287424,33.152045],[-88.296864,33.142198],[-88.296864,33.136013],[-88.269643,33.140815],[-88.263336,33.129218],[-88.265248,33.110785],[-88.262766,33.095038],[-88.247914,33.086941],[-88.208852,33.085273],[-88.194447,33.080756],[-88.222401,33.043972],[-88.219838,33.031114],[-88.190745,33.02615],[-88.179189,33.015204],[-88.169057,32.991807],[-88.168772,32.97016],[-88.187001,32.964057],[-88.187001,32.957831],[-88.182037,32.953925],[-88.179067,32.949286],[-88.173329,32.936794],[-88.192454,32.935655],[-88.197865,32.925849],[-88.194569,32.9112],[-88.176381,32.874457],[-88.174794,32.868923],[-88.173329,32.837755],[-88.155873,32.827257],[-88.077545,32.805121],[-88.05724,32.786566],[-88.077056,32.787299],[-88.090077,32.782823],[-88.096913,32.771674],[-88.098256,32.752387],[-88.095204,32.744005],[-88.08967,32.736396],[-88.084869,32.728054],[-88.084584,32.717637],[-88.089915,32.71247],[-88.1079,32.707953],[-88.111887,32.703966],[-88.106191,32.689276],[-88.091705,32.690701],[-88.073638,32.696967],[-88.05724,32.697211],[-88.04719,32.684353],[-88.047353,32.666042],[-88.055043,32.649685],[-88.067209,32.642524],[-88.072092,32.636176],[-88.065989,32.622097],[-88.052073,32.607978],[-88.03307,32.601589],[-88.015696,32.604682],[-87.980946,32.618354],[-87.964467,32.621446],[-87.955434,32.626166],[-87.947621,32.635565],[-87.939605,32.642198],[-87.930043,32.638861],[-87.923329,32.633979],[-87.910268,32.629462],[-87.90331,32.624823],[-87.886138,32.61933],[-87.866119,32.621039],[-87.848459,32.618842],[-87.838206,32.601589],[-87.871653,32.602118],[-87.880605,32.596259],[-87.885325,32.580512],[-87.881459,32.571316],[-87.851796,32.525906],[-87.888417,32.529324],[-87.917836,32.512966],[-87.975331,32.464423],[-87.985097,32.460557],[-88.006988,32.455105],[-88.016265,32.450751],[-88.025502,32.442694],[-88.033193,32.42829],[-88.039906,32.419745],[-88.04776,32.398708],[-88.035064,32.380235],[-87.934478,32.321153],[-87.92634,32.310167],[-87.931142,32.29503],[-87.943918,32.297146],[-87.961578,32.304877],[-87.981557,32.306749],[-87.995351,32.299628],[-88.00357,32.287055],[-88.007721,32.269639],[-88.00886,32.248399],[-88.010976,32.239854],[-88.020375,32.224392],[-88.022532,32.213975],[-88.020253,32.204617],[-88.01065,32.188544],[-88.00886,32.176378],[-88.014719,32.16059],[-88.038319,32.139024],[-88.043609,32.12519],[-88.043813,32.111192],[-88.045888,32.096869],[-88.051747,32.083808],[-88.063466,32.07335],[-88.078725,32.06977],[-88.096995,32.068305],[-88.112294,32.063544],[-88.118723,32.049831],[-88.117747,32.032904],[-88.11441,32.018256],[-88.108144,32.004747],[-88.098256,31.991482],[-88.096547,31.996405],[-88.092275,32.005561],[-88.09142,32.011908],[-88.076812,32.004665],[-88.071034,31.991075],[-88.070912,31.957343],[-88.096913,31.964464],[-88.106353,31.950303],[-88.096303,31.932685],[-88.063466,31.929389],[-88.063466,31.922553],[-88.096588,31.913764],[-88.11913,31.899766],[-88.136138,31.880235],[-88.152903,31.854926],[-88.167836,31.824001],[-88.169057,31.796942],[-88.153635,31.774929],[-88.118723,31.758653],[-88.116689,31.760769],[-88.107004,31.762803],[-88.096425,31.761908],[-88.09142,31.75495],[-88.09142,31.663113],[-88.077138,31.607856],[-88.066274,31.595649],[-88.053578,31.589545],[-88.022532,31.579901],[-88.025299,31.576117],[-88.029937,31.56627],[-88.00414,31.562364],[-87.938222,31.531521],[-87.920115,31.5185],[-87.911936,31.496609],[-87.917226,31.451728],[-87.907053,31.436591],[-87.913035,31.425808],[-87.908355,31.414333],[-87.899566,31.401923],[-87.892812,31.388129],[-87.891428,31.367133],[-87.898346,31.355007],[-87.937001,31.327094],[-87.946401,31.324286],[-87.951894,31.319159],[-87.953603,31.302517],[-87.957102,31.287177],[-87.965932,31.278673],[-87.977406,31.272813],[-87.989003,31.265245],[-87.956654,31.256171],[-87.948069,31.251573],[-87.935862,31.237982],[-87.937164,31.230902],[-87.943959,31.225409],[-87.948069,31.216824],[-87.947418,31.179511],[-87.954986,31.170274],[-87.975331,31.155382],[-87.964426,31.156195],[-87.954701,31.155056],[-87.944569,31.149766]]]}},{"type":"Feature","properties":{"name":"Verde","name_en":"Verde","scalerank":8,"min_zoom":7},"geometry":{"type":"MultiLineString","coordinates":[[[-106.825266,26.527899],[-106.814198,26.509833],[-106.795725,26.502061],[-106.780141,26.497341],[-106.6162,26.399685],[-106.57315,26.386013],[-106.542104,26.36994],[-106.533599,26.343451],[-106.525746,26.329657],[-106.505442,26.302029],[-106.491282,26.279975],[-106.470611,26.260932],[-106.459625,26.242051],[-106.450103,26.212673],[-106.436676,26.184272],[-106.437327,26.163031],[-106.437734,26.14822],[-106.434234,26.133857],[-106.422841,26.119412],[-106.419342,26.097032],[-106.374989,26.050564],[-106.358713,26.002712]]]}},{"type":"Feature","properties":{"name":"Bavispe","name_en":"Bavispe","scalerank":8,"min_zoom":7},"geometry":{"type":"MultiLineString","coordinates":[[[-108.533315,29.654568],[-108.540151,29.668809],[-108.54308,29.671902],[-108.55016,29.675727],[-108.55309,29.679145],[-108.559071,29.691718],[-108.563466,29.704128],[-108.565541,29.717068],[-108.564809,29.731228],[-108.555287,29.772162],[-108.555043,29.78616],[-108.558095,29.801947],[-108.563832,29.818549],[-108.571889,29.834093],[-108.582021,29.846625],[-108.600209,29.860134],[-108.616933,29.869452],[-108.631256,29.881171],[-108.642568,29.901557],[-108.659779,29.940538],[-108.671986,29.958441],[-108.686879,29.971625],[-108.693674,29.974962],[-108.700063,29.976589],[-108.714833,29.97724],[-108.736073,29.982733],[-108.750396,29.996161],[-108.759511,30.014594],[-108.802805,30.168647],[-108.809478,30.182807],[-108.822499,30.192165],[-108.836822,30.206244],[-108.844879,30.209418],[-108.864573,30.210761],[-108.873891,30.212836],[-108.882721,30.216254],[-108.894602,30.224148],[-108.902333,30.234483],[-108.90274,30.247016],[-108.89269,30.261298],[-108.890736,30.27322],[-108.907094,30.280544],[-108.937367,30.285183],[-108.946848,30.288886],[-108.952463,30.293524],[-108.955068,30.300076],[-108.955393,30.309394],[-108.956899,30.318061],[-108.963979,30.334581],[-108.964101,30.343207],[-108.960805,30.349229],[-108.943674,30.365668],[-108.935129,30.380561],[-108.924794,30.413886],[-108.920237,30.44363],[-108.921539,30.454861],[-108.935048,30.492865],[-108.938059,30.49726],[-108.945546,30.503933],[-108.952382,30.508612],[-108.958363,30.513983],[-108.963368,30.522528],[-108.967112,30.534125],[-108.968984,30.546902],[-108.967519,30.559272],[-108.961293,30.56977],[-108.957021,30.606757],[-109.032541,30.678575],[-109.039784,30.709744],[-109.064443,30.727566],[-109.071156,30.733954],[-109.075429,30.741767],[-109.077748,30.757839],[-109.086781,30.776475],[-109.103098,30.797878],[-109.123158,30.818061],[-109.140045,30.827012],[-109.19811,30.833279],[-109.209788,30.831081]]]}},{"type":"Feature","properties":{"name":"Kankakee","name_en":"Kankakee","scalerank":8,"min_zoom":7},"geometry":{"type":"MultiLineString","coordinates":[[[-86.227528,41.434638],[-86.22289,41.41706],[-86.211741,41.404161],[-86.179107,41.37934],[-86.214833,41.367255],[-86.31371,41.352851],[-86.337392,41.331],[-86.334584,41.317939],[-86.325022,41.309027],[-86.314605,41.30268],[-86.309478,41.297431],[-86.311676,41.285102],[-86.319814,41.280829],[-86.330637,41.278998],[-86.340484,41.273546],[-86.360097,41.266547],[-86.690256,41.311469],[-86.717112,41.310899],[-86.738393,41.300564],[-86.756093,41.287543],[-86.777415,41.278673],[-86.870473,41.26435],[-86.894846,41.257392],[-86.905344,41.246202],[-86.914133,41.232204],[-86.935129,41.221544],[-86.960317,41.215644],[-86.981679,41.215522],[-86.999338,41.222724],[-87.037587,41.251776],[-87.05309,41.266425],[-87.071604,41.277615],[-87.095855,41.283515],[-87.121897,41.285224],[-87.145579,41.283759],[-87.165354,41.279405],[-87.190541,41.270331],[-87.212148,41.256781],[-87.221303,41.239366],[-87.353912,41.178534],[-87.369008,41.174506],[-87.6669,41.1671],[-87.68871,41.161892],[-87.730458,41.144232],[-87.745473,41.140408],[-87.779612,41.115912],[-87.803456,41.08515],[-87.82726,41.082587],[-87.844716,41.095242]]]}},{"type":"Feature","properties":{"name":"Assiniboine","name_en":"Assiniboine","scalerank":8,"min_zoom":7},"geometry":{"type":"MultiLineString","coordinates":[[[-103.228749,52.330186],[-103.189076,52.310329],[-103.094716,52.286689],[-103.051259,52.268134],[-103.027252,52.251166],[-102.973622,52.202989],[-102.927724,52.152045],[-102.863393,52.116523],[-102.85204,52.114814],[-102.843088,52.103542],[-102.735219,52.005683],[-102.720286,51.974066],[-102.700429,51.963446],[-102.556793,51.935329],[-102.512359,51.918769],[-102.475209,51.891954],[-102.454661,51.862901],[-102.445139,51.845526],[-102.44107,51.833319],[-102.433746,51.817003],[-102.415639,51.805243],[-102.330719,51.769599],[-102.308665,51.763739],[-102.279408,51.761583],[-102.262196,51.756415],[-102.232655,51.732978],[-102.207753,51.726874],[-102.115875,51.73371],[-102.093658,51.728054],[-102.06843,51.717475],[-102.043568,51.711615],[-102.022776,51.720038],[-102.020253,51.728339],[-102.019276,51.753526],[-102.01594,51.761583],[-102.003977,51.767279],[-101.992747,51.76557],[-101.984446,51.757636],[-101.975982,51.721503],[-101.940175,51.665391],[-101.93456,51.649359],[-101.927561,51.611396],[-101.926584,51.593451],[-101.920766,51.568956],[-101.906077,51.550482],[-101.793446,51.474148],[-101.765126,51.445624],[-101.717763,51.359402],[-101.687856,51.33039],[-101.649078,51.30976],[-101.552317,51.27143],[-101.531728,51.257025],[-101.519846,51.22724],[-101.505279,51.206244],[-101.502024,51.195868],[-101.495188,51.151475],[-101.481109,51.134833],[-101.423207,51.093451],[-101.414622,51.07628],[-101.410959,51.05329],[-101.410959,51.028998],[-101.413238,51.008124],[-101.418609,50.985785],[-101.427968,50.965888],[-101.44286,50.951524],[-101.464752,50.946072],[-101.484609,50.938666],[-101.486806,50.921332],[-101.478871,50.900946],[-101.468495,50.884589],[-101.460927,50.87641],[-101.446645,50.864569],[-101.440541,50.856635],[-101.435048,50.846706],[-101.433176,50.840359],[-101.438791,50.76142],[-101.433705,50.739936],[-101.411366,50.704779],[-101.409535,50.699001],[-101.404408,50.693183],[-101.406321,50.679999],[-101.413238,50.658026],[-101.409413,50.617377],[-101.399566,50.575507],[-101.391916,50.553819],[-101.381947,50.533311],[-101.370595,50.515245],[-101.33495,50.474311],[-101.326975,50.458035],[-101.323842,50.4383]],[[-101.310211,50.4383],[-101.271718,50.416775],[-101.238515,50.390815],[-101.211985,50.359646],[-101.193512,50.322292],[-101.185862,50.279853],[-101.17748,50.256659],[-101.163157,50.246527],[-101.14684,50.241563],[-101.0985,50.216376],[-101.083648,50.205593],[-101.072987,50.192735],[-101.064524,50.178046],[-101.05899,50.160956],[-101.056996,50.140692],[-101.05016,50.122341],[-101.033762,50.105536],[-101.013539,50.091864],[-100.995513,50.082709],[-100.973134,50.078396],[-100.933339,50.081],[-100.916086,50.072089],[-100.884023,50.040107],[-100.873402,50.023708],[-100.864573,50.000067],[-100.850901,49.938666],[-100.837799,49.922187],[-100.836171,49.90294],[-100.836781,49.881171],[-100.830434,49.856716],[-100.812896,49.843044],[-100.666005,49.800727],[-100.606597,49.790351],[-100.546213,49.787218],[-100.487782,49.794623],[-100.494618,49.794623],[-100.481068,49.804551],[-100.466705,49.847113],[-100.450266,49.856716],[-100.425649,49.857489],[-100.407379,49.860419],[-100.39094,49.866645],[-100.371693,49.877224],[-100.336293,49.890163],[-100.289662,49.896837],[-100.241282,49.897244],[-100.040354,49.853054],[-99.831939,49.845404],[-99.788889,49.828803],[-99.753529,49.787665],[-99.744496,49.781033],[-99.728424,49.778347],[-99.713246,49.77143],[-99.700754,49.762559],[-99.685536,49.745673],[-99.656361,49.701931],[-99.641754,49.691677],[-99.631256,49.690131],[-99.619985,49.686143],[-99.590932,49.669013],[-99.569488,49.663357],[-99.556142,49.657497],[-99.540151,49.663682],[-99.518219,49.656277],[-99.464589,49.619493],[-99.442779,49.6081],[-99.419301,49.599392],[-99.397857,49.596015],[-99.396108,49.598456],[-99.390981,49.603583],[-99.38268,49.608344],[-99.371205,49.609687],[-99.360707,49.607001],[-99.340321,49.598334],[-99.33019,49.596015],[-99.306142,49.602484],[-99.275014,49.636013],[-99.240102,49.652371],[-99.231557,49.671169],[-99.22761,49.689968],[-99.223459,49.698432],[-99.14151,49.698432],[-99.132192,49.700751],[-99.121449,49.704861],[-99.110422,49.70661],[-99.10025,49.70185],[-99.092885,49.694607],[-99.084462,49.688056],[-99.075551,49.685126],[-99.066396,49.688544],[-99.057973,49.693142],[-99.046986,49.696153],[-99.012034,49.699734],[-98.998158,49.702989],[-98.988393,49.707587],[-98.98762,49.712714],[-98.957997,49.711941],[-98.935862,49.703396],[-98.897572,49.678005],[-98.870676,49.696153],[-98.85554,49.702704],[-98.839915,49.705268],[-98.805776,49.705268],[-98.796498,49.708035],[-98.792958,49.714382],[-98.791615,49.721503],[-98.788971,49.726386],[-98.766998,49.737128],[-98.737294,49.747748],[-98.707631,49.754462],[-98.685902,49.75373]],[[-98.30191,49.944403],[-98.28303,49.942939],[-98.229482,49.928534],[-98.203033,49.924994],[-98.190663,49.925971],[-98.180247,49.928819],[-98.170725,49.934027],[-98.161122,49.941759],[-98.148997,49.94953],[-98.137522,49.951606],[-98.109975,49.952338],[-98.093577,49.957587],[-98.077992,49.967068],[-98.05191,49.989854],[-98.045766,49.999823],[-98.042063,50.010037],[-98.036366,50.01793],[-98.011138,50.023383],[-97.980214,50.041083],[-97.943349,50.050808],[-97.895741,50.055284],[-97.847401,50.05268],[-97.808258,50.041083],[-97.768056,50.015815],[-97.744496,50.004706],[-97.694,49.994249],[-97.678334,49.980536],[-97.664174,49.964667],[-97.643788,49.952338],[-97.624135,49.953559],[-97.616526,49.952338],[-97.611236,49.94831],[-97.606597,49.936387],[-97.602854,49.93122],[-97.592844,49.925238],[-97.555653,49.911322],[-97.561879,49.911322],[-97.535064,49.90058],[-97.489491,49.86994],[-97.46227,49.863593],[-97.349599,49.863593],[-97.320872,49.857001],[-97.302968,49.855333],[-97.294993,49.860175],[-97.288482,49.867458],[-97.273508,49.872829],[-97.243153,49.877224],[-97.135854,49.870144]],[[-98.30191,49.944403],[-98.301137,49.944892],[-98.308583,49.944892],[-98.30191,49.944403]],[[-97.135854,49.870144],[-97.109364,49.877224]],[[-97.135854,49.870144],[-97.129872,49.869737],[-97.137318,49.869737],[-97.135854,49.870144]],[[-98.612416,49.766954],[-98.496449,49.758246],[-98.443471,49.770575],[-98.445139,49.815131],[-98.437571,49.823676],[-98.435414,49.850898],[-98.428944,49.856716],[-98.414133,49.859931],[-98.381825,49.87405],[-98.366933,49.877224],[-98.362864,49.880439],[-98.36441,49.887885],[-98.369985,49.90115],[-98.366811,49.908311],[-98.359283,49.912421],[-98.343332,49.918158],[-98.30191,49.944403]],[[-98.612416,49.766954],[-98.610219,49.767361],[-98.617665,49.767361],[-98.612416,49.766954]],[[-98.685902,49.75373],[-98.612416,49.766954]],[[-98.685902,49.75373],[-98.685902,49.759874]]]}},{"type":"Feature","properties":{"name":"James","name_en":"James","scalerank":8,"min_zoom":7},"geometry":{"type":"MultiLineString","coordinates":[[[-99.782704,47.485704],[-99.785959,47.510037],[-99.797922,47.529608],[-99.810862,47.545111],[-99.819325,47.563422],[-99.824371,47.568305],[-99.828033,47.572821],[-99.826487,47.577908],[-99.823638,47.582343],[-99.822743,47.58747],[-99.822662,47.609687],[-99.823598,47.614814],[-99.826487,47.619167],[-99.827952,47.624457],[-99.82429,47.630561],[-99.819325,47.636908],[-99.816803,47.642686],[-99.820872,47.673122],[-99.822987,47.6883],[-99.823394,47.703192],[-99.820627,47.716742],[-99.8131,47.72838],[-99.797109,47.72838],[-99.743031,47.703803],[-99.720041,47.697333],[-99.630116,47.708686],[-99.590159,47.694037],[-99.459625,47.678778],[-99.435943,47.683865],[-99.425852,47.700751],[-99.418853,47.719184],[-99.401682,47.729682],[-99.330881,47.743028],[-99.305491,47.743191],[-99.281117,47.736925],[-99.257924,47.721503],[-99.25178,47.712958],[-99.242991,47.694607],[-99.237131,47.691189],[-99.223053,47.693183],[-99.197255,47.702175],[-99.185618,47.704169],[-99.174428,47.701768],[-99.156239,47.689236],[-99.144643,47.683702],[-99.131256,47.681708],[-99.086578,47.683702],[-99.07608,47.675971],[-99.04662,47.640082],[-99.034779,47.629096],[-98.985992,47.6164],[-98.962758,47.605089],[-98.95287,47.584662],[-98.939687,47.574327],[-98.856597,47.560818],[-98.786,47.532253],[-98.774729,47.523261],[-98.778798,47.507025],[-98.79719,47.468044],[-98.819936,47.341824],[-98.838735,47.301459],[-98.844065,47.273871],[-98.849029,47.264919],[-98.850453,47.259101],[-98.848297,47.254259],[-98.83845,47.250759],[-98.836781,47.245469],[-98.839833,47.235175],[-98.848541,47.220038],[-98.850453,47.207628],[-98.841786,47.196316],[-98.788971,47.163601],[-98.778554,47.148261],[-98.769643,47.128445],[-98.763336,47.1081],[-98.757069,47.069403],[-98.74706,47.051459],[-98.720082,47.018907],[-98.708485,47.000271],[-98.702301,46.981879],[-98.696767,46.909206],[-98.687571,46.895087],[-98.670725,46.887519],[-98.593251,46.874701],[-98.571401,46.864447],[-98.562408,46.84455],[-98.565541,46.835476],[-98.579213,46.820258],[-98.582265,46.810085],[-98.580637,46.795437],[-98.576243,46.786078],[-98.562408,46.765692],[-98.556508,46.743232],[-98.564361,46.732733],[-98.576243,46.724189],[-98.582265,46.707628],[-98.581532,46.671576],[-98.577748,46.650946],[-98.569244,46.629177],[-98.537587,46.577582],[-98.524566,46.563341],[-98.503245,46.554145],[-98.45523,46.546698],[-98.438873,46.532986],[-98.434234,46.511664],[-98.43342,46.489122],[-98.425893,46.4713],[-98.382558,46.458767],[-98.364125,46.445909],[-98.348134,46.430121],[-98.320912,46.3935],[-98.315419,46.382148],[-98.322825,46.374701],[-98.288686,46.327826],[-98.274281,46.327338],[-98.25829,46.329291],[-98.247141,46.327501],[-98.23998,46.306708],[-98.249664,46.28205],[-98.264963,46.257839],[-98.274403,46.238105],[-98.260121,46.237616],[-98.252187,46.233588],[-98.246938,46.228339],[-98.240875,46.223822],[-98.215077,46.21365],[-98.202463,46.211453],[-98.160308,46.209784],[-98.137847,46.204657],[-98.120351,46.19245],[-98.109975,46.169867],[-98.110097,46.15058],[-98.121571,46.103298],[-98.127309,46.09101],[-98.138254,46.078315],[-98.140614,46.07038],[-98.137278,46.04975],[-98.138051,46.035264],[-98.140492,46.027289],[-98.15095,46.011542],[-98.171376,45.972195],[-98.176503,45.952216],[-98.178212,45.92654],[-98.173573,45.903632],[-98.174143,45.893093],[-98.181956,45.888699],[-98.19579,45.886298],[-98.202789,45.880072],[-98.257395,45.789008],[-98.308583,45.724189],[-98.321848,45.698513],[-98.322987,45.686062],[-98.315419,45.676378],[-98.326487,45.650946],[-98.326161,45.62641],[-98.312856,45.607978],[-98.284983,45.600653],[-98.272206,45.595771],[-98.268951,45.584174],[-98.269399,45.57038],[-98.267568,45.559109],[-98.259918,45.549384],[-98.240956,45.530341],[-98.233469,45.518134],[-98.24649,45.512885],[-98.274403,45.49079],[-98.261383,45.472968],[-98.260365,45.462226],[-98.28185,45.436225],[-98.310618,45.384101],[-98.315419,45.371039],[-98.316884,45.364325],[-98.321034,45.358018],[-98.334462,45.345893],[-98.357818,45.327012],[-98.36384,45.320136],[-98.371002,45.303046],[-98.37857,45.264106],[-98.394765,45.233751],[-98.400868,45.200466],[-98.416005,45.171576],[-98.433909,45.107286],[-98.436879,45.08751],[-98.438873,45.079901],[-98.459381,45.049831],[-98.465159,45.030463],[-98.476389,45.015692],[-98.484242,45.001492],[-98.479848,44.98371],[-98.496409,44.943793],[-98.498769,44.919501],[-98.483551,44.908637],[-98.469838,44.910712],[-98.445668,44.920111],[-98.43578,44.922309],[-98.424713,44.919623],[-98.417592,44.91352],[-98.411733,44.90644],[-98.404775,44.90115],[-98.393056,44.898464],[-98.367665,44.897732],[-98.356353,44.894965],[-98.348541,44.88878],[-98.338694,44.871772],[-98.320302,44.849311],[-98.308949,44.827704],[-98.300038,44.804714],[-98.294911,44.785102],[-98.294423,44.77497],[-98.295969,44.754096],[-98.294911,44.744086],[-98.290435,44.735216],[-98.27717,44.719794],[-98.274403,44.71369],[-98.277659,44.692816],[-98.283518,44.674343],[-98.286733,44.655707],[-98.28185,44.634304],[-98.239735,44.575466],[-98.230051,44.565985],[-98.211741,44.560736],[-98.169179,44.534939],[-98.157704,44.52501],[-98.132802,44.483507],[-98.123687,44.457384],[-98.127309,44.439032],[-98.178212,44.394639],[-98.186025,44.38288],[-98.199941,44.346259],[-98.181752,44.307929],[-98.170969,44.2921],[-98.140126,44.259223],[-98.131663,44.243109],[-98.128651,44.22663],[-98.131093,44.209744],[-98.134633,44.203152],[-98.139638,44.196723],[-98.143666,44.1883],[-98.144683,44.175605],[-98.14269,44.166449],[-98.137807,44.154853],[-98.130238,44.145046],[-98.120188,44.140815],[-98.107249,44.133572],[-98.097646,44.116767],[-98.089955,44.098212],[-98.082631,44.085557],[-98.100168,44.04206],[-98.095855,44.007148],[-98.074778,43.977484],[-98.009999,43.927558],[-97.998036,43.914374],[-97.993235,43.897813],[-97.997385,43.87462],[-98.016021,43.833686],[-98.021148,43.811835],[-98.018463,43.787665],[-98.008697,43.769965],[-97.976796,43.740505],[-97.96939,43.731309],[-97.966217,43.722113],[-97.965932,43.699815],[-97.964019,43.686957],[-97.958648,43.68004],[-97.93928,43.668484],[-97.911285,43.641181],[-97.876617,43.630316],[-97.866933,43.624091],[-97.839345,43.599555],[-97.83019,43.594916],[-97.828114,43.584296],[-97.829416,43.565456],[-97.820058,43.54267],[-97.812815,43.529975],[-97.805165,43.524482],[-97.802968,43.518622],[-97.815094,43.483466],[-97.813588,43.460273],[-97.802073,43.435574],[-97.782582,43.415798],[-97.728831,43.400417],[-97.694569,43.367987],[-97.67516,43.360622],[-97.638295,43.353542],[-97.634267,43.335273],[-97.639394,43.310614],[-97.630198,43.284247],[-97.655832,43.252509],[-97.664906,43.235867],[-97.664906,43.215928],[-97.652821,43.201687],[-97.611684,43.176459],[-97.602854,43.165066],[-97.590891,43.153266],[-97.513499,43.140896],[-97.494293,43.117621],[-97.489858,43.113593],[-97.489329,43.111111],[-97.458852,43.096218],[-97.40982,43.057156],[-97.373769,43.045478],[-97.364125,43.030341],[-97.337066,42.925116],[-97.332509,42.914333],[-97.313385,42.91413],[-97.29304,42.910956],[-97.281239,42.901068],[-97.281239,42.886054]]]}},{"type":"Feature","properties":{"name":"Grand","name_en":"Grand","scalerank":8,"min_zoom":7},"geometry":{"type":"MultiLineString","coordinates":[[[-84.171742,42.229763],[-84.193023,42.223985],[-84.228424,42.205675],[-84.250885,42.201728],[-84.275217,42.205024],[-84.335601,42.229763],[-84.368764,42.23371],[-84.387074,42.236111],[-84.402903,42.241238],[-84.413971,42.250922],[-84.418202,42.267279],[-84.416982,42.289333],[-84.414052,42.299384],[-84.398997,42.320136],[-84.399485,42.328152],[-84.4051,42.335639],[-84.411366,42.346381],[-84.432362,42.403917],[-84.442372,42.417792],[-84.462392,42.426947],[-84.484486,42.422919],[-84.528066,42.407253],[-84.548695,42.409369],[-84.561187,42.421007],[-84.567372,42.440375],[-84.568959,42.465603],[-84.572377,42.47724],[-84.580515,42.485907],[-84.599721,42.499701],[-84.610707,42.50373],[-84.643463,42.507839],[-84.651519,42.510281],[-84.641347,42.534369],[-84.616078,42.576483],[-84.598948,42.616563],[-84.613108,42.634385],[-84.634877,42.640082],[-84.645863,42.654242],[-84.64566,42.672797],[-84.634145,42.691474],[-84.586903,42.729071],[-84.575795,42.742987],[-84.603749,42.756863],[-84.649566,42.766547],[-84.696278,42.768093],[-84.726674,42.75727],[-84.753163,42.76789],[-84.796295,42.79739],[-84.829091,42.80447],[-84.894358,42.807074],[-84.927846,42.813259],[-84.94579,42.826199],[-84.929311,42.838568],[-84.920155,42.853542],[-84.912709,42.869167],[-84.901357,42.883897],[-84.924957,42.907253],[-84.930165,42.925482],[-84.904775,42.942247],[-84.912017,42.94835],[-84.916371,42.956244],[-84.916493,42.965684],[-84.911,42.976386],[-84.94929,42.993598],[-84.993031,42.992865],[-85.083567,42.976386],[-85.130727,42.976386],[-85.142323,42.973334],[-85.165435,42.964138],[-85.197336,42.958604],[-85.23998,42.944281],[-85.405629,42.938341],[-85.45287,42.949083],[-85.511952,42.984809],[-85.525136,42.990058],[-85.533559,42.998399],[-85.553212,43.038194],[-85.562734,43.05154],[-85.595286,43.065253],[-85.62621,43.060858],[-85.652821,43.041571],[-85.672597,43.010565],[-85.672841,42.981147],[-85.712514,42.956122],[-85.76301,42.939399],[-85.795481,42.93476],[-85.801747,42.937283],[-85.807729,42.941596],[-85.819692,42.952216],[-85.8308,42.955919],[-85.857249,42.954413],[-85.867787,42.958686],[-85.874135,42.969265],[-85.87678,42.990587],[-85.881459,43.000027],[-85.893422,43.007392],[-85.918324,43.008734],[-85.947743,43.024034],[-86.014556,43.031033],[-86.081288,43.049384],[-86.107655,43.05154],[-86.145579,43.044623],[-86.157704,43.046942],[-86.163238,43.050157],[-86.16686,43.054145],[-86.172841,43.058946],[-86.193512,43.070136],[-86.215403,43.078192],[-86.238189,43.079901],[-86.261586,43.071967]]]}},{"type":"Feature","properties":{"name":"Salmon","name_en":"Salmon","scalerank":8,"min_zoom":7},"geometry":{"type":"MultiLineString","coordinates":[[[-114.854319,43.930365],[-114.822255,43.967312],[-114.826324,43.980536],[-114.837514,44.002387],[-114.837148,44.011542],[-114.832265,44.025702],[-114.83137,44.036485],[-114.833608,44.048855],[-114.842397,44.071723],[-114.84435,44.080878],[-114.845204,44.092475],[-114.847401,44.103217],[-114.852854,44.118191],[-114.872304,44.153144],[-114.875111,44.16238],[-114.876047,44.179755],[-114.878529,44.187323],[-114.886627,44.195014],[-114.908762,44.207709],[-114.913238,44.211208],[-114.909332,44.231553],[-114.898183,44.24726],[-114.880767,44.259345],[-114.858022,44.269232],[-114.83495,44.274929],[-114.720123,44.275946],[-114.710601,44.279812],[-114.701039,44.28087],[-114.676137,44.266913],[-114.666249,44.263007],[-114.654652,44.265001],[-114.635732,44.273871],[-114.625234,44.276679],[-114.614613,44.27497],[-114.585357,44.265326],[-114.57372,44.263007],[-114.481272,44.276679],[-114.37621,44.275214],[-114.326324,44.282742],[-114.288808,44.310248],[-114.284901,44.318061],[-114.275217,44.344997],[-114.251291,44.378282],[-114.247874,44.389024],[-114.244496,44.411444],[-114.235911,44.431016],[-114.213735,44.461046],[-114.18163,44.489569],[-114.166249,44.507148],[-114.159739,44.526882],[-114.163808,44.551785],[-114.17101,44.57099],[-114.174184,44.589423],[-114.165924,44.611884],[-114.114735,44.660264],[-114.093129,44.663682],[-114.079457,44.672553],[-114.059478,44.697537],[-114.045074,44.708808],[-114.014516,44.723253],[-114.001454,44.734809],[-113.9912,44.754665],[-113.991363,44.770575],[-114.001454,44.797471],[-114.000966,44.820665],[-113.990875,44.833075],[-113.979156,44.844021],[-113.973541,44.862982],[-113.967356,44.93769],[-113.956207,44.969916],[-113.915842,45.053494],[-113.918935,45.077989],[-113.902943,45.101589],[-113.899526,45.110541],[-113.898427,45.122667],[-113.901357,45.164252],[-113.898427,45.180447],[-113.874664,45.225531],[-113.871165,45.239081],[-113.873036,45.244696],[-113.890736,45.272813],[-113.879791,45.309597],[-113.898305,45.343817],[-113.976674,45.410712],[-113.987294,45.415391],[-113.999989,45.416815],[-114.01061,45.413398],[-114.027699,45.399482],[-114.037831,45.396348],[-114.193756,45.414903],[-114.221099,45.411892],[-114.242991,45.399726],[-114.258616,45.386827],[-114.315297,45.355333],[-114.354156,45.342108],[-114.543772,45.311591],[-114.572662,45.31037],[-114.592681,45.317491],[-114.627512,45.341742],[-114.657867,45.375841],[-114.677073,45.391872],[-114.693918,45.402411],[-114.713287,45.408149],[-114.785634,45.410834],[-114.80602,45.414822],[-114.829213,45.423651],[-114.942942,45.499823],[-114.986236,45.519232],[-115.066518,45.534369],[-115.119008,45.558173],[-115.139516,45.564276],[-115.169911,45.582872],[-115.182607,45.588162],[-115.207753,45.584255],[-115.241363,45.5539],[-115.262359,45.546576],[-115.286855,45.54206],[-115.302887,45.530544],[-115.333404,45.499376],[-115.392568,45.468573],[-115.429189,45.457058],[-115.447621,45.439276],[-115.463124,45.418769],[-115.478098,45.403144],[-115.50178,45.39411],[-115.526357,45.395087],[-115.604237,45.407497],[-115.621083,45.418036],[-115.635854,45.431423],[-115.656158,45.444159],[-115.744944,45.454454],[-115.759267,45.461493],[-115.772939,45.470404],[-115.878651,45.471706],[-115.908681,45.468126],[-115.923085,45.464626],[-115.967397,45.446601],[-116.081695,45.414984],[-116.097279,45.420233],[-116.104075,45.430609],[-116.119618,45.433417],[-116.148183,45.431098],[-116.155263,45.427802],[-116.165028,45.413275],[-116.168935,45.40998],[-116.212799,45.40998],[-116.227854,45.414903],[-116.25768,45.428331],[-116.289947,45.434149],[-116.295318,45.442165],[-116.298695,45.452989],[-116.30842,45.464626],[-116.297963,45.477607],[-116.297719,45.508246],[-116.28893,45.529853],[-116.290435,45.53852],[-116.293284,45.547919],[-116.294749,45.557156],[-116.292551,45.565253],[-116.282786,45.576443],[-116.280507,45.585028],[-116.269846,45.602362],[-116.267445,45.609239],[-116.267974,45.620551],[-116.271718,45.625556],[-116.276519,45.62934],[-116.280507,45.636542],[-116.283762,45.659206],[-116.287953,45.670111],[-116.29247,45.678534],[-116.30842,45.698025],[-116.30012,45.716864],[-116.301015,45.736518],[-116.30842,45.776557],[-116.304351,45.796169],[-116.285797,45.835028],[-116.280507,45.855658],[-116.293284,45.894599],[-116.329457,45.914008],[-116.372222,45.92654],[-116.405141,45.945014],[-116.43224,45.977322],[-116.45051,45.988552],[-116.477122,45.992784],[-116.487945,45.990343],[-116.500315,45.986029],[-116.51301,45.984198],[-116.524892,45.989447],[-116.538157,45.999457],[-116.576487,46.019558],[-116.583811,46.027533],[-116.590484,46.037543],[-116.598744,46.0456],[-116.610585,46.047431],[-116.621571,46.040107],[-116.621816,46.028388],[-116.619049,46.017524],[-116.621449,46.012722],[-116.642893,46.010688],[-116.668202,46.004665],[-116.692983,45.994249],[-116.713002,45.979193],[-116.720082,45.962022],[-116.720204,45.920478],[-116.723866,45.907172],[-116.739247,45.883857],[-116.747711,45.876085],[-116.757151,45.871446],[-116.778961,45.8664]]]}},{"type":"Feature","properties":{"name":"New","name_en":"New","scalerank":8,"min_zoom":7},"geometry":{"type":"MultiLineString","coordinates":[[[-81.497548,36.315741],[-81.462229,36.332465],[-81.452789,36.339301],[-81.449452,36.34394],[-81.445627,36.354031],[-81.442128,36.359076],[-81.430287,36.368679],[-81.419016,36.375312],[-81.409576,36.383612],[-81.40331,36.398017],[-81.40217,36.407742],[-81.402008,36.414984],[-81.400014,36.421576],[-81.393137,36.429145],[-81.388051,36.43244],[-81.377594,36.436143],[-81.357615,36.446479],[-81.352895,36.451443],[-81.329091,36.498481],[-81.325022,36.51911],[-81.337717,36.528022],[-81.343251,36.532335],[-81.347971,36.541693],[-81.347524,36.551093],[-81.337717,36.555365],[-81.331776,36.556667],[-81.323883,36.560248],[-81.317047,36.565619],[-81.306467,36.589057],[-81.287953,36.597927],[-81.265492,36.601508],[-81.245839,36.602566],[-81.219716,36.599066],[-81.20759,36.588324],[-81.199208,36.57449],[-81.184397,36.561591],[-81.165354,36.557644],[-81.153391,36.565701],[-81.140533,36.576972],[-81.118886,36.582709],[-81.098215,36.58336],[-81.091461,36.586371],[-81.084462,36.592882],[-81.076243,36.598171],[-81.058095,36.601182],[-81.050038,36.606269],[-81.047027,36.61872],[-81.052805,36.632514],[-81.056264,36.647976],[-81.04662,36.665229],[-81.028879,36.675564],[-81.012359,36.674262],[-80.996083,36.664862],[-80.978912,36.650946],[-80.974355,36.659776],[-80.972035,36.673855],[-80.975575,36.686835],[-80.988596,36.692572],[-80.99356,36.697618],[-80.982004,36.708197],[-80.965932,36.716742],[-80.957875,36.716132],[-80.957183,36.737372],[-80.95523,36.748358],[-80.950999,36.76081],[-80.944325,36.771064],[-80.925038,36.789659],[-80.916249,36.801785],[-80.935292,36.813747],[-80.941518,36.819892],[-80.944203,36.829128],[-80.94164,36.841091],[-80.934193,36.849799],[-80.924062,36.855251],[-80.913157,36.857001],[-80.888824,36.873806],[-80.879018,36.876899],[-80.864003,36.879584],[-80.858876,36.886298],[-80.856109,36.895128],[-80.848012,36.904161],[-80.842641,36.904405],[-80.832753,36.897284],[-80.828114,36.898017],[-80.820668,36.911648],[-80.816355,36.917507],[-80.811147,36.926622],[-80.804677,36.935167],[-80.796742,36.938992],[-80.755483,36.938992],[-80.743153,36.942572],[-80.738189,36.951524],[-80.735951,36.962755],[-80.731923,36.97309],[-80.722564,36.984727],[-80.683461,37.011013],[-80.680287,37.017401],[-80.666249,37.034491],[-80.660268,37.057888],[-80.653472,37.059353],[-80.644765,37.05622],[-80.636342,37.054999],[-80.624908,37.058539],[-80.618886,37.061713],[-80.608388,37.069281],[-80.584218,37.080919],[-80.577382,37.086371],[-80.57665,37.093777],[-80.585032,37.117296],[-80.58727,37.127021],[-80.583974,37.136664],[-80.575673,37.138129],[-80.564605,37.136664],[-80.553131,37.137559],[-80.53246,37.14529],[-80.530873,37.148464],[-80.53893,37.153022],[-80.546946,37.164862],[-80.549143,37.177517],[-80.546986,37.188747],[-80.537831,37.196804],[-80.519032,37.199652],[-80.519032,37.206488],[-80.535268,37.204047],[-80.571116,37.192898],[-80.583852,37.196234],[-80.597971,37.212022],[-80.604075,37.224311],[-80.611399,37.280829],[-80.617096,37.298407],[-80.627838,37.311347],[-80.645904,37.316352],[-80.659291,37.317694],[-80.673207,37.322333],[-80.681386,37.330756],[-80.677317,37.343695],[-80.690297,37.349148],[-80.696848,37.356391],[-80.703765,37.362169],[-80.718251,37.363552],[-80.718251,37.361599],[-80.720204,37.357042],[-80.724599,37.352403],[-80.731923,37.34988],[-80.741444,37.35045],[-80.754058,37.355984],[-80.762318,37.357286],[-80.777903,37.355577],[-80.787017,37.353054],[-80.794057,37.35338],[-80.803293,37.360419],[-80.82079,37.389838],[-80.83137,37.397976],[-80.841176,37.384589],[-80.853871,37.393337],[-80.852406,37.399441],[-80.845367,37.405788],[-80.841176,37.415066],[-80.843129,37.421251],[-80.852162,37.426785],[-80.854807,37.431749],[-80.854237,37.439236],[-80.849233,37.45071],[-80.848012,37.45661],[-80.851959,37.469346],[-80.859771,37.476589],[-80.865102,37.484809],[-80.861643,37.500678],[-80.852651,37.507839],[-80.841176,37.509467],[-80.833119,37.513536],[-80.83434,37.528022],[-80.841135,37.534003],[-80.868886,37.546698],[-80.89509,37.553331],[-80.891957,37.563056],[-80.875315,37.579535],[-80.881418,37.59748],[-80.892242,37.617377],[-80.896392,37.637966],[-80.882721,37.658311],[-80.889068,37.669989],[-80.885081,37.683539],[-80.877919,37.69835],[-80.875315,37.713568],[-80.879872,37.723212],[-80.890126,37.736274],[-80.903188,37.748155],[-80.916249,37.754503],[-80.916249,37.761339],[-80.899526,37.779242],[-80.920766,37.804633],[-80.957834,37.827257],[-80.988596,37.837104],[-81.019399,37.840277],[-81.066477,37.854356],[-81.09496,37.857611],[-81.083852,37.870958],[-81.048248,37.901068],[-81.039784,37.912177],[-81.044342,37.92475],[-81.071848,37.956814],[-81.08137,37.97366],[-81.069976,37.974473],[-81.059153,37.973944],[-81.04898,37.971544],[-81.039784,37.966864],[-81.029368,37.974677],[-81.023752,37.984646],[-81.019887,38.001003],[-81.026194,38.016221],[-81.028066,38.036689],[-81.033437,38.054714],[-81.066884,38.068305],[-81.078359,38.082302],[-81.09496,38.110867],[-81.101633,38.116156],[-81.113149,38.120185],[-81.150258,38.139838],[-81.159901,38.148383]]]}},{"type":"Feature","properties":{"name":"Marais des Cygnes","name_en":"Marais des Cygnes","scalerank":8,"min_zoom":7},"geometry":{"type":"MultiLineString","coordinates":[[[-96.177724,38.762519],[-96.083363,38.648993],[-96.036855,38.600857],[-96.017812,38.586005],[-95.965443,38.556464],[-95.955312,38.545518],[-95.933258,38.515001],[-95.917063,38.501817],[-95.895823,38.495307],[-95.733957,38.511908],[-95.711293,38.518988],[-95.689605,38.522284],[-95.670033,38.514919],[-95.627756,38.526964],[-95.584096,38.531195],[-95.545725,38.539333],[-95.519154,38.5633],[-95.516103,38.574042],[-95.515777,38.583279],[-95.513783,38.59101],[-95.505523,38.597439],[-95.49649,38.59809],[-95.461497,38.590033],[-95.440256,38.593777],[-95.41686,38.600653],[-95.394399,38.604071],[-95.375803,38.597439],[-95.358957,38.607001],[-95.351226,38.609687],[-95.341664,38.61168],[-95.335683,38.611029],[-95.327016,38.605048],[-95.321156,38.604275],[-95.316151,38.606879],[-95.311106,38.611518],[-95.307688,38.615994],[-95.307525,38.617947],[-95.218129,38.61168],[-95.198598,38.607001],[-95.183502,38.600043],[-95.156728,38.583808],[-95.150787,38.579169],[-95.147206,38.574815],[-95.141591,38.571357],[-95.129384,38.569525],[-95.119985,38.571316],[-95.110341,38.575385],[-95.099965,38.578396],[-95.08845,38.576972],[-95.074778,38.549018],[-95.0655,38.537177],[-95.059397,38.532091],[-94.973134,38.516059],[-94.950592,38.508083],[-94.919342,38.490505],[-94.904042,38.485867],[-94.882395,38.487576],[-94.848012,38.501329],[-94.83373,38.499783],[-94.820912,38.481391],[-94.855702,38.460883],[-94.842275,38.453966],[-94.823842,38.448269],[-94.807444,38.440985],[-94.800404,38.429511],[-94.800282,38.407416],[-94.796498,38.399115],[-94.786773,38.385118],[-94.799428,38.386013],[-94.811879,38.385077],[-94.823598,38.382392],[-94.833974,38.377712],[-94.833974,38.371527],[-94.7919,38.361436],[-94.778676,38.351833],[-94.786773,38.330512],[-94.753326,38.321234],[-94.725901,38.290473],[-94.686879,38.230292],[-94.679799,38.226915],[-94.670766,38.226101],[-94.652699,38.226874],[-94.642323,38.225043],[-94.635162,38.220893],[-94.629221,38.216335],[-94.622304,38.213202],[-94.603139,38.212755],[-94.57433,38.223904],[-94.557118,38.226874],[-94.540395,38.225206],[-94.526112,38.220486],[-94.513499,38.213202],[-94.501861,38.20364],[-94.485422,38.19477],[-94.449086,38.192165],[-94.429921,38.185899],[-94.313832,38.117011],[-94.306386,38.111843],[-94.288075,38.101182],[-94.27066,38.088243],[-94.259185,38.076036],[-94.257151,38.0692],[-94.254791,38.050238],[-94.25178,38.042548],[-94.244496,38.033067]]]}},{"type":"Feature","properties":{"name":"Des Moines","name_en":"Des Moines","scalerank":8,"min_zoom":7},"geometry":{"type":"MultiLineString","coordinates":[[[-95.951812,44.175605],[-95.934193,44.177069],[-95.896108,44.209011],[-95.879221,44.217108],[-95.85554,44.2178],[-95.846669,44.220649],[-95.838531,44.227078],[-95.830434,44.229356],[-95.821523,44.223822],[-95.8072,44.209744],[-95.75593,44.180528],[-95.725901,44.165351],[-95.703928,44.146796],[-95.697743,44.125922],[-95.696929,44.104804],[-95.69107,44.085557],[-95.678212,44.073432],[-95.642812,44.054714],[-95.56078,43.990587],[-95.50886,43.937201],[-95.495595,43.929145],[-95.474965,43.92475],[-95.460113,43.913926],[-95.437245,43.887519],[-95.422434,43.876573],[-95.401438,43.865302],[-95.378733,43.856391],[-95.358754,43.852851],[-95.334137,43.857489],[-95.315541,43.86872],[-95.29894,43.882392],[-95.240305,43.918524],[-95.216868,43.928534],[-95.20108,43.925401],[-95.15925,43.874376],[-95.143056,43.860297],[-95.132965,43.855577],[-95.121775,43.852851],[-95.110911,43.8487],[-95.102122,43.839789],[-95.097646,43.827989],[-95.098134,43.818183],[-95.100575,43.807807],[-95.102122,43.794786],[-95.096547,43.771267],[-95.083241,43.753363],[-95.06725,43.736599],[-95.0537,43.716254],[-95.050649,43.685858],[-95.047475,43.674669],[-94.984934,43.581855],[-94.971099,43.565456],[-94.874013,43.477322],[-94.868723,43.456163],[-94.855702,43.439154],[-94.846913,43.431464],[-94.837636,43.42829],[-94.833648,43.424099],[-94.840932,43.402899],[-94.84142,43.39411],[-94.833567,43.385077],[-94.813547,43.376654],[-94.803822,43.370185],[-94.79662,43.360663],[-94.794749,43.352647],[-94.794667,43.34394],[-94.786692,43.301703],[-94.78307,43.294786],[-94.75886,43.263739],[-94.754303,43.247829],[-94.749908,43.211127],[-94.745839,43.195502],[-94.73766,43.182807],[-94.717152,43.159613],[-94.711659,43.147081],[-94.711659,43.127875],[-94.714467,43.111762],[-94.714101,43.096503],[-94.704213,43.079413],[-94.671864,43.054755],[-94.553375,43.010565],[-94.546213,42.983344],[-94.541086,42.956],[-94.531077,42.932074],[-94.516184,42.921739],[-94.495717,42.919257],[-94.472646,42.912218],[-94.453114,42.901231],[-94.443512,42.88703],[-94.447255,42.865302],[-94.458079,42.849189],[-94.462636,42.832302],[-94.447255,42.808173],[-94.429596,42.796454],[-94.29308,42.761908],[-94.276235,42.753526],[-94.260569,42.740017],[-94.249867,42.732611],[-94.232004,42.725653],[-94.231679,42.716661],[-94.233876,42.705268],[-94.231842,42.694607],[-94.225535,42.688666],[-94.209625,42.680243],[-94.203969,42.67475],[-94.200185,42.665107],[-94.203114,42.660997],[-94.208119,42.656073],[-94.210805,42.643988],[-94.214101,42.634467],[-94.228586,42.619452],[-94.232818,42.60696],[-94.234975,42.604804],[-94.237131,42.60163],[-94.238108,42.595893],[-94.235992,42.592312],[-94.231353,42.589301],[-94.226715,42.586982],[-94.224436,42.585395],[-94.222808,42.565985],[-94.224436,42.565497],[-94.212392,42.552273],[-94.210805,42.551215],[-94.204091,42.542996],[-94.196034,42.535671],[-94.193593,42.527533],[-94.203969,42.517117],[-94.168813,42.476996],[-94.162953,42.472724],[-94.153391,42.45836],[-94.131337,42.450263],[-94.107045,42.44477],[-94.090688,42.4383],[-94.077016,42.402615],[-94.039052,42.358344],[-94.024403,42.345323],[-94.008778,42.339667],[-93.991689,42.346381],[-93.95816,42.322821],[-93.949778,42.308295],[-93.957509,42.29796],[-93.966624,42.288398],[-93.976552,42.28087],[-93.985504,42.271552],[-93.991689,42.256415],[-93.991933,42.242051],[-93.988149,42.228095],[-93.978017,42.201728],[-93.975697,42.148708],[-93.969472,42.128607],[-93.950673,42.13349],[-93.938629,42.120958],[-93.937327,42.10871],[-93.943227,42.081977],[-93.945709,42.078925],[-93.950999,42.076483],[-93.955922,42.072577],[-93.957509,42.065253],[-93.954701,42.058783],[-93.949534,42.057563],[-93.943023,42.05683],[-93.936431,42.051581],[-93.902008,42.002224],[-93.895131,41.976264],[-93.909088,41.95539],[-93.902455,41.950507],[-93.885894,41.943712],[-93.878733,41.938015],[-93.874135,41.928575],[-93.868153,41.893337],[-93.851064,41.855658],[-93.838287,41.836859],[-93.823801,41.821601],[-93.734039,41.76789],[-93.698232,41.736151],[-93.690012,41.694648],[-93.676381,41.662624],[-93.666575,41.646796],[-93.639027,41.632432],[-93.607493,41.585395],[-93.590159,41.573839],[-93.569732,41.567572],[-93.512034,41.562812],[-93.502349,41.558783],[-93.493031,41.552802],[-93.483998,41.5456],[-93.450429,41.517157],[-93.409047,41.501532],[-93.264801,41.482367],[-93.209584,41.458197],[-93.193186,41.454454],[-93.17748,41.449042],[-93.147532,41.422878],[-93.128285,41.41352],[-93.084869,41.406195],[-93.072499,41.396796],[-93.08731,41.37934],[-93.072092,41.373725],[-93.011586,41.37934],[-92.990712,41.374091],[-92.970367,41.366523],[-92.952016,41.356635],[-92.937123,41.344591],[-92.922841,41.338406],[-92.921051,41.334337],[-92.921457,41.328681],[-92.920644,41.322821],[-92.915395,41.317939],[-92.905873,41.316677],[-92.883656,41.319688],[-92.87442,41.317939],[-92.865102,41.309434],[-92.864125,41.301378],[-92.864898,41.293158],[-92.860748,41.283759],[-92.852447,41.27619],[-92.843007,41.270779],[-92.737457,41.232774],[-92.704701,41.211371],[-92.662506,41.164496],[-92.647817,41.152533],[-92.613759,41.132921],[-92.554107,41.10753],[-92.538645,41.098212],[-92.506581,41.07807],[-92.439565,41.016466],[-92.402089,40.995795],[-92.391957,40.995225],[-92.385854,40.998399],[-92.379262,41.000271],[-92.367299,40.995795],[-92.343739,40.965033],[-92.335072,40.961371],[-92.324615,40.96015],[-92.315785,40.958075],[-92.312082,40.951728],[-92.306467,40.946234],[-92.271108,40.926866],[-92.234934,40.91824],[-92.223948,40.913845],[-92.216217,40.907416],[-92.199859,40.889594],[-92.192616,40.885932],[-92.17748,40.880398],[-92.127756,40.844916],[-92.062815,40.814765],[-91.997629,40.802354],[-91.973866,40.793565],[-91.963246,40.783515],[-91.968088,40.773871],[-91.991526,40.757676],[-91.998036,40.748725],[-91.996083,40.735175],[-91.988515,40.725409],[-91.980133,40.721381],[-91.976308,40.725165],[-91.964101,40.72545],[-91.911855,40.754584],[-91.901845,40.762397],[-91.897043,40.758653],[-91.886464,40.741889],[-91.880727,40.735053],[-91.843821,40.715277],[-91.824086,40.711453],[-91.799794,40.702216],[-91.777821,40.690782],[-91.764638,40.680487],[-91.723053,40.608751],[-91.718861,40.603583],[-91.700551,40.594062],[-91.69636,40.587958],[-91.69579,40.574978],[-91.693674,40.565375],[-91.68932,40.557807],[-91.682118,40.550727],[-91.672597,40.545966],[-91.651112,40.541815],[-91.627512,40.529608],[-91.625478,40.525743],[-91.620961,40.511746],[-91.616933,40.505723],[-91.612416,40.502997],[-91.607289,40.502061],[-91.596425,40.502305],[-91.590321,40.500434],[-91.587554,40.495876],[-91.585805,40.490261],[-91.582753,40.485297],[-91.574045,40.479804],[-91.553944,40.472968],[-91.545522,40.468207],[-91.539377,40.461371],[-91.536244,40.454413],[-91.536122,40.447537],[-91.538686,40.440863],[-91.530019,40.431179],[-91.493723,40.403022],[-91.481435,40.396267],[-91.452504,40.387559],[-91.441884,40.379462]]]}},{"type":"Feature","properties":{"name":"John Day","name_en":"John Day","scalerank":8,"min_zoom":7},"geometry":{"type":"MultiLineString","coordinates":[[[-120.093251,44.770575],[-120.133127,44.746527],[-120.14623,44.742133],[-120.159413,44.739936],[-120.172475,44.74018],[-120.18517,44.742865],[-120.20934,44.753933],[-120.221344,44.757758],[-120.235748,44.757351],[-120.280995,44.742255],[-120.302317,44.73904],[-120.328928,44.744818],[-120.347646,44.753201],[-120.367421,44.765937],[-120.381581,44.782579],[-120.383616,44.802924],[-120.370676,44.836534],[-120.372711,44.850694],[-120.389516,44.864366],[-120.406809,44.86933],[-120.426503,44.872016],[-120.444651,44.877794],[-120.457183,44.891954],[-120.45873,44.902655],[-120.453928,44.923529],[-120.454091,44.934272],[-120.457753,44.942165],[-120.469106,44.95421],[-120.474029,44.961127],[-120.478098,44.979519],[-120.470123,45.016384],[-120.468373,45.034939],[-120.471588,45.047878],[-120.489654,45.081732],[-120.490549,45.094794],[-120.484486,45.101386],[-120.46231,45.10989],[-120.458323,45.129991],[-120.45226,45.148505],[-120.449045,45.166612],[-120.45344,45.186103],[-120.466908,45.201606],[-120.503285,45.216661],[-120.519439,45.227607],[-120.528879,45.245551],[-120.527821,45.26378],[-120.517568,45.301825],[-120.517161,45.321967],[-120.523834,45.38227],[-120.519276,45.416327],[-120.502919,45.449286],[-120.47761,45.475287],[-120.44579,45.488349],[-120.428049,45.487738],[-120.409983,45.484646],[-120.392649,45.484687],[-120.377105,45.493598],[-120.369781,45.509711],[-120.367747,45.511746],[-120.361806,45.515896],[-120.35969,45.518744],[-120.35969,45.544786],[-120.374338,45.573676],[-120.395619,45.599921],[-120.415639,45.618272],[-120.565175,45.701931],[-120.598988,45.727322]],[[-118.532094,44.262478],[-118.532704,44.283881],[-118.539418,44.303087],[-118.550038,44.319932],[-118.562245,44.334418],[-118.568715,44.352118],[-118.568349,44.400458],[-118.573069,44.420111],[-118.604807,44.447211],[-118.650746,44.460517],[-118.700429,44.462185],[-118.792104,44.442898],[-119.169545,44.431505],[-119.236806,44.449408],[-119.396637,44.461859],[-119.448883,44.473009],[-119.486155,44.492499],[-119.536529,44.500352],[-119.590199,44.518134],[-119.603912,44.52558],[-119.614369,44.538113],[-119.626536,44.564236],[-119.630605,44.578233],[-119.631663,44.592068],[-119.62682,44.613593],[-119.625722,44.62405],[-119.628529,44.636054],[-119.632151,44.64643],[-119.639394,44.697577],[-119.639272,44.707343],[-119.63329,44.735622],[-119.632232,44.747504],[-119.636098,44.757839],[-119.67512,44.803778],[-119.692047,44.816474],[-119.713775,44.823798],[-119.735178,44.82746],[-119.744537,44.830634],[-119.754709,44.836046],[-119.774159,44.849636],[-119.78425,44.853583],[-119.796946,44.853705],[-119.808909,44.850165],[-119.831614,44.839545],[-119.843739,44.836534],[-119.856353,44.836982],[-119.880116,44.841335],[-119.892812,44.840888],[-119.957997,44.822455],[-120.009836,44.822577],[-120.022776,44.82038],[-120.036122,44.815863],[-120.097483,44.768378]]]}},{"type":"Feature","properties":{"name":"Namekagon","name_en":"Namekagon","scalerank":8,"min_zoom":7},"geometry":{"type":"MultiLineString","coordinates":[[[-91.14094,46.223822],[-91.169911,46.239122],[-91.186757,46.245185],[-91.199574,46.241807],[-91.254221,46.204617],[-91.273305,46.202338],[-91.307485,46.192572],[-91.322499,46.190294],[-91.336049,46.183905],[-91.360707,46.155788],[-91.370595,46.149359],[-91.385894,46.136094],[-91.45873,46.041205],[-91.461822,46.036078],[-91.464955,46.018337],[-91.469838,46.015326],[-91.47643,46.014838],[-91.483551,46.011542],[-91.538808,45.970567],[-91.587229,45.991807],[-91.629547,45.989447],[-91.756174,45.932318],[-91.76476,45.929633],[-91.783599,45.917792],[-91.788645,45.915961],[-91.838368,45.915717],[-91.858957,45.921454],[-91.880767,45.936469],[-91.938791,45.996853],[-91.952748,46.005398],[-91.975942,46.008246],[-91.996653,46.015896],[-92.085927,46.075954],[-92.103627,46.09101],[-92.125071,46.101915],[-92.151967,46.103339],[-92.178049,46.099636]]]}},{"type":"Feature","properties":{"name":"St. Croix","name_en":"St. Croix","scalerank":8,"min_zoom":6.5},"geometry":{"type":"MultiLineString","coordinates":[[[-92.663116,45.426256],[-92.667836,45.445339],[-92.682118,45.461127],[-92.700266,45.474677],[-92.717519,45.49079],[-92.725087,45.505439],[-92.739695,45.543809],[-92.750966,45.559109],[-92.789622,45.569648],[-92.839833,45.568712],[-92.88329,45.575995],[-92.901845,45.611192],[-92.895009,45.686957],[-92.891265,45.703721],[-92.882069,45.715847],[-92.795481,45.775214],[-92.767812,45.804999],[-92.772084,45.834052],[-92.731923,45.888129],[-92.704213,45.91295],[-92.67276,45.923407],[-92.654612,45.926825],[-92.600819,45.950751],[-92.574941,45.953721],[-92.56664,45.956895],[-92.561757,45.961249],[-92.55012,45.975043],[-92.54894,45.978054],[-92.545115,45.98017],[-92.539296,45.984931],[-92.531606,45.989569],[-92.521962,45.991726],[-92.480702,45.991726],[-92.465728,45.99726],[-92.443512,46.023627],[-92.428822,46.03266],[-92.411041,46.031846],[-92.385894,46.028022],[-92.363433,46.027208],[-92.353749,46.035753],[-92.349233,46.049425],[-92.338124,46.062852],[-92.324452,46.07392],[-92.312164,46.08043],[-92.178049,46.099636],[-92.15095,46.123887],[-92.141021,46.135037],[-92.12678,46.174994],[-92.118764,46.186835],[-92.106028,46.196601],[-92.043446,46.229804],[-92.011383,46.24494],[-91.928944,46.271023],[-91.836008,46.26496],[-91.812896,46.263454],[-91.794789,46.258409],[-91.759755,46.244452],[-91.742258,46.240831],[-91.724436,46.242703],[-91.688547,46.255439],[-91.670155,46.260281],[-91.613922,46.270819],[-91.578765,46.282416],[-91.546457,46.297309],[-91.470041,46.339789]],[[-92.663116,45.426256],[-92.662221,45.429999],[-92.662221,45.422553],[-92.663116,45.426256]],[[-92.819895,44.757758],[-92.778676,44.820136],[-92.772084,44.847195],[-92.772572,44.859239],[-92.77892,44.891547],[-92.775706,44.902289],[-92.761627,44.919257],[-92.758412,44.925645],[-92.762847,44.968533],[-92.772084,45.011013],[-92.79601,45.055772],[-92.802561,45.077908],[-92.788889,45.087348],[-92.768422,45.092637],[-92.755483,45.106513],[-92.749827,45.126247],[-92.750966,45.14879],[-92.768422,45.182318],[-92.772939,45.187445],[-92.771067,45.199246],[-92.764638,45.22016],[-92.763499,45.264594],[-92.759429,45.28323],[-92.750966,45.299628],[-92.737213,45.311835],[-92.721547,45.321234],[-92.708608,45.332628],[-92.703196,45.350857],[-92.696401,45.373969],[-92.667551,45.408271],[-92.663116,45.426256]]]}},{"type":"Feature","properties":{"name":"Black","name_en":"Black","scalerank":8,"min_zoom":7},"geometry":{"type":"MultiLineString","coordinates":[[[-91.332387,35.643988],[-91.349355,35.655544],[-91.360097,35.672675],[-91.365834,35.691677],[-91.367502,35.708767],[-91.363637,35.712429],[-91.345448,35.726345],[-91.339508,35.732367],[-91.340321,35.740424],[-91.343577,35.752305],[-91.342152,35.763048],[-91.319244,35.770819],[-91.306549,35.778388],[-91.295725,35.788194],[-91.291127,35.797797],[-91.28661,35.799343],[-91.265126,35.809841],[-91.257639,35.814887],[-91.256418,35.819119],[-91.259755,35.829657],[-91.257639,35.836005],[-91.239735,35.853624],[-91.232981,35.85871],[-91.225738,35.861884],[-91.216664,35.863308],[-91.225209,35.878689],[-91.230295,35.883816],[-91.216054,35.898546],[-91.209706,35.915473],[-91.213612,35.931912],[-91.230295,35.945258],[-91.193593,35.977484],[-91.184926,36.002875],[-91.17516,36.005194],[-91.161936,36.004014],[-91.147776,36.006659],[-91.13683,36.012152],[-91.128245,36.0185],[-91.122467,36.028388],[-91.120473,36.044542],[-91.122914,36.055732],[-91.127309,36.068427],[-91.129058,36.081244],[-91.123891,36.092597],[-91.086293,36.130805],[-91.079945,36.134467],[-91.07551,36.134385],[-91.072865,36.136746],[-91.072011,36.147569],[-91.069895,36.153388],[-91.055287,36.174872],[-91.042633,36.184353],[-91.017079,36.196112],[-91.004384,36.205919],[-90.99942,36.215928],[-90.996002,36.228624],[-90.989858,36.240261],[-90.97643,36.246894],[-90.983876,36.246894],[-90.968332,36.256415],[-90.951039,36.259589],[-90.932607,36.258409],[-90.913726,36.25495],[-90.877187,36.249579],[-90.860666,36.251736],[-90.846099,36.259955],[-90.839426,36.270372],[-90.833485,36.284247],[-90.826039,36.296332],[-90.814768,36.30154],[-90.746938,36.289822],[-90.733957,36.28913],[-90.723215,36.294704],[-90.721018,36.302924],[-90.72411,36.326931],[-90.723215,36.33629],[-90.70873,36.349555],[-90.668121,36.352118],[-90.643219,36.363796],[-90.607086,36.369737],[-90.595326,36.373887],[-90.586497,36.37877],[-90.571767,36.390937],[-90.549713,36.414496],[-90.535268,36.422187],[-90.494211,36.42829],[-90.492055,36.435899],[-90.495758,36.445014],[-90.497222,36.452338],[-90.491851,36.464179],[-90.487782,36.469184],[-90.426259,36.510321],[-90.391347,36.520697],[-90.367177,36.535671],[-90.352366,36.553656],[-90.360097,36.569037],[-90.351226,36.586371],[-90.339426,36.602362],[-90.315094,36.627387],[-90.307485,36.64171],[-90.305287,36.661811],[-90.307973,36.68183],[-90.315094,36.695909],[-90.322825,36.701443],[-90.340077,36.708564],[-90.346425,36.712429],[-90.349436,36.717393],[-90.356435,36.73432],[-90.360097,36.740343],[-90.385854,36.762803],[-90.389475,36.777615],[-90.373158,36.794989],[-90.38679,36.806098],[-90.428375,36.829128],[-90.442454,36.842231],[-90.448557,36.854682],[-90.456288,36.883734],[-90.465647,36.897244],[-90.530832,36.938992],[-90.533681,36.944444],[-90.535064,36.951239],[-90.538726,36.957058],[-90.581125,36.964911],[-90.615712,36.980048],[-90.643178,37.002875],[-90.654286,37.03144],[-90.661733,37.04206],[-90.712636,37.073065],[-90.723622,37.08629],[-90.739817,37.112006],[-90.750559,37.123969],[-90.782704,37.148993],[-90.793528,37.16474],[-90.797678,37.189073],[-90.795806,37.19538],[-90.787262,37.20661],[-90.784657,37.213324],[-90.785064,37.218573],[-90.790395,37.221991],[-90.791493,37.227607],[-90.791493,37.26789],[-90.785227,37.315741],[-90.789622,37.339667],[-90.821034,37.356269],[-90.829457,37.372138],[-90.839263,37.411933],[-90.848297,37.435818],[-90.861195,37.45185],[-90.931386,37.512966],[-90.9381,37.526475],[-90.942942,37.549099],[-90.943674,37.570502],[-90.945953,37.579128],[-90.952545,37.582587],[-90.956166,37.587958],[-90.978586,37.610419],[-91.010406,37.636054],[-91.017405,37.644639],[-91.017568,37.655544],[-91.013499,37.665147],[-91.013254,37.674913],[-91.02481,37.686306]]]}},{"type":"Feature","properties":{"name":"Scioto","name_en":"Scioto","scalerank":8,"min_zoom":7},"geometry":{"type":"MultiLineString","coordinates":[[[-83.925404,40.619005],[-83.920481,40.599392],[-83.903391,40.584052],[-83.882476,40.574164],[-83.866444,40.570624],[-83.84435,40.561225],[-83.83373,40.561143],[-83.829213,40.574286],[-83.827545,40.583523],[-83.810943,40.631374],[-83.799631,40.651801],[-83.792958,40.65998],[-83.769399,40.676785],[-83.740834,40.682807],[-83.707834,40.679145],[-83.632395,40.653022],[-83.610585,40.648546],[-83.585927,40.646918],[-83.571767,40.643581],[-83.549916,40.628607],[-83.541249,40.62519],[-83.437489,40.611436],[-83.414418,40.602607],[-83.404652,40.587958],[-83.395497,40.570136],[-83.373199,40.565863],[-83.322133,40.570624],[-83.270253,40.568142],[-83.228912,40.556586],[-83.20165,40.529853],[-83.191762,40.481879],[-83.187082,40.394151],[-83.178944,40.352322],[-83.16511,40.310492],[-83.146596,40.280544],[-83.143381,40.269599],[-83.145416,40.259345],[-83.150136,40.247585],[-83.152415,40.23546],[-83.139719,40.209906],[-83.118886,40.104071],[-83.090484,40.020087],[-83.068918,39.988389],[-83.054555,39.97838],[-83.010976,39.957587],[-82.996246,39.95364],[-82.989003,39.942572],[-82.993967,39.918484],[-83.013987,39.864447],[-83.013092,39.847439],[-83.009145,39.829698],[-83.005727,39.795762],[-83.001047,39.780788],[-82.99885,39.767646],[-82.993723,39.758165],[-82.992543,39.751899],[-82.9947,39.748603],[-83.004384,39.74372],[-83.006825,39.742011],[-83.002431,39.698432],[-82.967519,39.622992],[-82.972035,39.584337],[-82.998891,39.54206],[-83.002431,39.521796],[-82.98941,39.498358],[-82.9829,39.480658],[-82.988922,39.462755],[-82.997914,39.444648],[-82.999989,39.426093],[-82.995961,39.421576],[-82.982777,39.41767],[-82.979482,39.412421],[-82.980214,39.407538],[-82.98233,39.401923],[-82.984771,39.398301],[-82.986318,39.399359],[-82.986318,39.360907],[-82.978831,39.349921],[-82.943349,39.329372],[-82.931711,39.31623],[-82.927195,39.282986],[-82.918813,39.264268],[-82.90099,39.255968],[-82.852773,39.214179],[-82.842356,39.200751],[-82.842519,39.184394],[-82.851226,39.169989],[-82.866322,39.157335],[-82.885854,39.146308],[-82.972035,39.111396],[-83.006825,39.090888],[-83.031077,39.082709],[-83.042795,39.076443],[-83.04776,39.066352],[-83.043284,39.022569],[-83.027943,38.961453],[-83.024403,38.952745],[-83.020416,38.946845],[-83.026275,38.933458],[-83.025624,38.91946],[-83.020863,38.905341],[-82.999989,38.867743],[-82.999989,38.836982],[-83.000966,38.829698],[-83.003,38.822455],[-83.002594,38.814887],[-82.99177,38.800727],[-82.988352,38.792589],[-82.98644,38.783718],[-82.986318,38.77558],[-82.992096,38.764228],[-83.00182,38.751776],[-83.007151,38.739325],[-83.002675,38.722195]]]}},{"type":"Feature","properties":{"name":"Suwannee","name_en":"Suwannee","scalerank":8,"min_zoom":7},"geometry":{"type":"MultiLineString","coordinates":[[[-82.720774,31.163398],[-82.667877,31.120388],[-82.643625,31.098334],[-82.631012,31.090522],[-82.617543,31.08393],[-82.60261,31.078803],[-82.572377,31.072089],[-82.537953,31.064317],[-82.509633,31.0539],[-82.49706,31.03852],[-82.488515,31.012641],[-82.476918,30.988837],[-82.443918,30.93244],[-82.430491,30.903347],[-82.417958,30.860622],[-82.419016,30.839138],[-82.464019,30.77497],[-82.520823,30.717149],[-82.526763,30.714301],[-82.541331,30.71247],[-82.547475,30.709744],[-82.551747,30.703925],[-82.559438,30.686957],[-82.564849,30.679307],[-82.592844,30.652411],[-82.610422,30.639512],[-82.626332,30.633979],[-82.639516,30.632025],[-82.654124,30.627021],[-82.667633,30.620632],[-82.677846,30.614122],[-82.704172,30.586046],[-82.718495,30.55268],[-82.717641,30.51911],[-82.698313,30.490587],[-82.705149,30.476996],[-82.689809,30.471137],[-82.671783,30.457709],[-82.656809,30.441026],[-82.650502,30.425482],[-82.652699,30.407904],[-82.659169,30.391913],[-82.66983,30.37641],[-82.700673,30.345404],[-82.716542,30.334744],[-82.735422,30.328233],[-82.760365,30.326117],[-82.770334,30.327908],[-82.781565,30.332221],[-82.790761,30.337714],[-82.794545,30.343207],[-82.799875,30.346706],[-82.83552,30.346625],[-82.856109,30.356269],[-82.890248,30.38227],[-82.934397,30.3935],[-82.970815,30.420681],[-82.992543,30.428534],[-83.003855,30.42829],[-83.022939,30.423285],[-83.033518,30.42239],[-83.044749,30.424669],[-83.068349,30.433946],[-83.078481,30.435981],[-83.121205,30.432807],[-83.141428,30.428534],[-83.157623,30.42239],[-83.170033,30.407904],[-83.208852,30.346625],[-83.246409,30.264716],[-83.251088,30.250596],[-83.251291,30.245307],[-83.248036,30.234402],[-83.245839,30.21247],[-83.246409,30.178412],[-83.237904,30.132107],[-83.232411,30.124335],[-83.200103,30.100775],[-83.1881,30.099718],[-83.176991,30.104071],[-83.161366,30.107042],[-83.139801,30.104275],[-83.081899,30.079698],[-83.020253,30.039618],[-82.959055,29.989691],[-82.945383,29.962999],[-82.940785,29.959825],[-82.935618,29.95836],[-82.929921,29.955634],[-82.924224,29.948798],[-82.9204,29.935492],[-82.916819,29.909695],[-82.910553,29.907782],[-82.883901,29.876003],[-82.881215,29.857937],[-82.897572,29.833319],[-82.904449,29.82864],[-82.917836,29.82449],[-82.924224,29.819648],[-82.929921,29.810492],[-82.927846,29.806342],[-82.92394,29.803494],[-82.924224,29.797919],[-82.931223,29.787665],[-82.945546,29.772569],[-82.951568,29.764431],[-82.940541,29.75255],[-82.939524,29.740587],[-82.945383,29.712917],[-82.947336,29.709662],[-82.95641,29.700751],[-82.959055,29.695502],[-82.95816,29.688585],[-82.951772,29.676825],[-82.951568,29.668809],[-82.964019,29.638495],[-82.96581,29.623847],[-82.964833,29.616075],[-82.961578,29.608344],[-82.956166,29.602362],[-82.948476,29.599921],[-82.944,29.597032],[-82.945627,29.590766],[-82.949452,29.584662],[-82.951568,29.582587],[-82.955515,29.572048],[-82.973785,29.548407],[-82.979482,29.538438],[-82.977122,29.538031],[-82.973297,29.534044],[-82.971669,29.52794],[-82.975738,29.521104],[-82.980092,29.516913],[-82.983388,29.51199],[-82.985504,29.506537],[-82.98766,29.492255],[-82.9912,29.48371],[-83.01773,29.441474],[-83.019643,29.430528],[-83.014272,29.421169],[-83.078481,29.342637],[-83.095815,29.331407],[-83.138092,29.31684],[-83.157623,29.305121]]]}},{"type":"Feature","properties":{"name":"Broad","name_en":"Broad","scalerank":8,"min_zoom":7},"geometry":{"type":"MultiLineString","coordinates":[[[-82.383046,35.25255],[-82.370473,35.264106],[-82.35969,35.269355],[-82.321034,35.274278],[-82.310943,35.278103],[-82.26651,35.309516],[-82.253855,35.321723],[-82.242787,35.335964],[-82.236806,35.341132],[-82.227203,35.344794],[-82.215647,35.346544],[-82.075063,35.33161],[-82.058665,35.321153],[-82.030263,35.291042],[-82.008656,35.274766],[-81.960317,35.250678],[-81.9287,35.226426],[-81.918772,35.221625],[-81.893544,35.213487],[-81.86734,35.209174],[-81.84081,35.208564],[-81.769765,35.217637],[-81.724436,35.218695],[-81.681142,35.212714],[-81.642649,35.197943],[-81.613637,35.173041],[-81.546986,35.075019],[-81.482167,35.023505],[-81.473053,35.003526],[-81.47643,34.983507],[-81.483551,34.963894],[-81.485585,34.944688],[-81.481597,34.938503],[-81.468088,34.927802],[-81.465077,34.920762],[-81.465932,34.902452],[-81.465077,34.896918],[-81.450795,34.855292],[-81.454091,34.840847],[-81.468332,34.820258],[-81.472524,34.808132],[-81.470286,34.801337],[-81.450795,34.773383],[-81.456654,34.765204],[-81.474924,34.746405],[-81.478749,34.739814],[-81.475738,34.727729],[-81.468373,34.721625],[-81.458485,34.716824],[-81.447743,34.708523],[-81.444,34.699042],[-81.444936,34.676703],[-81.441233,34.667263],[-81.417307,34.636827],[-81.415761,34.62755],[-81.417307,34.464911],[-81.407541,34.424628],[-81.325185,34.260362],[-81.310862,34.242703],[-81.2954,34.230658],[-81.203725,34.185655],[-81.168324,34.161444],[-81.135569,34.133002],[-81.108225,34.101833],[-81.084828,34.054145],[-81.079335,34.037136],[-81.056467,34.004462]]]}},{"type":"Feature","properties":{"name":"Cowpasture","name_en":"Cowpasture","scalerank":8,"min_zoom":7},"geometry":{"type":"MultiLineString","coordinates":[[[-79.382314,38.395575],[-79.40095,38.35932],[-79.509185,38.242255],[-79.551015,38.211615],[-79.571034,38.188015],[-79.6044,38.124457],[-79.614858,38.110867],[-79.631459,38.103542],[-79.638987,38.097602],[-79.642161,38.086941],[-79.632192,38.032538],[-79.635121,38.014431],[-79.637807,38.011013],[-79.649078,38.00373],[-79.656117,38.00019]]]}},{"type":"Feature","properties":{"name":"Cowpasture","name_en":"Cowpasture","scalerank":8,"min_zoom":7},"geometry":{"type":"MultiLineString","coordinates":[[[-79.656117,38.00019],[-79.681142,37.987006],[-79.722157,37.949083],[-79.733998,37.935004],[-79.740102,37.91706],[-79.738352,37.89171],[-79.73412,37.884467],[-79.720204,37.870307],[-79.717275,37.861029],[-79.724721,37.805732],[-79.729644,37.800564],[-79.755116,37.793158],[-79.765614,37.788682],[-79.773671,37.780951],[-79.773915,37.780707],[-79.799184,37.747748],[-79.802724,37.74494],[-79.812327,37.740749],[-79.817209,37.737169],[-79.820709,37.729275],[-79.816558,37.723212],[-79.810048,37.717393],[-79.80663,37.71015],[-79.80134,37.70185],[-79.791127,37.689968],[-79.784332,37.676052],[-79.793935,37.65119],[-79.788564,37.642442],[-79.77245,37.631049],[-79.769683,37.6258],[-79.769928,37.615505],[-79.765614,37.610541],[-79.761301,37.611029],[-79.738352,37.617377],[-79.738393,37.606757],[-79.735463,37.58572],[-79.729644,37.565131],[-79.720937,37.555935],[-79.71349,37.552761],[-79.697662,37.538642],[-79.686838,37.535468],[-79.663726,37.53502],[-79.651926,37.536689],[-79.642323,37.541571],[-79.638539,37.547634],[-79.638417,37.560248],[-79.636383,37.56505],[-79.624989,37.573798],[-79.614898,37.577745],[-79.588694,37.582587],[-79.568837,37.590033],[-79.531646,37.610175],[-79.51179,37.617377],[-79.471791,37.624091],[-79.435129,37.623074],[-79.40095,37.612372],[-79.368398,37.590033],[-79.332183,37.536892],[-79.323435,37.528022],[-79.303863,37.525336],[-79.202626,37.500352],[-79.178375,37.486518],[-79.088368,37.406358],[-79.059071,37.392849],[-79.038808,37.405097],[-79.046295,37.406562],[-79.053822,37.410346],[-79.059316,37.411933],[-79.059316,37.418158],[-79.043365,37.420478],[-79.00593,37.432318],[-78.991689,37.439236],[-78.943227,37.483588],[-78.937978,37.495876],[-78.925282,37.503363],[-78.895416,37.51496],[-78.867502,37.535468],[-78.8579,37.538642],[-78.851064,37.538764],[-78.844838,37.53974],[-78.837066,37.545356],[-78.831166,37.552558],[-78.826527,37.561591],[-78.825347,37.571072],[-78.829945,37.579535],[-78.828969,37.584052],[-78.821441,37.60456],[-78.819732,37.613959],[-78.81843,37.630886],[-78.812815,37.638943],[-78.800201,37.64057],[-78.744862,37.631171],[-78.737782,37.631049],[-78.729563,37.637397],[-78.719472,37.654731],[-78.713612,37.658311],[-78.700307,37.669501],[-78.691396,37.689765],[-78.680898,37.69949],[-78.662709,37.678819],[-78.655263,37.685085],[-78.651682,37.68891],[-78.649037,37.69245],[-78.654937,37.714871],[-78.634104,37.736843],[-78.601755,37.752143],[-78.573313,37.754503],[-78.569325,37.756781],[-78.560943,37.759833],[-78.556549,37.76081],[-78.514963,37.761339],[-78.50121,37.76378],[-78.491811,37.770128],[-78.470855,37.788682],[-78.460317,37.765896],[-78.439198,37.752753],[-78.298492,37.710883],[-78.257151,37.70421],[-78.244049,37.699652],[-78.231028,37.697699],[-78.219838,37.702989],[-78.198638,37.721788],[-78.187082,37.730048],[-78.179107,37.733466],[-78.152455,37.732611],[-78.131093,37.729031],[-78.110707,37.720974],[-78.086659,37.706732],[-78.106801,37.692003],[-78.096995,37.680121],[-78.07665,37.668524],[-78.065541,37.654893],[-77.976877,37.624213],[-77.95226,37.62755],[-77.946929,37.641547],[-77.947092,37.661404],[-77.938954,37.682563],[-77.920644,37.691107],[-77.902008,37.681667],[-77.867584,37.651475],[-77.840443,37.642686],[-77.833404,37.637885],[-77.828684,37.630805],[-77.821889,37.615058],[-77.815785,37.607449],[-77.803334,37.602851],[-77.758046,37.610541],[-77.749623,37.607937],[-77.727162,37.594997],[-77.716135,37.590033],[-77.685211,37.585639],[-77.67516,37.582587],[-77.667226,37.576728],[-77.657704,37.567735],[-77.646799,37.559516],[-77.634511,37.555935],[-77.574656,37.556667],[-77.524403,37.55329],[-77.456044,37.535468],[-77.432973,37.52619],[-77.418284,37.511176],[-77.410512,37.49018],[-77.408274,37.463162],[-77.410512,37.435981],[-77.405955,37.423407],[-77.390859,37.418158],[-77.346181,37.380927],[-77.33259,37.37991],[-77.269602,37.359687],[-77.2506,37.34988]]]}},{"type":"Feature","properties":{"name":"W. Branch Susquehanna","name_en":"W. Branch Susquehanna","scalerank":8,"min_zoom":7},"geometry":{"type":"MultiLineString","coordinates":[[[-78.750844,40.605414],[-78.760121,40.624294],[-78.78893,40.655829],[-78.795888,40.675238],[-78.774485,40.851874],[-78.768544,40.864325],[-78.762807,40.868598],[-78.745025,40.887315],[-78.734364,40.891628],[-78.690012,40.899034],[-78.634674,40.91828],[-78.617991,40.920681],[-78.596669,40.922797],[-78.57665,40.929226],[-78.5572,40.939724],[-78.537424,40.954291],[-78.507558,40.982449],[-78.489817,40.995795],[-78.47289,41.001492],[-78.445221,41.025702],[-78.431304,41.033067],[-78.417795,41.030137],[-78.405344,41.024482],[-78.394521,41.023708],[-78.38683,41.030219],[-78.38268,41.039333],[-78.379465,41.048936],[-78.374664,41.057237],[-78.367055,41.061957],[-78.346059,41.068793],[-78.336781,41.074286],[-78.331125,41.076728],[-78.326161,41.074571],[-78.321278,41.070868],[-78.315785,41.068793],[-78.306304,41.070014],[-78.29894,41.073025],[-78.291168,41.074164],[-78.280507,41.070176],[-78.268381,41.060492],[-78.262034,41.057807],[-78.253774,41.059027],[-78.247792,41.063422],[-78.23766,41.074571],[-78.230702,41.077704],[-78.219106,41.076606],[-78.192372,41.067003],[-78.179107,41.064643],[-78.166371,41.065985],[-78.156239,41.069403],[-78.136627,41.079901],[-78.128,41.081855],[-78.108306,41.083197],[-78.101959,41.08808],[-78.100453,41.093207],[-78.099721,41.103827],[-78.097808,41.108913],[-78.094797,41.112331],[-78.056549,41.136908],[-78.048818,41.1435],[-78.032786,41.154161],[-77.991851,41.171413],[-77.971425,41.186591],[-77.917958,41.239203],[-77.909983,41.252061],[-77.902496,41.270697],[-77.884389,41.281033],[-77.841054,41.295844],[-77.797434,41.331326],[-77.78307,41.336778],[-77.689768,41.345038],[-77.677602,41.344102],[-77.666005,41.341864],[-77.654652,41.338406],[-77.630116,41.320868],[-77.623931,41.317939],[-77.609853,41.308905],[-77.601918,41.288194],[-77.593251,41.24962],[-77.58849,41.24433],[-77.572906,41.230658],[-77.565907,41.221747],[-77.562489,41.211941],[-77.559885,41.20071],[-77.55602,41.191433],[-77.548818,41.187567],[-77.490956,41.182807],[-77.47289,41.177924],[-77.426422,41.15998],[-77.401479,41.155788],[-77.378529,41.162055],[-77.373443,41.166775],[-77.366689,41.178168],[-77.362498,41.183214],[-77.344146,41.191921],[-77.325185,41.191718],[-77.305857,41.188788],[-77.286122,41.188788],[-77.276682,41.191352],[-77.270579,41.194607],[-77.258209,41.203192],[-77.239003,41.209174],[-77.176015,41.210517],[-77.162424,41.215033],[-77.128041,41.236192],[-77.094838,41.248399],[-77.024078,41.249783],[-76.988637,41.255642],[-76.965159,41.262966],[-76.952992,41.26496],[-76.940663,41.264675],[-76.929107,41.261298],[-76.903798,41.243354],[-76.881215,41.237331],[-76.833608,41.237413],[-76.811838,41.229193],[-76.802358,41.215196],[-76.801584,41.197048],[-76.810129,41.18126],[-76.828847,41.174506],[-76.850657,41.171576],[-76.866933,41.16295],[-76.877187,41.148871],[-76.880686,41.129503],[-76.878529,41.117011],[-76.873158,41.109198],[-76.866444,41.102159],[-76.860219,41.091986],[-76.857777,41.082953],[-76.858062,41.075995],[-76.860219,41.064643],[-76.859446,41.022284],[-76.86205,40.999457],[-76.869781,40.989569],[-76.874338,40.974311],[-76.85143,40.939643],[-76.818023,40.902533],[-76.791331,40.879706]]]}},{"type":"Feature","properties":{"name":"Delaware","name_en":"Delaware","scalerank":8,"min_zoom":7},"geometry":{"type":"MultiLineString","coordinates":[[[-74.618886,42.435126],[-74.637074,42.404242],[-74.673411,42.379991],[-74.716786,42.36286],[-74.834625,42.33393],[-74.870961,42.318712],[-74.907094,42.297919],[-74.939524,42.273546],[-74.954701,42.256415],[-74.97053,42.220526],[-74.978871,42.215399],[-74.994252,42.208564],[-75.037343,42.176581],[-75.057729,42.16706],[-75.082672,42.168158],[-75.131215,42.178819],[-75.149892,42.170722],[-75.158803,42.162665],[-75.161733,42.161444],[-75.160756,42.150214],[-75.16393,42.139106],[-75.171498,42.127875],[-75.180328,42.118476],[-75.187408,42.113064],[-75.196441,42.109402],[-75.207509,42.106635],[-75.219106,42.105251],[-75.229644,42.105536],[-75.239735,42.109646],[-75.24706,42.116482],[-75.252309,42.12287],[-75.256337,42.126044],[-75.271352,42.125108],[-75.282582,42.119656],[-75.292836,42.11225],[-75.304758,42.105536],[-75.340484,42.099392],[-75.34911,42.095649],[-75.3579,42.089382],[-75.368804,42.084662],[-75.38036,42.083767],[-75.400706,42.093817],[-75.407379,42.087836],[-75.417714,42.068671],[-75.41804,42.052314],[-75.404042,42.029975],[-75.384104,42.014024],[-75.3662,42.016791],[-75.344146,42.006903],[-75.338938,42.003201],[-75.339589,41.983913],[-75.315582,41.970079],[-75.284291,41.959052],[-75.263173,41.947943],[-75.257232,41.929511],[-75.255076,41.904486],[-75.249257,41.88227],[-75.232777,41.872829],[-75.177561,41.879665],[-75.164866,41.876492],[-75.142893,41.862372],[-75.115712,41.854844],[-75.101389,41.836127],[-75.091868,41.831855],[-75.07901,41.827989],[-75.08316,41.818671],[-75.106109,41.797065],[-75.085439,41.788642],[-75.067983,41.783962],[-75.055979,41.774848],[-75.051503,41.752997],[-75.054636,41.743516],[-75.068267,41.735053],[-75.071401,41.725694],[-75.057729,41.687812],[-75.057851,41.667182],[-75.064076,41.615587],[-75.061147,41.605292],[-75.048492,41.595893],[-74.997996,41.513739],[-74.984446,41.498155],[-74.967356,41.486843],[-74.92276,41.478542],[-74.91039,41.469184],[-74.900543,41.457953],[-74.886383,41.448269],[-74.862172,41.444403],[-74.813303,41.446804],[-74.793935,41.437771],[-74.780955,41.4289],[-74.770497,41.428738],[-74.76061,41.432237],[-74.749257,41.434638],[-74.74177,41.431342],[-74.73648,41.423529],[-74.728749,41.407294],[-74.720041,41.397569],[-74.704579,41.376044],[-74.698638,41.354438],[-74.718495,41.344591],[-74.740793,41.343573],[-74.751047,41.340644],[-74.764475,41.33161],[-74.775217,41.330634],[-74.780263,41.327908],[-74.783315,41.323757],[-74.788726,41.31391],[-74.790842,41.311103],[-74.844838,41.272895],[-74.852284,41.259589],[-74.853017,41.252509],[-74.86266,41.224718],[-74.886383,41.180732],[-74.938344,41.127509],[-74.951283,41.11933],[-74.958323,41.117255],[-74.968821,41.112413],[-74.978383,41.106716],[-74.982655,41.101915],[-74.982167,41.089667],[-74.982493,41.087104],[-74.986318,41.085964],[-75.027089,41.046698],[-75.045806,41.035102],[-75.067983,41.030544],[-75.082753,41.025702],[-75.106557,41.013699],[-75.128977,40.997992],[-75.139638,40.982123],[-75.137359,40.975124],[-75.131459,40.967149],[-75.119781,40.954779],[-75.118967,40.950873],[-75.119985,40.946357],[-75.120107,40.942694],[-75.116363,40.941189],[-75.110341,40.940945],[-75.104604,40.939643],[-75.100413,40.93655],[-75.098704,40.930609],[-75.091379,40.922187],[-75.075795,40.908555],[-75.06135,40.891425],[-75.057729,40.87226],[-75.067779,40.855048],[-75.081451,40.847724],[-75.093495,40.837999],[-75.098704,40.81391],[-75.10554,40.795518],[-75.121978,40.78559],[-75.142445,40.783881],[-75.160756,40.790351],[-75.16983,40.773505],[-75.176625,40.765692],[-75.18399,40.762397],[-75.188832,40.758409],[-75.187571,40.75019],[-75.183665,40.743109],[-75.180653,40.742499],[-75.194244,40.713935],[-75.198313,40.700466],[-75.194895,40.687934],[-75.190989,40.677802],[-75.194081,40.670356],[-75.194895,40.66059],[-75.191151,40.628974],[-75.195872,40.619086],[-75.194,40.608588],[-75.189809,40.59809],[-75.182281,40.570258],[-75.169667,40.566189],[-75.139638,40.570624],[-75.088857,40.558214],[-75.071767,40.531806],[-75.064565,40.453925],[-75.054433,40.435329],[-75.035959,40.415066],[-75.013783,40.403184],[-74.97468,40.414496],[-74.961578,40.397528],[-74.947865,40.358954],[-74.895619,40.32331],[-74.886383,40.313992],[-74.883168,40.308051],[-74.849355,40.271186],[-74.818186,40.241645],[-74.764801,40.206163],[-74.739491,40.18476],[-74.728749,40.163153],[-74.741119,40.143622],[-74.77009,40.129747],[-74.803212,40.121527],[-74.828359,40.11872],[-74.83788,40.114814],[-74.872792,40.090847],[-74.882965,40.087104],[-74.920522,40.077745],[-74.935902,40.070136],[-74.975168,40.0362],[-74.988718,40.02912],[-75.023549,40.016303]]]}},{"type":"Feature","properties":{"name":"Merrimack","name_en":"Merrimack","scalerank":8,"min_zoom":7},"geometry":{"type":"MultiLineString","coordinates":[[[-71.412465,44.133979],[-71.433298,44.124945],[-71.454905,44.123481],[-71.504628,44.127143],[-71.527903,44.123969],[-71.546376,44.115831],[-71.655385,44.0421],[-71.66804,44.023749],[-71.671335,44.002794],[-71.665639,43.956488],[-71.649892,43.898627],[-71.646474,43.884385],[-71.645172,43.870795],[-71.659413,43.778673],[-71.659739,43.764431],[-71.658803,43.75788],[-71.646799,43.725531],[-71.639394,43.672797],[-71.638743,43.652411],[-71.645172,43.633734],[-71.653676,43.622992],[-71.660553,43.618923],[-71.702707,43.6081],[-71.714955,43.603339],[-71.720286,43.596462],[-71.716257,43.572618],[-71.705393,43.554999],[-71.649973,43.502021],[-71.641225,43.486274],[-71.63561,43.445014],[-71.632558,43.433458],[-71.627797,43.425116],[-71.627594,43.418524],[-71.630971,43.390896],[-71.63093,43.379828],[-71.620595,43.364285],[-71.584218,43.331651],[-71.576283,43.315619],[-71.569447,43.291612],[-71.553578,43.271593],[-71.535146,43.25377],[-71.521067,43.236518],[-71.502553,43.186713],[-71.490956,43.171942],[-71.465199,43.149034],[-71.459381,43.13703],[-71.447906,43.090277],[-71.445424,43.069851],[-71.44933,43.051337],[-71.463287,43.034125],[-71.471018,43.016791],[-71.467112,42.995225],[-71.453359,42.962104],[-71.453236,42.937934],[-71.469594,42.899522],[-71.473866,42.877061],[-71.471303,42.853542],[-71.46467,42.836371],[-71.445912,42.80447],[-71.418568,42.721869],[-71.401357,42.685858],[-71.371449,42.661078],[-71.351145,42.655626],[-71.281809,42.653632],[-71.26179,42.658271],[-71.206939,42.694607],[-71.203969,42.69599],[-71.192983,42.698554],[-71.155629,42.703966],[-71.144887,42.708848],[-71.1315,42.721137],[-71.11974,42.737982],[-71.113596,42.755927],[-71.117014,42.770941],[-71.096303,42.776638],[-71.057078,42.770616],[-71.035024,42.770941],[-71.018137,42.777289],[-71.008656,42.787421],[-70.990346,42.815294],[-70.960846,42.836371],[-70.921051,42.849962],[-70.882558,42.848944],[-70.863759,42.826199]]]}},{"type":"Feature","properties":{"name":"Mohawk","name_en":"Mohawk","scalerank":8,"min_zoom":7},"geometry":{"type":"MultiLineString","coordinates":[[[-75.468617,43.483466],[-75.47525,43.464789],[-75.477162,43.442735],[-75.476064,43.397813],[-75.465932,43.382595],[-75.442128,43.376085],[-75.414866,43.372748],[-75.394154,43.366807],[-75.382558,43.359239],[-75.37678,43.353461],[-75.376088,43.34573],[-75.379872,43.332709],[-75.385487,43.32449],[-75.410553,43.297919],[-75.428415,43.289089],[-75.4381,43.268093],[-75.44164,43.243354],[-75.439524,43.210964],[-75.438466,43.206732],[-75.391469,43.195828],[-75.367584,43.189276],[-75.362782,43.188666],[-75.344228,43.182196],[-75.290517,43.13406],[-75.26891,43.126329],[-75.191151,43.123236],[-75.170522,43.120185],[-75.08727,43.08515],[-75.019887,43.039862],[-75.003163,43.035956],[-74.928049,43.042914],[-74.881418,43.05683],[-74.854604,43.060981],[-74.834869,43.053778],[-74.818918,43.043769],[-74.670888,43.005439],[-74.649648,42.993109],[-74.637685,42.975694],[-74.632314,42.957831],[-74.624501,42.941514],[-74.605214,42.928575],[-74.591908,42.924994],[-74.506215,42.914333],[-74.482737,42.917344],[-74.46524,42.924669],[-74.43456,42.942247],[-74.414296,42.94892],[-74.371083,42.954779],[-74.335561,42.954372],[-74.300445,42.949083],[-74.28893,42.95185],[-74.263051,42.964382],[-74.250722,42.967841],[-74.237498,42.968288],[-74.225209,42.967393],[-74.213531,42.964952],[-74.20226,42.961005],[-74.193796,42.954861],[-74.174875,42.937812],[-74.164703,42.934272],[-74.142242,42.931586],[-74.086822,42.915595],[-74.065785,42.906358],[-74.03425,42.882839],[-74.008127,42.858222],[-73.977895,42.84101],[-73.934316,42.839219],[-73.907582,42.842312],[-73.888051,42.840155],[-73.871775,42.83157],[-73.833119,42.798041],[-73.814809,42.796251],[-73.769846,42.811876],[-73.742909,42.81269],[-73.70519,42.793891],[-73.680409,42.790839]]]}},{"type":"Feature","properties":{"name":"Grand","name_en":"Grand","scalerank":8,"min_zoom":7},"geometry":{"type":"MultiLineString","coordinates":[[[-80.272776,44.01789],[-80.25536,43.988471],[-80.255605,43.976182],[-80.269358,43.959581],[-80.274037,43.94949],[-80.294911,43.860663],[-80.307607,43.844794],[-80.313629,43.834093],[-80.317454,43.828925],[-80.336741,43.811347],[-80.341054,43.805609],[-80.350901,43.774604],[-80.353627,43.749823],[-80.361969,43.728827],[-80.388783,43.709418],[-80.452056,43.688422],[-80.47175,43.673163],[-80.450917,43.654812],[-80.460194,43.644721],[-80.476959,43.635281],[-80.484446,43.627509],[-80.482655,43.613389],[-80.485666,43.603217],[-80.498647,43.593329],[-80.49356,43.586737],[-80.484446,43.565456],[-80.507436,43.56627],[-80.504872,43.553168],[-80.492055,43.533393],[-80.484446,43.514228],[-80.481068,43.499376],[-80.472035,43.49726],[-80.458974,43.499376],[-80.44343,43.497138],[-80.431386,43.488227],[-80.416168,43.468329],[-80.402455,43.462999],[-80.402455,43.456163],[-80.419057,43.444932],[-80.426869,43.428656],[-80.421702,43.41413],[-80.399403,43.407782],[-80.374664,43.405341],[-80.353261,43.398017],[-80.336903,43.385281],[-80.327382,43.366807],[-80.324574,43.346544],[-80.325185,43.321723],[-80.331166,43.300605],[-80.344472,43.291693],[-80.361195,43.284369],[-80.370351,43.266425],[-80.37442,43.244086],[-80.375803,43.223456],[-80.373891,43.200385],[-80.365305,43.183214],[-80.348988,43.172553],[-80.302358,43.163642],[-80.270375,43.137763],[-80.251617,43.127265],[-80.226226,43.120307],[-80.145823,43.113593],[-80.135854,43.117133],[-80.125844,43.123847],[-80.115468,43.128038],[-80.104563,43.123847],[-80.093251,43.117296],[-80.060048,43.108181],[-79.979604,43.098415],[-79.952504,43.089423],[-79.928863,43.073188],[-79.916493,43.058946],[-79.885569,42.987657],[-79.864695,42.950751],[-79.837961,42.93476],[-79.796051,42.925157],[-79.789703,42.922919],[-79.780873,42.924384],[-79.771067,42.92711],[-79.74413,42.930732],[-79.711903,42.940131],[-79.693674,42.942247],[-79.659291,42.933865],[-79.620676,42.91295],[-79.586781,42.886054],[-79.568959,42.860948]]]}},{"type":"Feature","properties":{"name":"Kentucky","name_en":"Kentucky","scalerank":8,"min_zoom":7},"geometry":{"type":"MultiLineString","coordinates":[[[-83.080678,37.143581],[-83.099721,37.178738],[-83.115142,37.191189],[-83.143422,37.192816],[-83.136342,37.208441],[-83.138173,37.220404],[-83.14623,37.230414],[-83.157704,37.240017],[-83.162506,37.242499],[-83.173085,37.244818],[-83.178212,37.247423],[-83.184722,37.254014],[-83.190541,37.265245],[-83.195546,37.271348],[-83.199452,37.277777],[-83.199696,37.28323],[-83.201161,37.287055],[-83.208892,37.288398],[-83.213206,37.285224],[-83.217926,37.278144],[-83.224192,37.271104],[-83.233144,37.26789],[-83.260121,37.278428],[-83.264516,37.282742],[-83.286285,37.28144],[-83.294911,37.282172],[-83.307444,37.29031],[-83.311757,37.297309],[-83.314524,37.305365],[-83.322174,37.316352],[-83.332265,37.321112],[-83.348215,37.326443],[-83.362904,37.334337],[-83.369374,37.346747],[-83.372711,37.35338],[-83.380238,37.361925],[-83.387766,37.373114],[-83.391103,37.387722],[-83.391754,37.418728],[-83.38976,37.433376],[-83.383656,37.446072],[-83.390696,37.459296],[-83.389394,37.47252],[-83.38093,37.482856],[-83.366282,37.487006],[-83.359731,37.493435],[-83.356028,37.507514],[-83.355865,37.521552],[-83.359731,37.528022],[-83.374745,37.53323],[-83.382069,37.545356],[-83.386057,37.55919],[-83.391103,37.569607],[-83.401723,37.573432],[-83.413401,37.573757],[-83.419016,37.577094],[-83.411529,37.590033],[-83.465688,37.602891],[-83.486684,37.604315],[-83.484527,37.608588],[-83.481191,37.6199],[-83.479237,37.624213],[-83.490346,37.627712],[-83.565053,37.630927],[-83.570668,37.636339],[-83.572255,37.64293],[-83.572825,37.649278],[-83.575307,37.65351],[-83.597076,37.654405],[-83.622874,37.64057],[-83.688588,37.589667],[-83.713368,37.578559],[-83.740061,37.572699],[-83.769765,37.571967],[-83.795644,37.574978],[-83.825917,37.583197],[-83.849924,37.598904],[-83.856597,37.624213],[-83.850942,37.626736],[-83.840972,37.629096],[-83.835357,37.634223],[-83.842926,37.644639],[-83.852162,37.647406],[-83.913686,37.654242],[-83.957021,37.67003],[-83.972646,37.678819],[-83.997426,37.699734],[-84.018666,37.724189],[-84.031158,37.747097],[-84.038889,37.756456],[-84.050771,37.761176],[-84.063873,37.75849],[-84.078847,37.753485],[-84.093007,37.754096],[-84.103627,37.768175],[-84.106028,37.779324],[-84.105051,37.788682],[-84.096181,37.809149],[-84.104075,37.810329],[-84.108062,37.81212],[-84.11148,37.814236],[-84.117299,37.815985],[-84.117299,37.822821],[-84.110748,37.826239],[-84.106028,37.830268],[-84.096181,37.843329],[-84.110707,37.851264],[-84.131947,37.858018],[-84.1551,37.862657],[-84.175364,37.864366],[-84.192006,37.874213],[-84.201324,37.878241],[-84.210927,37.868964],[-84.22289,37.870958],[-84.261464,37.887071],[-84.281809,37.898546],[-84.291371,37.911241],[-84.300282,37.915351],[-84.312164,37.909125],[-84.326161,37.898953],[-84.342112,37.893744],[-84.383616,37.89171],[-84.38036,37.87755],[-84.381418,37.860297],[-84.38801,37.849229],[-84.401519,37.854193],[-84.418324,37.865831],[-84.427113,37.863349],[-84.436838,37.855292],[-84.456166,37.850775],[-84.472808,37.849189],[-84.486195,37.843858],[-84.491363,37.834174],[-84.47704,37.803575],[-84.485178,37.791815],[-84.501088,37.784451],[-84.517934,37.781846],[-84.529205,37.778388],[-84.556304,37.761298],[-84.584055,37.748399],[-84.595123,37.746161],[-84.606923,37.751532],[-84.623769,37.768175],[-84.631215,37.773993],[-84.638051,37.777411],[-84.643015,37.782253],[-84.644887,37.792426],[-84.648101,37.801337],[-84.655832,37.801052],[-84.664866,37.79739],[-84.67219,37.796169],[-84.679596,37.800116],[-84.684641,37.804389],[-84.691233,37.807725],[-84.717112,37.810574],[-84.722035,37.812608],[-84.726796,37.815985],[-84.709584,37.827419],[-84.706288,37.841132],[-84.717641,37.852729],[-84.744211,37.857611],[-84.757924,37.857856],[-84.766347,37.859402],[-84.773101,37.863308],[-84.782053,37.870632],[-84.786041,37.880723],[-84.788075,37.893419],[-84.793853,37.90001],[-84.809397,37.89171],[-84.826039,37.911729],[-84.829213,37.919013],[-84.827952,37.929877],[-84.818471,37.946153],[-84.816233,37.956326],[-84.821278,37.973904],[-84.844553,38.007839],[-84.850942,38.02143],[-84.850168,38.041775],[-84.845937,38.059149],[-84.84496,38.075873],[-84.854075,38.094062],[-84.866851,38.109931],[-84.874664,38.123847],[-84.876373,38.139228],[-84.870839,38.159247],[-84.881581,38.171658],[-84.887807,38.189399],[-84.892323,38.240546],[-84.897084,38.260199],[-84.898101,38.271552],[-84.881988,38.287218],[-84.877594,38.295762],[-84.877594,38.315456],[-84.888417,38.359158],[-84.893056,38.392524],[-84.899403,38.411566],[-84.912099,38.428575],[-84.932851,38.440375],[-84.941762,38.441921],[-84.958608,38.442979],[-84.966379,38.446601],[-84.982655,38.481757],[-84.990875,38.487576],[-84.99177,38.491889],[-84.990142,38.501247],[-84.991526,38.510606],[-85.001129,38.514919],[-85.015452,38.514838],[-85.025217,38.516425],[-85.031565,38.522488],[-85.035268,38.535346],[-85.025136,38.547309],[-85.019846,38.558173],[-85.020985,38.569525],[-85.028147,38.573065],[-85.066029,38.583808],[-85.079905,38.590033],[-85.124664,38.638454],[-85.181508,38.677069],[-85.184967,38.687445],[-85.186147,38.693671]]]}},{"type":"Feature","properties":{"name":"White","name_en":"White","scalerank":8,"min_zoom":7},"geometry":{"type":"MultiLineString","coordinates":[[[-92.540517,36.348212],[-92.538808,36.342475],[-92.538808,36.349311],[-92.540517,36.348212]],[[-92.540517,36.348212],[-92.551137,36.341254],[-92.56314,36.329861],[-92.563832,36.319607],[-92.542226,36.315212],[-92.536488,36.304551],[-92.533803,36.28323],[-92.528432,36.26671],[-92.497874,36.277533],[-92.484242,36.266913],[-92.474924,36.248725],[-92.47053,36.232611],[-92.471262,36.220893],[-92.474233,36.213202],[-92.474477,36.205878],[-92.466786,36.19538],[-92.459137,36.187934],[-92.452545,36.182725],[-92.445465,36.17947],[-92.441396,36.178819]],[[-92.441396,36.178819],[-92.387522,36.202826],[-92.371205,36.205919],[-92.366119,36.209093],[-92.355702,36.223212],[-92.350738,36.226386],[-92.315826,36.230658],[-92.312245,36.232611],[-92.30016,36.216417],[-92.301625,36.196234],[-92.30602,36.179063],[-92.302602,36.17182],[-92.261342,36.17182],[-92.247874,36.169257],[-92.241282,36.162787],[-92.236928,36.153917],[-92.230336,36.144477],[-92.196156,36.116523],[-92.18517,36.117255],[-92.173695,36.121934],[-92.162465,36.124783],[-92.152089,36.11994],[-92.136952,36.100409],[-92.130523,36.088935],[-92.127919,36.078681],[-92.122385,36.071723],[-92.109771,36.067694],[-92.095855,36.065009],[-92.086293,36.061957],[-92.071889,36.047878],[-92.07844,36.04206],[-92.092356,36.03498],[-92.099965,36.017198],[-92.098988,36.006863],[-92.094716,35.993354],[-92.093739,35.9831],[-92.095448,35.974148],[-92.104075,35.962266],[-92.107411,35.952704],[-92.106842,35.933417],[-92.096059,35.932888],[-92.078033,35.940375],[-92.055898,35.945258],[-92.037668,35.944403],[-92.032623,35.943305],[-92.028554,35.941474],[-92.025868,35.938788],[-92.024892,35.935004],[-92.019114,35.93122],[-92.006012,35.93537],[-91.983876,35.945258],[-91.964345,35.936306],[-91.927561,35.898505],[-91.91161,35.890001],[-91.888173,35.888292],[-91.868031,35.881456],[-91.855214,35.867133],[-91.853586,35.842841],[-91.856801,35.838813],[-91.863433,35.832587],[-91.870269,35.82449],[-91.874013,35.814887],[-91.874013,35.80211],[-91.871083,35.790473],[-91.865346,35.780097],[-91.857004,35.770819],[-91.83788,35.758979],[-91.814524,35.752509],[-91.789377,35.750841],[-91.718577,35.761257],[-91.677846,35.762803],[-91.639516,35.754462],[-91.530141,35.699734],[-91.518381,35.69538],[-91.513254,35.670437],[-91.499176,35.654486],[-91.478261,35.646064],[-91.332387,35.643988]],[[-92.441396,36.178819],[-92.436391,36.178005],[-92.443227,36.178005],[-92.441396,36.178819]],[[-93.909291,35.873847],[-93.914866,35.887559],[-94.004384,35.986762],[-94.012318,36.003282],[-94.013905,36.027899],[-94.020009,36.040717],[-94.053293,36.068142],[-94.068349,36.085313],[-94.071441,36.098415],[-94.061187,36.106757],[-94.036529,36.109727],[-94.023752,36.113959],[-94.020416,36.123358],[-94.025258,36.132758],[-94.045522,36.139757],[-94.044586,36.146186],[-94.038686,36.153266],[-94.032826,36.158149],[-94.024892,36.161078],[-94.011708,36.160834],[-94.005483,36.164984],[-94.00182,36.172634],[-94.004709,36.177436],[-94.009633,36.181952],[-94.012318,36.188544],[-94.017323,36.221991],[-94.015981,36.23546],[-94.005483,36.246894],[-94.015696,36.251085],[-94.02599,36.256781],[-94.035512,36.263495],[-94.043324,36.270779],[-94.051625,36.281073],[-94.05016,36.284206],[-94.042633,36.286648],[-94.032826,36.294704],[-94.02892,36.296332],[-94.023305,36.296169],[-94.017242,36.296942],[-94.012318,36.30154],[-94.012115,36.306464],[-94.01769,36.319444],[-94.019154,36.32571],[-94.020253,36.336778],[-94.023915,36.344835],[-94.030426,36.351101],[-94.040273,36.356757],[-94.019602,36.365749],[-93.970326,36.354193],[-93.94343,36.356757],[-93.94815,36.360175],[-93.953114,36.366319],[-93.957672,36.369737],[-93.943471,36.372626],[-93.913401,36.361151],[-93.895619,36.363593],[-93.884999,36.370225],[-93.884023,36.37519],[-93.887115,36.38113],[-93.888783,36.390937],[-93.893707,36.390163],[-93.901682,36.397569],[-93.904042,36.406806],[-93.892201,36.411404],[-93.876047,36.415147],[-93.864817,36.424587],[-93.84439,36.449246],[-93.826772,36.460883],[-93.797719,36.467597],[-93.785756,36.473456],[-93.788564,36.477322],[-93.793202,36.487128],[-93.774281,36.495469],[-93.74592,36.53266],[-93.728017,36.541083],[-93.708485,36.543809],[-93.695302,36.552314],[-93.688954,36.56741],[-93.690175,36.589464],[-93.664459,36.576972],[-93.648264,36.582384],[-93.637603,36.600124],[-93.628733,36.624294],[-93.597401,36.595771],[-93.576894,36.588568],[-93.552358,36.5963],[-93.556711,36.603949],[-93.557851,36.609727],[-93.556304,36.61579],[-93.552358,36.624294],[-93.540761,36.607693],[-93.533844,36.587104],[-93.526194,36.576443],[-93.512034,36.589464],[-93.509389,36.598456],[-93.504791,36.624945],[-93.502065,36.630479],[-93.490224,36.629584],[-93.482167,36.62641],[-93.479807,36.620144],[-93.484731,36.609971],[-93.474029,36.599311],[-93.464101,36.601182],[-93.443105,36.616807],[-93.432607,36.619086],[-93.41511,36.620714],[-93.40217,36.617703],[-93.405588,36.606269],[-93.413808,36.591498],[-93.408762,36.582139],[-93.395375,36.577257],[-93.378285,36.575873],[-93.372467,36.582628],[-93.358632,36.614203],[-93.347524,36.624294],[-93.33609,36.601345],[-93.321197,36.5987],[-93.303212,36.605333],[-93.282379,36.609971],[-93.266103,36.6164],[-93.244211,36.644558],[-93.228098,36.650946],[-93.224192,36.654649],[-93.219635,36.672553],[-93.217193,36.6789],[-93.207753,36.687812],[-93.198313,36.693183],[-93.176259,36.699327],[-93.150746,36.703477],[-93.141265,36.698798],[-93.144195,36.685818],[-93.155751,36.665229],[-93.140126,36.666327],[-93.130116,36.672675],[-93.120839,36.680284],[-93.10733,36.685126],[-93.114817,36.685126],[-93.102203,36.690253],[-93.091298,36.690945],[-93.083567,36.684434],[-93.076243,36.651719],[-93.065175,36.645209],[-93.051381,36.642646],[-93.038442,36.637885],[-93.038442,36.630479],[-93.062978,36.626776],[-93.077463,36.611274],[-93.09317,36.598456],[-93.121653,36.602566],[-93.117909,36.591376],[-93.109975,36.587755],[-93.099355,36.586615],[-93.087514,36.582709],[-93.076812,36.574815],[-93.073638,36.568386],[-93.072092,36.56037],[-93.066396,36.547919],[-93.051259,36.528428],[-93.029652,36.507351],[-93.005767,36.489447],[-92.983795,36.4796],[-92.990834,36.496161],[-92.993276,36.507025],[-92.991282,36.514431],[-92.98176,36.51614],[-92.973134,36.50849],[-92.960276,36.49018],[-92.956207,36.493923],[-92.901926,36.487128],[-92.898874,36.489854],[-92.895863,36.495673],[-92.89094,36.500596],[-92.881988,36.5008],[-92.87442,36.495063],[-92.862172,36.47724],[-92.857533,36.473456],[-92.806874,36.475531],[-92.792063,36.4796],[-92.78893,36.485175],[-92.787221,36.49433],[-92.782948,36.503119],[-92.772125,36.507595],[-92.768625,36.503282],[-92.759267,36.484076],[-92.754791,36.4796],[-92.732249,36.480414],[-92.721913,36.477851],[-92.717519,36.470038],[-92.721425,36.463446],[-92.739247,36.458441],[-92.744252,36.452338],[-92.732493,36.436591],[-92.656321,36.465888],[-92.628163,36.46662],[-92.639068,36.458441],[-92.647939,36.445258],[-92.648793,36.430609],[-92.63561,36.418158],[-92.623402,36.427761],[-92.613759,36.422227],[-92.600901,36.404568],[-92.586171,36.403347],[-92.573394,36.404975],[-92.564036,36.403022],[-92.559275,36.390937],[-92.5655,36.388454],[-92.57726,36.377794],[-92.585317,36.363349],[-92.580393,36.349311],[-92.567942,36.348415],[-92.554189,36.355251],[-92.543202,36.357489],[-92.540517,36.348212]],[[-91.332428,35.643581],[-91.318837,35.640977],[-91.310414,35.633612],[-91.312123,35.621121],[-91.325795,35.602607],[-91.313466,35.591742],[-91.304433,35.573269],[-91.305247,35.555732],[-91.322377,35.548041],[-91.33373,35.546983],[-91.338612,35.54328],[-91.33967,35.535956],[-91.339467,35.524115],[-91.343984,35.509955],[-91.3544,35.508409],[-91.365956,35.510443],[-91.373647,35.507025],[-91.368072,35.49197],[-91.34024,35.458279],[-91.350006,35.451768],[-91.394683,35.390326],[-91.427195,35.363959],[-91.437856,35.34809],[-91.441884,35.325222],[-91.434153,35.314154],[-91.398183,35.285671],[-91.387278,35.266872],[-91.394683,35.225857],[-91.40038,35.207831],[-91.405955,35.205634],[-91.421702,35.20539],[-91.441151,35.197537],[-91.447987,35.178656],[-91.446767,35.155951],[-91.441884,35.136501],[-91.439361,35.131171],[-91.428863,35.115994],[-91.446197,35.109565],[-91.456614,35.103624],[-91.463002,35.096137],[-91.462799,35.082872],[-91.454172,35.055772],[-91.459299,35.044623],[-91.468373,35.039822],[-91.476064,35.037869],[-91.481435,35.034044],[-91.483469,35.023505],[-91.483469,34.978827],[-91.47997,34.947292],[-91.477284,34.937852],[-91.470693,34.928656],[-91.452992,34.912706],[-91.44933,34.906806],[-91.451487,34.896064],[-91.460846,34.877753],[-91.463002,34.865831],[-91.461903,34.852607],[-91.459096,34.845038],[-91.437978,34.806179],[-91.388824,34.752956],[-91.383534,34.744696],[-91.381093,34.735297],[-91.380442,34.721869],[-91.375071,34.716376],[-91.339467,34.698269],[-91.324941,34.679633],[-91.324086,34.662136],[-91.329213,34.64289],[-91.332631,34.619167],[-91.328196,34.610785],[-91.318105,34.603339],[-91.307525,34.597927],[-91.301625,34.595893],[-91.298899,34.590155],[-91.291086,34.554267],[-91.278228,34.532009],[-91.26065,34.509589],[-91.245717,34.49962],[-91.227854,34.490587],[-91.218739,34.479926],[-91.230214,34.464911],[-91.221506,34.453884],[-91.209299,34.446316],[-91.197133,34.446479],[-91.188629,34.458686],[-91.172515,34.450873],[-91.169667,34.439765],[-91.17634,34.429389],[-91.188629,34.423936],[-91.147694,34.403428],[-91.103017,34.358751],[-91.088612,34.351264],[-91.074045,34.349636],[-91.062815,34.345811],[-91.058339,34.331732],[-91.058705,34.315782],[-91.061025,34.30211],[-91.067291,34.295478],[-91.079416,34.300401],[-91.065541,34.247626],[-91.065785,34.232123],[-91.071889,34.221218],[-91.081044,34.213568],[-91.089345,34.204901],[-91.093088,34.191189],[-91.089467,34.182888],[-91.082875,34.171739],[-91.079661,34.158474],[-91.086252,34.143378],[-91.098297,34.135199],[-91.147694,34.116034],[-91.175689,34.093126],[-91.186025,34.069892],[-91.180572,34.042304],[-91.146637,33.977484],[-91.137847,33.967719],[-91.120351,33.957831],[-91.105865,33.953884],[-91.058339,33.957831]]]}},{"type":"Feature","properties":{"name":"Kaskaskia","name_en":"Kaskaskia","scalerank":8,"min_zoom":7},"geometry":{"type":"MultiLineString","coordinates":[[[-88.358469,40.15351],[-88.365631,40.116319],[-88.353586,40.039333],[-88.365875,40.002712],[-88.362904,39.987372],[-88.375722,39.944648],[-88.379547,39.923285],[-88.381703,39.917304],[-88.391103,39.908515],[-88.393178,39.902696],[-88.392201,39.896674],[-88.387441,39.887071],[-88.386383,39.881944],[-88.376047,39.815863],[-88.374989,39.79503],[-88.378774,39.775906],[-88.38976,39.759101],[-88.39802,39.75373],[-88.417348,39.744167],[-88.421132,39.738593],[-88.418365,39.729071],[-88.404856,39.710517],[-88.399403,39.701036],[-88.397084,39.690945],[-88.395904,39.674018],[-88.393178,39.666287],[-88.386586,39.665107],[-88.37206,39.657782],[-88.363881,39.649685],[-88.376129,39.645819],[-88.384185,39.641303],[-88.387034,39.630683],[-88.386383,39.607937],[-88.392568,39.608913],[-88.420237,39.595404],[-88.457346,39.571601],[-88.474599,39.565945],[-88.499623,39.563829],[-88.504506,39.565863],[-88.509429,39.57038],[-88.516225,39.574897],[-88.547353,39.579535],[-88.558746,39.579901],[-88.589101,39.572699],[-88.594594,39.568386],[-88.598704,39.556993],[-88.591217,39.556993],[-88.597279,39.547309],[-88.603383,39.540798],[-88.611195,39.537055],[-88.622548,39.535956],[-88.631825,39.541327],[-88.637196,39.551215],[-88.643951,39.55622],[-88.657053,39.54682],[-88.690541,39.545966],[-88.70108,39.543402],[-88.708119,39.536241],[-88.719106,39.516547],[-88.728993,39.508612],[-88.721018,39.50788],[-88.70108,39.501776],[-88.716949,39.465115],[-88.729726,39.452175],[-88.771962,39.441962],[-88.780995,39.428656],[-88.787017,39.410997],[-88.797271,39.392524],[-88.809682,39.377387],[-88.823964,39.36461],[-88.832753,39.360622],[-88.841868,39.358262],[-88.848988,39.353298],[-88.851918,39.34101],[-88.846588,39.337592],[-88.834828,39.337999],[-88.823069,39.336453],[-88.817779,39.327094],[-88.819244,39.304063],[-88.823964,39.28266],[-88.841054,39.245307],[-88.867828,39.210801],[-88.900217,39.181423],[-88.933827,39.159125],[-88.978261,39.140733],[-89.0006,39.126573],[-89.010162,39.107978],[-89.01415,39.103868],[-89.033518,39.09809],[-89.040639,39.094306],[-89.061635,39.060736],[-89.086293,39.031195],[-89.094635,39.013617],[-89.098215,38.994249],[-89.098948,38.970771],[-89.104237,38.951606],[-89.130279,38.910753],[-89.139882,38.899115],[-89.14745,38.891913],[-89.167836,38.877997],[-89.231557,38.799099],[-89.250722,38.767646],[-89.272084,38.721381],[-89.276479,38.703559],[-89.284535,38.685574],[-89.303212,38.666856],[-89.350901,38.628445],[-89.355133,38.62226],[-89.358998,38.61168],[-89.357777,38.585232],[-89.360097,38.575222],[-89.390614,38.593695],[-89.394276,38.576117],[-89.386342,38.535346],[-89.394846,38.525906],[-89.435536,38.494412],[-89.452138,38.487576],[-89.47525,38.484931],[-89.519195,38.474555],[-89.544586,38.473944],[-89.578928,38.481472],[-89.592397,38.481391],[-89.603627,38.478339],[-89.625844,38.469591],[-89.646148,38.466498],[-89.655344,38.46308],[-89.664174,38.458075],[-89.672515,38.452012],[-89.699818,38.430691],[-89.708404,38.426093],[-89.732086,38.421983],[-89.77717,38.42296],[-89.794423,38.415595],[-89.806508,38.394639],[-89.804677,38.376776],[-89.805531,38.362128],[-89.825795,38.35102],[-89.864247,38.343573],[-89.884999,38.334744],[-89.894032,38.320014],[-89.896962,38.317003],[-89.911529,38.315701],[-89.917348,38.313178],[-89.918528,38.309272],[-89.915028,38.298529],[-89.91393,38.292344],[-89.915883,38.2862],[-89.920644,38.283311],[-89.926503,38.281562],[-89.931549,38.278673],[-89.933705,38.272488],[-89.929555,38.267198],[-89.920766,38.261664],[-89.909047,38.209906],[-89.907867,38.177069],[-89.910715,38.155788],[-89.91393,38.144965],[-89.919504,38.135565],[-89.945627,38.101101],[-89.964752,38.082953],[-89.969146,38.072943],[-89.969146,38.022284],[-89.970286,38.01435],[-89.968251,38.007432],[-89.959218,37.997504],[-89.956899,37.990546],[-89.960317,37.983181],[-89.96227,37.975369],[-89.956858,37.961249]]]}},{"type":"Feature","properties":{"name":"Cedar","name_en":"Cedar","scalerank":8,"min_zoom":7},"geometry":{"type":"MultiLineString","coordinates":[[[-93.211008,43.558621],[-93.177724,43.54975],[-93.154937,43.524278],[-93.121653,43.470486],[-93.076324,43.442328],[-93.063303,43.431667],[-93.048166,43.422227],[-93.008616,43.413764],[-92.991282,43.407782],[-92.962799,43.389472],[-92.925933,43.358466],[-92.842885,43.269639],[-92.821401,43.238715],[-92.819936,43.215928],[-92.772776,43.169013],[-92.764719,43.157904],[-92.762766,43.148383],[-92.757436,43.142768],[-92.731028,43.124538],[-92.724843,43.121649],[-92.720693,43.120429],[-92.717193,43.117865],[-92.717356,43.112006],[-92.718332,43.10517],[-92.717519,43.099921],[-92.702504,43.082465],[-92.638051,43.030341],[-92.603342,43.009141],[-92.593455,43.00373],[-92.557362,42.98432],[-92.53954,42.970282],[-92.531972,42.952216],[-92.511464,42.780829],[-92.441721,42.687567],[-92.441151,42.673774],[-92.45995,42.667914],[-92.468821,42.658962],[-92.492665,42.617947],[-92.497874,42.606472],[-92.486562,42.570014],[-92.45226,42.545518],[-92.357615,42.513048],[-92.348459,42.50788],[-92.330474,42.494412],[-92.32311,42.492133],[-92.319692,42.489814],[-92.318593,42.484483],[-92.319814,42.477647],[-92.320139,42.471747],[-92.315989,42.469306],[-92.296783,42.464423],[-92.272939,42.452948],[-92.251088,42.439399],[-92.237782,42.42829],[-92.22057,42.395616],[-92.213002,42.376085],[-92.209828,42.36286],[-92.201731,42.352973],[-92.16275,42.325873],[-92.148997,42.318427],[-92.083608,42.299913],[-92.062734,42.29796],[-92.052968,42.294704],[-92.042877,42.286648],[-92.034901,42.276557],[-92.031646,42.267279],[-92.035227,42.254584],[-92.043365,42.247097],[-92.05248,42.241807],[-92.05899,42.235907],[-92.062815,42.21837],[-92.057769,42.200629],[-92.045725,42.186835],[-92.02831,42.18126],[-92.007883,42.177314],[-91.963531,42.161729],[-91.942942,42.160834],[-91.933502,42.163764],[-91.924428,42.168728],[-91.917714,42.175808],[-91.915028,42.185004],[-91.909332,42.19538],[-91.896718,42.195624],[-91.857249,42.182929],[-91.818349,42.155382],[-91.798329,42.146552],[-91.798329,42.139716],[-91.805776,42.139716],[-91.805776,42.13349],[-91.79955,42.129218],[-91.79186,42.126654],[-91.782541,42.125596],[-91.771596,42.126044],[-91.777496,42.097724],[-91.778432,42.068671],[-91.772125,42.054267],[-91.757314,42.032294],[-91.740224,42.01203],[-91.726918,42.003201],[-91.709869,42.003119],[-91.698354,42.001329],[-91.686431,41.995388],[-91.632558,41.952704],[-91.620839,41.947943],[-91.601308,41.950466],[-91.589467,41.955105],[-91.578725,41.95364],[-91.562489,41.938015],[-91.555776,41.932807],[-91.547027,41.929755],[-91.537587,41.928331],[-91.52831,41.928046],[-91.523101,41.927191],[-91.520334,41.92475],[-91.519114,41.921332],[-91.518544,41.917507],[-91.517974,41.913642],[-91.516469,41.910224],[-91.513295,41.907823],[-91.492014,41.904161],[-91.478831,41.897162],[-91.455678,41.879665],[-91.411855,41.858669],[-91.401112,41.845526],[-91.408437,41.830512],[-91.385365,41.817328],[-91.336171,41.800808],[-91.319244,41.786933],[-91.205474,41.716254],[-91.196197,41.705268],[-91.164906,41.681016],[-91.155426,41.676785],[-91.155507,41.666775],[-91.161488,41.646267],[-91.161,41.629096],[-91.15925,41.620469],[-91.154042,41.612738],[-91.144521,41.607693],[-91.133453,41.604519],[-91.124338,41.599433],[-91.120513,41.588487],[-91.119374,41.577216],[-91.114247,41.562364],[-91.113108,41.554389],[-91.118153,41.54975],[-91.147817,41.537665],[-91.213002,41.479315],[-91.278188,41.440863],[-91.301381,41.41413],[-91.334828,41.350898],[-91.353871,41.324774],[-91.353871,41.317939],[-91.348134,41.310411],[-91.332834,41.283759],[-91.320627,41.273017],[-91.298004,41.261257],[-91.268788,41.238227],[-91.209828,41.213446],[-91.188791,41.208075],[-91.188791,41.201239],[-91.194447,41.180609],[-91.172597,41.154324],[-91.123931,41.115912],[-91.091217,41.09866],[-91.069814,41.114854],[-91.052235,41.144395],[-91.031117,41.1671]]]}},{"type":"Feature","properties":{"name":"Madison","name_en":"Madison","scalerank":1,"min_zoom":2},"geometry":{"type":"MultiLineString","coordinates":[[[-111.0985,44.759345],[-111.145985,44.770128],[-111.184397,44.767686],[-111.204091,44.770046],[-111.219146,44.775173],[-111.230946,44.792263],[-111.239003,44.814887],[-111.255198,44.829901],[-111.275014,44.842149],[-111.31017,44.873114]]]}},{"type":"Feature","properties":{"name":"Madison","name_en":"Madison","scalerank":1,"min_zoom":2},"geometry":{"type":"MultiLineString","coordinates":[[[-111.310211,44.873155],[-111.332753,44.878933],[-111.344716,44.880072],[-111.355702,44.87877],[-111.361928,44.875434],[-111.365956,44.870225],[-111.369293,44.864285],[-111.373769,44.858425],[-111.404042,44.838731],[-111.438547,44.832709],[-111.47411,44.837836],[-111.507721,44.851508],[-111.516957,44.857733],[-111.543365,44.880642],[-111.591624,44.9112],[-111.603383,44.925238],[-111.613271,44.948106],[-111.619781,44.958686],[-111.629547,44.96544],[-111.635813,44.97838],[-111.646637,45.047919],[-111.643381,45.057196],[-111.637074,45.068305],[-111.632883,45.079413],[-111.635813,45.088568],[-111.640004,45.09573],[-111.652903,45.12641],[-111.705922,45.185126],[-111.727447,45.217963],[-111.732411,45.26203],[-111.727651,45.28266],[-111.712229,45.322211],[-111.691803,45.40001],[-111.68224,45.417019],[-111.667633,45.430203],[-111.636057,45.450385],[-111.624664,45.467231],[-111.620717,45.484076],[-111.619211,45.500352],[-111.615549,45.516059],[-111.605214,45.531114],[-111.58434,45.54918],[-111.579172,45.556749],[-111.577056,45.565619],[-111.577382,45.584337],[-111.57551,45.592353],[-111.563629,45.603542],[-111.531484,45.608588],[-111.516347,45.615749],[-111.507069,45.630927],[-111.507639,45.647732],[-111.51183,45.665147],[-111.513499,45.682725],[-111.506744,45.705878],[-111.482249,45.748603],[-111.474517,45.770779],[-111.474965,45.782904],[-111.480946,45.806952],[-111.481191,45.819159],[-111.475087,45.834011],[-111.465932,45.846015],[-111.458852,45.858344],[-111.458648,45.873887],[-111.464915,45.885932],[-111.471791,45.893866],[-111.475494,45.902411],[-111.449574,45.99433],[-111.438059,46.011542],[-111.416331,46.018866],[-111.399037,46.018012],[-111.387563,46.023505],[-111.383412,46.04975],[-111.38976,46.067979],[-111.39094,46.077012],[-111.388092,46.085069],[-111.369781,46.115261],[-111.393137,46.124091],[-111.406361,46.136908],[-111.403066,46.147488],[-111.376576,46.149359],[-111.376576,46.156195],[-111.405385,46.169786],[-111.429311,46.190253],[-111.445668,46.216824],[-111.451731,46.248643],[-111.456125,46.260769],[-111.466379,46.273383],[-111.48644,46.293321],[-111.497792,46.309841],[-111.502187,46.32392],[-111.515859,46.360378]],[[-110.743723,44.726752],[-110.763743,44.720486],[-110.774973,44.708564],[-110.791412,44.676052],[-110.807729,44.659613],[-110.828236,44.650336],[-110.850982,44.646755],[-110.897043,44.648708],[-110.904042,44.650824],[-110.911122,44.655707],[-110.916331,44.6612],[-110.92219,44.66588],[-110.930898,44.66828],[-111.013987,44.663031],[-111.039174,44.66588],[-111.05016,44.677069],[-111.055043,44.69835],[-111.067291,44.722113],[-111.083079,44.743964],[-111.0985,44.759345]]]}},{"type":"Feature","properties":{"name":"Allegheny","name_en":"Allegheny","scalerank":3,"min_zoom":3},"geometry":{"type":"MultiLineString","coordinates":[[[-77.860015,41.831855],[-77.886383,41.824978],[-77.947377,41.83161],[-77.976755,41.824408],[-78.019399,41.781073],[-78.045237,41.764228],[-78.072987,41.763536],[-78.142445,41.788113],[-78.165435,41.79088],[-78.196604,41.790229],[-78.228342,41.790961],[-78.243398,41.793158],[-78.257314,41.797065],[-78.271392,41.80622],[-78.309153,41.848944],[-78.361073,41.891466],[-78.374623,41.906928],[-78.381337,41.924018],[-78.38565,41.948839],[-78.385365,41.974148],[-78.378041,41.992621],[-78.359486,42.001776],[-78.339182,42.005398],[-78.326975,42.013861],[-78.332997,42.037909],[-78.343455,42.048163],[-78.383412,42.073798],[-78.398183,42.078884],[-78.474273,42.079291],[-78.498118,42.085069],[-78.528472,42.103583],[-78.55012,42.109727],[-78.583567,42.096747],[-78.607818,42.092108],[-78.632924,42.090155],[-78.648915,42.092556],[-78.658844,42.108832],[-78.663889,42.131659],[-78.674143,42.151964],[-78.699818,42.160834],[-78.74767,42.160834],[-78.761464,42.158311],[-78.767934,42.151923],[-78.77184,42.143134],[-78.778066,42.13349],[-78.788238,42.121649],[-78.795033,42.116889],[-78.805979,42.113064],[-78.841298,42.113634],[-78.850697,42.10932],[-78.867747,42.096218],[-78.872914,42.088813],[-78.878163,42.061957],[-78.886545,42.056505],[-78.909047,42.051581],[-78.933949,42.03852],[-78.943471,42.027655],[-78.940175,41.942816],[-78.941884,41.922919],[-78.950592,41.900743],[-78.961497,41.881781],[-78.973134,41.8664],[-78.987945,41.856065],[-79.034169,41.849921],[-79.093984,41.831855],[-79.137563,41.831081],[-79.226674,41.842882],[-79.258453,41.83808],[-79.271352,41.82685],[-79.282216,41.809923],[-79.289784,41.791042],[-79.292592,41.77379],[-79.296742,41.764838],[-79.3308,41.730821],[-79.344472,41.711127],[-79.354075,41.701483],[-79.399159,41.687364],[-79.417551,41.676134],[-79.406728,41.639838],[-79.40689,41.614325],[-79.410715,41.58865],[-79.415517,41.571153],[-79.451161,41.519477],[-79.456451,41.499132],[-79.464711,41.484076],[-79.484527,41.477484],[-79.540028,41.475531],[-79.589182,41.461941],[-79.601064,41.461941],[-79.644399,41.471015],[-79.658844,41.468085],[-79.648264,41.448269],[-79.665598,41.429633],[-79.68692,41.426134],[-79.709828,41.428656],[-79.731435,41.427802],[-79.738352,41.424669],[-79.750071,41.416368],[-79.758127,41.41352],[-79.765004,41.41295],[-79.779164,41.413926],[-79.786041,41.41352],[-79.800608,41.406928],[-79.814605,41.395331],[-79.820424,41.384223],[-79.797678,41.374864],[-79.788197,41.364325],[-79.782053,41.351833],[-79.779856,41.341498],[-79.784291,41.330268],[-79.795277,41.325466],[-79.823883,41.324774],[-79.850575,41.311876],[-79.851877,41.285956],[-79.836537,41.265733],[-79.813344,41.270128],[-79.79601,41.256944],[-79.770985,41.22248],[-79.751943,41.208075],[-79.729644,41.214667],[-79.710113,41.19892],[-79.683013,41.152777],[-79.677113,41.138454],[-79.669993,41.08515],[-79.661977,41.060614],[-79.652252,41.050605],[-79.614735,41.036729],[-79.595611,41.022162],[-79.59732,41.009589],[-79.628407,40.982123],[-79.611806,40.97838],[-79.588979,40.981228],[-79.568837,40.980251],[-79.553049,40.949774],[-79.536,40.935411],[-79.515492,40.924872],[-79.498036,40.920681],[-79.49352,40.923774],[-79.486928,40.930121],[-79.479075,40.935126],[-79.470774,40.934353],[-79.463979,40.926215],[-79.464711,40.917263],[-79.468455,40.907416],[-79.470774,40.896511],[-79.478139,40.881781],[-79.513336,40.848009],[-79.52538,40.831326],[-79.531077,40.808051],[-79.531606,40.791449],[-79.535064,40.776679],[-79.54955,40.758979],[-79.556874,40.754014],[-79.565419,40.750922],[-79.574696,40.749213],[-79.584055,40.748725],[-79.59203,40.745144],[-79.591949,40.73668],[-79.588775,40.727484],[-79.587473,40.721462],[-79.601471,40.702338],[-79.619862,40.697455],[-79.640004,40.695258],[-79.667348,40.67947],[-79.691558,40.669053],[-79.696685,40.663682],[-79.697336,40.650336],[-79.699574,40.63935],[-79.703928,40.629462],[-79.710927,40.619005],[-79.727366,40.608466],[-79.750396,40.600287],[-79.770985,40.590277],[-79.779856,40.574286],[-79.777211,40.570828],[-79.772613,40.560004],[-79.770741,40.548611],[-79.776112,40.54328],[-79.813791,40.544623],[-79.827016,40.54328],[-79.84317,40.533515],[-79.861562,40.502753],[-79.878245,40.496161],[-79.927398,40.498236],[-79.952789,40.496405],[-79.971669,40.488715],[-79.978342,40.479071],[-79.984527,40.456651],[-79.990875,40.447699]]]}},{"type":"Feature","properties":{"name":"San Pedro","name_en":"San Pedro","scalerank":8,"min_zoom":7},"geometry":{"type":"MultiLineString","coordinates":[[[-104.68578,23.988308],[-104.647613,23.994574],[-104.609242,24.013943],[-104.54011,24.06037],[-104.513905,24.072699],[-104.489613,24.076728],[-104.465199,24.072699],[-104.426015,24.055284],[-104.387603,24.048529],[-104.34732,24.023383],[-104.333241,23.977851],[-104.326039,23.925971],[-104.306467,23.881903],[-104.286448,23.865587],[-104.278879,23.857449],[-104.274037,23.844306],[-104.273346,23.83572],[-104.277455,23.809841],[-104.280426,23.792548],[-104.280507,23.7838],[-104.27892,23.77501],[-104.273508,23.765815],[-104.256907,23.750271],[-104.252024,23.740302],[-104.253651,23.715522],[-104.265248,23.69245],[-104.298411,23.651882],[-104.311594,23.640489],[-104.342519,23.623887],[-104.355295,23.612576],[-104.362904,23.596462],[-104.369456,23.539008],[-104.374989,23.517849],[-104.435414,23.397732],[-104.441803,23.375841],[-104.442128,23.314805],[-104.448232,23.283067],[-104.460032,23.252753],[-104.479075,23.227566],[-104.506988,23.211208],[-104.516998,23.209744],[-104.53482,23.212999],[-104.54426,23.213731],[-104.553049,23.211982],[-104.577952,23.202948],[-104.587026,23.202216],[-104.613678,23.204372],[-104.630605,23.201768],[-104.671457,23.181952],[-104.731923,23.169745],[-104.752105,23.16116],[-104.822865,23.103339],[-104.850413,23.092597],[-104.889312,23.087958],[-104.903798,23.082099],[-104.993886,23.024848],[-105.009918,23.003241],[-105.016672,22.977362],[-105.013417,22.946112],[-105.009267,22.933905],[-104.998402,22.91059],[-104.994252,22.898261],[-104.993276,22.883002],[-104.994496,22.851345],[-104.989654,22.839464],[-104.981597,22.834988],[-104.960317,22.833116],[-104.951161,22.831163],[-104.939036,22.824408],[-104.933339,22.817816],[-104.927073,22.797146],[-104.906402,22.75377],[-104.906158,22.738837],[-104.912424,22.704657],[-104.912709,22.673651],[-104.89269,22.586982],[-104.893137,22.564521],[-104.898508,22.542792],[-104.908559,22.522895],[-104.92394,22.50495],[-104.940256,22.495185],[-104.958892,22.4914],[-104.981313,22.491156],[-104.999013,22.489081],[-105.019439,22.482367],[-105.037506,22.471951],[-105.048248,22.458767],[-105.050526,22.436713],[-105.011627,22.284532],[-104.948354,22.166083],[-104.938629,22.143012],[-104.932444,22.118272],[-104.92984,22.090684],[-104.931142,22.062201],[-104.937164,22.034613],[-104.967356,21.979682],[-104.97936,21.967231],[-104.994781,21.96072],[-105.010081,21.963406],[-105.029368,21.969835],[-105.04776,21.97309],[-105.06078,21.965928],[-105.078603,21.944688],[-105.090728,21.948432],[-105.103749,21.962104],[-105.124013,21.970893],[-105.143056,21.9678],[-105.18163,21.951931],[-105.203277,21.949571],[-105.210601,21.952338],[-105.224924,21.962185],[-105.232167,21.963935],[-105.24177,21.959499],[-105.248443,21.951239],[-105.255971,21.943874],[-105.268056,21.941718],[-105.286448,21.942979],[-105.390248,21.9289],[-105.407338,21.916856],[-105.426178,21.890408]],[[-105.477528,21.781765],[-105.496409,21.761257]]]}},{"type":"Feature","properties":{"name":"S. Fork Republican","name_en":"S. Fork Republican","scalerank":8,"min_zoom":7},"geometry":{"type":"MultiLineString","coordinates":[[[-102.404693,39.590155],[-102.263783,39.643012],[-102.177602,39.650214],[-102.058217,39.676947],[-102.046986,39.68122],[-102.018137,39.70128],[-102.001373,39.707384],[-101.966664,39.715399],[-101.83845,39.777696],[-101.802561,39.801093],[-101.773508,39.830878],[-101.691803,39.914578],[-101.663971,39.952501],[-101.641916,39.971218],[-101.554189,40.029079],[-101.536,40.044501],[-101.503814,40.078925],[-101.485992,40.094265],[-101.456207,40.110907],[-101.299224,40.1612],[-101.088246,40.194037],[-100.955434,40.200873],[-100.829905,40.233832],[-100.795155,40.238593]]]}},{"type":"Feature","properties":{"name":"Tuscarawas","name_en":"Tuscarawas","scalerank":8,"min_zoom":7},"geometry":{"type":"MultiLineString","coordinates":[[[-81.345937,40.952582],[-81.369049,40.969997],[-81.393951,40.98432],[-81.421986,40.995551],[-81.457509,40.998074],[-81.473988,41.004991],[-81.489817,41.013739],[-81.518137,41.022284],[-81.555409,41.028266],[-81.567494,41.032009],[-81.584625,41.032497],[-81.600575,41.021186],[-81.608225,41.008002],[-81.604726,40.99726],[-81.595367,40.985663],[-81.597279,40.976589],[-81.605092,40.967231],[-81.610463,40.956732],[-81.631174,40.932725],[-81.63036,40.919501],[-81.613637,40.909247],[-81.595448,40.898871],[-81.588002,40.882839],[-81.579579,40.869086],[-81.539906,40.845526],[-81.52717,40.831326],[-81.523874,40.811876],[-81.52717,40.745632],[-81.523183,40.726874],[-81.513743,40.711534],[-81.502187,40.696967],[-81.492421,40.680487],[-81.486155,40.650336],[-81.479482,40.643256],[-81.465077,40.653144],[-81.447662,40.640245],[-81.429677,40.615343],[-81.415639,40.588731],[-81.40982,40.570624],[-81.41454,40.54621],[-81.427968,40.528347],[-81.448069,40.517849],[-81.472524,40.515326],[-81.450266,40.486518],[-81.417551,40.459906],[-81.3933,40.432074],[-81.396148,40.399929],[-81.410308,40.384101],[-81.47057,40.342068],[-81.488026,40.333441],[-81.540191,40.290066],[-81.581939,40.267157],[-81.617584,40.27143],[-81.65392,40.286689],[-81.697865,40.296902],[-81.839426,40.295925],[-81.846181,40.292792]]]}},{"type":"Feature","properties":{"name":"Urique","name_en":"Urique","scalerank":8,"min_zoom":7},"geometry":{"type":"MultiLineString","coordinates":[[[-106.940582,26.905585],[-106.962473,26.927069],[-106.981313,26.935492],[-107.002349,26.936306],[-107.030751,26.934841],[-107.048736,26.940009],[-107.062367,26.953884],[-107.070465,26.972357],[-107.071848,26.991645],[-107.065297,27.008165],[-107.053456,27.01496],[-107.038442,27.018419],[-107.02245,27.02501],[-107.01537,27.035509],[-107.015452,27.049669],[-107.026601,27.09516],[-107.031565,27.106472],[-107.039133,27.115505],[-107.051015,27.126573],[-107.060699,27.137315],[-107.077056,27.160956],[-107.085927,27.17239],[-107.10969,27.195909],[-107.120758,27.208319],[-107.125966,27.216864],[-107.129547,27.222724],[-107.134185,27.242255],[-107.135976,27.26203],[-107.141428,27.278428],[-107.157135,27.287706],[-107.168446,27.288275],[-107.178334,27.286973],[-107.188466,27.286892],[-107.200307,27.290839],[-107.215159,27.301703],[-107.228261,27.315538],[-107.240834,27.330268],[-107.253896,27.343573],[-107.271311,27.353095],[-107.287424,27.353461],[-107.303578,27.350653],[-107.320953,27.350694],[-107.332631,27.355048],[-107.342926,27.362006],[-107.353017,27.369493],[-107.364003,27.375312],[-107.374135,27.377997],[-107.39623,27.380968],[-107.406728,27.383124],[-107.484975,27.402126],[-107.495107,27.405219],[-107.504384,27.4088],[-107.513336,27.413113],[-107.522694,27.418484],[-107.53303,27.427802],[-107.539377,27.438341],[-107.544993,27.449408],[-107.552887,27.46015],[-107.567006,27.470649],[-107.584828,27.479356],[-107.620269,27.493842],[-107.649159,27.509467],[-107.678375,27.527289],[-107.708404,27.543036],[-107.739613,27.552436],[-107.760365,27.541571],[-107.784169,27.512763],[-107.805572,27.479682],[-107.819203,27.455675],[-107.824859,27.440294],[-107.828765,27.421088],[-107.83434,27.384345],[-107.835072,27.375108],[-107.834543,27.35578],[-107.835927,27.347032],[-107.840077,27.338935],[-107.84557,27.33279],[-107.85143,27.326931],[-107.856597,27.31977],[-107.863189,27.302802],[-107.866933,27.285834],[-107.871653,27.268988],[-107.881459,27.252387],[-107.892893,27.238634],[-107.897369,27.229682],[-107.895172,27.220079],[-107.88622,27.204535],[-107.868072,27.166571],[-107.859202,27.129991],[-107.856923,27.092312],[-107.858632,27.050808],[-107.868276,27.017117],[-107.888417,26.996283],[-107.914052,26.980048],[-107.933217,26.965196],[-107.939809,26.958604],[-107.943186,26.951972],[-107.946523,26.944892]]]}},{"type":"Feature","properties":{"name":"Niagara","name_en":"Niagara","scalerank":3,"min_zoom":3},"geometry":{"type":"MultiLineString","coordinates":[[[-79.059193,43.278022],[-79.054555,43.260688],[-79.049428,43.170844],[-79.05012,43.160102],[-79.052398,43.147081],[-79.056386,43.138699],[-79.062164,43.130561],[-79.066518,43.120469],[-79.066029,43.106065]]]}},{"type":"Feature","properties":{"name":"St. Clair","name_en":"St. Clair","scalerank":3,"min_zoom":3},"geometry":{"type":"MultiLineString","coordinates":[[[-82.417226,43.017401],[-82.415395,42.983466],[-82.431264,42.951524],[-82.453969,42.919216],[-82.465566,42.883897],[-82.468861,42.864285],[-82.483062,42.835395],[-82.486073,42.818712],[-82.474436,42.798407],[-82.47175,42.790839],[-82.472076,42.780097],[-82.477773,42.761746],[-82.484202,42.719509],[-82.512034,42.646918],[-82.526967,42.620144],[-82.550038,42.591254],[-82.57665,42.572048],[-82.609283,42.561347],[-82.645131,42.558051]]]}},{"type":"Feature","properties":{"name":"Missouri","name_en":"Missouri","scalerank":1,"min_zoom":2},"geometry":{"type":"MultiLineString","coordinates":[[[-106.405629,48.020331],[-106.409006,48.000515],[-106.437327,47.961208],[-106.478912,47.934109],[-106.509674,47.905341],[-106.531158,47.867865],[-106.557281,47.841173],[-106.59142,47.826728],[-106.631825,47.812201],[-106.700103,47.781195],[-106.72761,47.764024],[-106.78303,47.756293],[-106.844797,47.757351],[-106.867787,47.745958],[-106.879465,47.712348],[-106.929921,47.688015],[-107.039662,47.679755],[-107.081288,47.679226],[-107.118316,47.68183],[-107.196929,47.675605],[-107.234242,47.677924],[-107.277699,47.688015],[-107.318349,47.703315],[-107.348053,47.710761],[-107.372141,47.711534],[-107.397776,47.69835],[-107.412913,47.676785],[-107.416819,47.658881],[-107.422109,47.640977],[-107.451568,47.635321],[-107.513661,47.650336],[-107.553375,47.662624],[-107.583974,47.663682],[-107.626576,47.656358],[-107.657623,47.645819],[-107.67748,47.635321],[-107.703603,47.601752],[-107.722239,47.582058],[-107.74828,47.567003],[-107.778961,47.557563],[-107.804107,47.550849],[-107.821523,47.544786],[-107.831451,47.524766],[-107.832875,47.50849],[-107.835194,47.498725],[-107.84435,47.474392],[-107.874867,47.463975],[-107.893544,47.476996],[-107.893544,47.501247],[-107.90392,47.5456],[-107.928293,47.580634],[-107.961781,47.596747],[-107.995269,47.605496],[-108.100819,47.606757],[-108.19636,47.601589]],[[-101.400136,47.505805],[-101.39981,47.505968],[-101.399648,47.506171],[-101.387115,47.536444],[-101.403554,47.554551],[-101.41804,47.563178],[-101.437123,47.567003],[-101.46935,47.570136],[-101.50536,47.569525],[-101.537017,47.563422],[-101.60733,47.539374],[-101.635732,47.533515],[-101.66804,47.528022],[-101.703969,47.527289],[-101.737945,47.530829],[-101.77477,47.529731],[-101.813222,47.523546],[-101.848012,47.521064],[-101.883697,47.52204],[-101.949615,47.535468],[-101.980824,47.539659],[-102.054067,47.567003],[-102.084828,47.576972],[-102.11734,47.590603],[-102.15217,47.596503],[-102.190582,47.600531],[-102.223704,47.610785],[-102.253977,47.62287],[-102.266184,47.64289],[-102.247548,47.685126],[-102.242747,47.699815],[-102.250071,47.718451],[-102.267568,47.737087],[-102.282338,47.755886],[-102.292388,47.790473],[-102.313344,47.806098],[-102.34081,47.792914],[-102.361806,47.786729],[-102.40689,47.778998],[-102.441396,47.779242],[-102.477406,47.78795],[-102.517079,47.80036],[-102.557485,47.80626],[-102.594065,47.810329],[-102.620758,47.822292],[-102.640004,47.838894],[-102.641591,47.868191],[-102.63036,47.91352],[-102.628814,47.929511],[-102.622182,47.948757],[-102.608998,47.964219],[-102.59675,47.96955],[-102.577952,47.984076],[-102.559641,48.007107],[-102.565541,48.018866],[-102.582875,48.027208],[-102.607737,48.033759],[-102.62975,48.044298],[-102.702056,48.095811],[-102.740549,48.116034],[-102.779042,48.130642],[-102.880849,48.150458],[-102.967681,48.160427],[-103.013051,48.162543],[-103.062082,48.162909],[-103.15392,48.157904],[-103.191477,48.138373],[-103.215972,48.10578],[-103.233998,48.086493],[-103.255727,48.07099],[-103.286733,48.061387],[-103.325266,48.061103],[-103.355051,48.05919],[-103.384836,48.053656],[-103.466786,48.023871],[-103.508372,48.036241],[-103.531321,48.07099],[-103.54308,48.095811],[-103.551137,48.128119],[-103.584706,48.143622],[-103.62564,48.133083],[-103.677805,48.108222],[-103.708852,48.088975],[-103.739858,48.066026],[-103.759592,48.045844],[-103.77123,48.028998]],[[-100.777211,46.713324],[-100.777415,46.702419],[-100.760121,46.680243],[-100.728098,46.663886],[-100.695953,46.656521],[-100.656158,46.641059],[-100.627105,46.625678],[-100.597401,46.60578],[-100.574818,46.573432],[-100.571889,46.540717],[-100.572499,46.511664],[-100.577789,46.48668],[-100.580556,46.465888],[-100.587066,46.452257],[-100.584299,46.431179],[-100.566151,46.40351],[-100.554514,46.377753],[-100.55016,46.353583],[-100.54955,46.333075],[-100.55663,46.315701],[-100.565663,46.302069],[-100.572336,46.285468],[-100.570627,46.266059],[-100.565338,46.238593],[-100.57311,46.213935],[-100.589101,46.201483],[-100.607818,46.18537],[-100.629465,46.168484],[-100.635162,46.15058],[-100.623118,46.127956],[-100.612864,46.103461],[-100.606109,46.076117],[-100.593007,46.052558],[-100.565826,46.027533],[-100.543324,45.997911],[-100.52481,45.96544],[-100.499867,45.939561],[-100.472076,45.919542],[-100.441518,45.902289],[-100.411244,45.880927],[-100.393137,45.857611],[-100.38268,45.821804],[-100.365834,45.786892],[-100.347035,45.763292],[-100.331044,45.735948],[-100.320953,45.712836],[-100.328521,45.692572],[-100.355702,45.680121],[-100.38565,45.66767],[-100.411448,45.660915],[-100.431549,45.639187],[-100.45051,45.609483],[-100.4676,45.591986],[-100.482655,45.573065],[-100.476308,45.548529],[-100.454986,45.52912],[-100.391713,45.503038],[-100.357086,45.485216],[-100.307607,45.427517],[-100.295033,45.407009],[-100.289622,45.386664],[-100.299957,45.363593],[-100.315663,45.3463],[-100.317372,45.330024],[-100.306386,45.303534],[-100.292551,45.274197],[-100.280141,45.255561],[-100.282582,45.233222],[-100.291005,45.210273],[-100.293813,45.183539],[-100.30309,45.157538],[-100.316151,45.127712],[-100.328725,45.092637],[-100.323598,45.06684],[-100.3037,45.042548],[-100.339711,45.035834],[-100.398834,45.0303],[-100.417958,45.002305],[-100.427235,44.975043],[-100.425404,44.951443],[-100.411733,44.899237],[-100.413442,44.880683],[-100.450795,44.838324],[-100.472524,44.828559],[-100.494862,44.827257],[-100.509836,44.811143],[-100.534983,44.773749],[-100.584299,44.77265],[-100.637929,44.813992],[-100.671132,44.831],[-100.7058,44.832709],[-100.728261,44.811143],[-100.722524,44.781195],[-100.647572,44.729193],[-100.636383,44.709337],[-100.636383,44.685736],[-100.642934,44.651801],[-100.64391,44.615017],[-100.632192,44.590196],[-100.606597,44.572821],[-100.571116,44.563015],[-100.545766,44.554145],[-100.537587,44.543321],[-100.550771,44.523139],[-100.581451,44.504218],[-100.584299,44.487128],[-100.557729,44.470282],[-100.524729,44.467231],[-100.485097,44.47073],[-100.453969,44.472235],[-100.420766,44.466498],[-100.393137,44.444932],[-100.392893,44.444403],[-100.39269,44.443793]],[[-111.515736,46.362494],[-111.51358,46.424099],[-111.52066,46.452257],[-111.548085,46.504584],[-111.568471,46.535264],[-111.593821,46.561835],[-111.654124,46.613552],[-111.678293,46.640692],[-111.688385,46.653876],[-111.697336,46.661566]],[[-99.364858,43.990912],[-99.36441,43.990587],[-99.35969,43.985867],[-99.358632,43.966132],[-99.36148,43.94241],[-99.361928,43.929755],[-99.360911,43.919257],[-99.343739,43.89997],[-99.325307,43.883409],[-99.320546,43.871853],[-99.315175,43.86164],[-99.327138,43.845323],[-99.3485,43.82571],[-99.358632,43.812201],[-99.369211,43.802761],[-99.388417,43.795722],[-99.413889,43.785183],[-99.423207,43.77086],[-99.421498,43.752631],[-99.414906,43.739447],[-99.406402,43.727159],[-99.426422,43.711249],[-99.453196,43.703192],[-99.461252,43.696397],[-99.468007,43.685411],[-99.461252,43.673163],[-99.440094,43.665961],[-99.416575,43.664903],[-99.387563,43.659532],[-99.363596,43.641791],[-99.352854,43.618964],[-99.347035,43.5987],[-99.337514,43.580919],[-99.320546,43.565619],[-99.296986,43.546576],[-99.290761,43.527615],[-99.303822,43.509955],[-99.305653,43.491156],[-99.295766,43.47252],[-99.280832,43.461371],[-99.251454,43.453559],[-99.177602,43.429877],[-99.141754,43.411689],[-99.115468,43.377143],[-99.080556,43.338894],[-99.049713,43.311143],[-99.022613,43.290839],[-99.002105,43.276964],[-98.972971,43.264431],[-98.920033,43.254462],[-98.897084,43.241645],[-98.880279,43.216376],[-98.884836,43.191352],[-98.876943,43.174994],[-98.856068,43.166693],[-98.828969,43.163398],[-98.785878,43.155951],[-98.757802,43.143581],[-98.743072,43.123074],[-98.719716,43.103827],[-98.696523,43.090196],[-98.668365,43.082343],[-98.603261,43.072943],[-98.559682,43.059882]]]}},{"type":"Feature","properties":{"name":"Missouri","name_en":"Missouri","scalerank":1,"min_zoom":2},"geometry":{"type":"MultiLineString","coordinates":[[[-106.405832,48.020779],[-106.389882,48.060004],[-106.353627,48.070258],[-106.241567,48.057929],[-106.195383,48.043769],[-106.17219,48.040595],[-106.120269,48.042914],[-106.100942,48.037421],[-106.107574,48.020087],[-106.08731,48.013454],[-106.072499,48.02143],[-106.059682,48.033759],[-106.045522,48.040595],[-106.029124,48.035346],[-106.001617,48.013048],[-105.984039,48.012641],[-105.982655,48.017849],[-105.984771,48.036485],[-105.980621,48.040595],[-105.971303,48.038764],[-105.957183,48.029731],[-105.94933,48.026313],[-105.912262,48.020372],[-105.874827,48.020087],[-105.881459,48.041124],[-105.864369,48.038845],[-105.822987,48.020087],[-105.800038,48.023505],[-105.73766,48.04682],[-105.727773,48.047065],[-105.707834,48.044786],[-105.696116,48.04682],[-105.68635,48.052314],[-105.679311,48.059027],[-105.671213,48.064805],[-105.658193,48.067328],[-105.620351,48.060981],[-105.614125,48.064236],[-105.614613,48.078559],[-105.613637,48.084337],[-105.607655,48.086249],[-105.593007,48.088975],[-105.505442,48.08865],[-105.491282,48.092108],[-105.478017,48.105821],[-105.447906,48.1081],[-105.395009,48.101996],[-105.230214,48.101996],[-105.211822,48.099473],[-105.19579,48.095242],[-105.188588,48.08865],[-105.182851,48.080146],[-105.175893,48.076687],[-105.164784,48.085273],[-105.159088,48.094428],[-105.157094,48.10045],[-105.152943,48.104682],[-105.141184,48.108222],[-105.138783,48.104438],[-105.108876,48.093085],[-105.103017,48.092108],[-105.094594,48.087104],[-105.074615,48.080675],[-105.0655,48.074774],[-105.05248,48.080593],[-105.040679,48.079901],[-105.029164,48.076687],[-105.017079,48.074774],[-105.004709,48.076972],[-104.977651,48.086737],[-104.966176,48.088975],[-104.958079,48.093207],[-104.945221,48.111518],[-104.938832,48.115749],[-104.923248,48.116319],[-104.912343,48.11872],[-104.903554,48.123074],[-104.894154,48.12995],[-104.887196,48.139024],[-104.883901,48.147732],[-104.877187,48.15412],[-104.859975,48.156684],[-104.848297,48.15351],[-104.826324,48.13935],[-104.815582,48.136176],[-104.767201,48.136176],[-104.751129,48.134385],[-104.709218,48.122504],[-104.619456,48.121649],[-104.609853,48.126288],[-104.601471,48.133124],[-104.590321,48.138699],[-104.578684,48.142279],[-104.568918,48.143622],[-104.562611,48.141466],[-104.551991,48.132107],[-104.544667,48.12995],[-104.536936,48.131049],[-104.524322,48.135443],[-104.517405,48.136176],[-104.41808,48.12995],[-104.410308,48.125678],[-104.39802,48.106391],[-104.391103,48.101996],[-104.378326,48.099677],[-104.317006,48.073798],[-104.250478,48.061103],[-104.240061,48.057563],[-104.221344,48.048611],[-104.208608,48.04682],[-104.195953,48.051134],[-104.187327,48.060818],[-104.181711,48.07038],[-104.178212,48.074774],[-104.16039,48.075059],[-104.14684,48.067328],[-104.145985,48.063666],[-104.147613,48.050401],[-104.14684,48.04682],[-104.139231,48.045681],[-104.132721,48.048611],[-104.126454,48.052517],[-104.119537,48.054267],[-104.102122,48.052354],[-104.081776,48.047431],[-104.065053,48.038113],[-104.058095,48.02322],[-104.03482,48.013292],[-103.900461,47.992214],[-103.880279,47.98664],[-103.855377,47.983181],[-103.834299,47.988471],[-103.825307,48.009304],[-103.81786,48.014919],[-103.783803,48.014594],[-103.772328,48.027289]],[[-101.399648,47.506171],[-101.430247,47.477118],[-101.417877,47.43476],[-101.364898,47.355333],[-101.351552,47.310655],[-101.338612,47.293402],[-101.291371,47.281846],[-101.255686,47.259792],[-101.214223,47.245917],[-101.203033,47.245876],[-101.193593,47.251654],[-101.192291,47.26081],[-101.194203,47.287665],[-101.190175,47.29328],[-101.180735,47.295437],[-101.158559,47.304796],[-101.148915,47.306952],[-101.042795,47.29328],[-101.009511,47.275946],[-100.998687,47.273383],[-100.974477,47.248603],[-100.975209,47.235053],[-100.97761,47.227729],[-100.988149,47.210761],[-100.993886,47.193061],[-100.991607,47.17829],[-100.982533,47.164374],[-100.936879,47.11518],[-100.924306,47.095526],[-100.91926,47.077908],[-100.915028,47.072374],[-100.89623,47.062283],[-100.891957,47.05683],[-100.893137,47.044867],[-100.896311,47.033637],[-100.906239,47.012763],[-100.928782,46.988349],[-100.932932,46.977973],[-100.930409,46.967393],[-100.916371,46.950466],[-100.913075,46.940456],[-100.910634,46.920233],[-100.904042,46.899034],[-100.894154,46.882392],[-100.816803,46.834581],[-100.81314,46.811713],[-100.835032,46.775702],[-100.827056,46.755439],[-100.808827,46.74726],[-100.786733,46.741767],[-100.773508,46.732042],[-100.77717,46.713731]],[[-111.698801,46.662665],[-111.753529,46.664333],[-111.777943,46.673407],[-111.788157,46.693956],[-111.788686,46.721869],[-111.793609,46.732774],[-111.836537,46.745185],[-111.857655,46.756903],[-111.872955,46.772773],[-111.901112,46.810085],[-111.920969,46.824164],[-111.923655,46.83157],[-111.91511,46.84455],[-111.898834,46.856391],[-111.891957,46.864366],[-111.890533,46.875556],[-111.896108,46.88703],[-111.90453,46.888943],[-111.914866,46.889106],[-111.925933,46.895453],[-111.929758,46.905463],[-111.928822,46.929145],[-111.935211,46.940456],[-111.93871,46.949774],[-111.93871,46.962348],[-111.940419,46.973253],[-111.979888,46.999091],[-112.000234,47.021674],[-112.004628,47.037543],[-111.996938,47.051703],[-111.94343,47.115587],[-111.929596,47.127509],[-111.827382,47.161689],[-111.812327,47.178656],[-111.803782,47.193183],[-111.766225,47.21072],[-111.75768,47.219997],[-111.751698,47.228949],[-111.687327,47.282823],[-111.520619,47.383246],[-111.491282,47.389228],[-111.48644,47.389512],[-111.484609,47.399034],[-111.489654,47.405341],[-111.49828,47.4088],[-111.506947,47.40998],[-111.506947,47.416815],[-111.469716,47.423855],[-111.452626,47.42475],[-111.431874,47.423651],[-111.412424,47.418647],[-111.401723,47.419216],[-111.391957,47.438259],[-111.38036,47.435736],[-111.360178,47.423651],[-111.336781,47.425401],[-111.329457,47.423651],[-111.319936,47.416775],[-111.315582,47.409369],[-111.30956,47.405707],[-111.294667,47.40998],[-111.275543,47.426215],[-111.277699,47.443671],[-111.288319,47.460476],[-111.294667,47.474799],[-111.296376,47.513861],[-111.28775,47.528022],[-111.253489,47.535346],[-111.235178,47.544013],[-111.225819,47.546495],[-111.21349,47.546007],[-111.190582,47.540839],[-111.178578,47.54031],[-111.169016,47.542344],[-111.159413,47.546169],[-111.11974,47.568915],[-111.109446,47.572943],[-111.099192,47.57449],[-111.086252,47.580512],[-111.041168,47.621446],[-111.038564,47.622748],[-111.030507,47.631903],[-111.027903,47.633124],[-111.015736,47.6612],[-111.008941,47.672553],[-110.997141,47.686957],[-110.944692,47.731147],[-110.905588,47.775702],[-110.888499,47.787909],[-110.866444,47.792792],[-110.838612,47.788275],[-110.786,47.771837],[-110.760243,47.773057],[-110.719472,47.789252],[-110.613149,47.849921],[-110.603749,47.851752],[-110.579823,47.853217],[-110.571523,47.856065],[-110.569936,47.865058],[-110.569081,47.879096],[-110.563588,47.887559],[-110.547963,47.880316],[-110.527415,47.875312],[-110.499827,47.880968],[-110.473215,47.892401],[-110.455474,47.904486],[-110.45165,47.907782],[-110.448354,47.91002],[-110.44518,47.912909],[-110.441803,47.918158],[-110.469228,47.917751],[-110.467275,47.932644],[-110.448232,47.950507],[-110.424428,47.959174],[-110.400258,47.961982],[-110.380116,47.969062],[-110.283111,48.024848],[-110.267079,48.024278],[-110.247792,48.017442],[-110.226918,48.028266],[-110.20641,48.044623],[-110.187978,48.054714],[-110.159739,48.055121],[-110.140004,48.046698],[-110.10912,48.017157],[-110.102935,48.009711],[-110.08845,47.985419],[-110.082265,47.967719],[-110.058217,47.938666],[-110.048004,47.915554],[-110.049143,47.899522],[-110.054799,47.883368],[-110.058217,47.859483],[-110.048818,47.843126],[-110.026845,47.831366],[-109.982533,47.815131],[-109.943593,47.793647],[-109.920562,47.784695],[-109.89684,47.781033],[-109.88801,47.777859],[-109.881825,47.770087],[-109.876454,47.760118],[-109.869862,47.750556],[-109.860829,47.74433],[-109.847483,47.738878],[-109.832346,47.734809],[-109.705068,47.726386],[-109.687896,47.731513],[-109.648671,47.754584],[-109.62621,47.760525],[-109.585276,47.760525],[-109.533437,47.767401],[-109.506825,47.764228],[-109.459218,47.750352],[-109.435048,47.746853],[-109.387685,47.753201],[-109.263173,47.808905],[-109.237294,47.813544],[-109.199941,47.813544],[-109.163442,47.808295],[-109.140004,47.797309],[-109.118764,47.790351],[-109.090891,47.797146],[-109.062408,47.808214],[-109.039703,47.814032],[-108.940745,47.814032],[-108.931142,47.81212],[-108.921295,47.807074],[-108.913686,47.799506],[-108.910634,47.790473],[-108.913319,47.779731],[-108.919342,47.764838],[-108.925852,47.753282],[-108.92984,47.75255],[-108.916168,47.738878],[-108.866322,47.743679],[-108.844838,47.735541],[-108.825551,47.722724],[-108.777333,47.70539],[-108.759145,47.691189],[-108.750966,47.663682],[-108.745473,47.656358],[-108.732411,47.65351],[-108.700347,47.657538],[-108.687164,47.653266],[-108.666982,47.63996],[-108.648101,47.634589],[-108.58495,47.63642],[-108.526357,47.628526],[-108.488596,47.629096],[-108.476308,47.625678],[-108.465077,47.619696],[-108.453603,47.61754],[-108.440785,47.625678],[-108.425771,47.632636],[-108.414459,47.623643],[-108.402252,47.601752],[-108.390248,47.598904],[-108.348256,47.595526],[-108.316518,47.583197],[-108.30012,47.579454],[-108.280019,47.594591],[-108.249867,47.599677],[-108.190582,47.601752]],[[-100.393137,44.444932],[-100.378041,44.4053],[-100.35851,44.372097],[-100.328359,44.350287],[-100.28246,44.340033],[-100.126129,44.327094],[-100.077016,44.312771],[-100.01061,44.276923],[-99.990712,44.271796],[-99.940826,44.27029],[-99.916493,44.264106],[-99.9051,44.250678],[-99.909535,44.234931],[-99.93456,44.206855],[-99.940419,44.185818],[-99.93102,44.171088],[-99.909006,44.152655],[-99.883534,44.136176],[-99.864084,44.127143],[-99.837148,44.123725],[-99.751454,44.127143],[-99.725819,44.124213],[-99.676137,44.110704],[-99.651845,44.107245],[-99.638173,44.107042],[-99.624867,44.108466],[-99.614858,44.113471],[-99.610829,44.12405],[-99.61205,44.136664],[-99.616078,44.148953],[-99.623606,44.158271],[-99.657216,44.166856],[-99.713246,44.202908],[-99.692616,44.2178],[-99.660553,44.221788],[-99.625844,44.218085],[-99.597239,44.209744],[-99.57311,44.191962],[-99.565745,44.168891],[-99.569244,44.110419],[-99.55842,44.083564],[-99.532053,44.065497],[-99.499582,44.055243],[-99.470286,44.052069],[-99.445139,44.044542],[-99.36441,43.990587]],[[-98.552113,43.057074],[-98.546051,43.047553],[-98.523834,43.02619],[-98.482086,42.998074],[-98.461903,42.979763],[-98.454254,42.974555],[-98.349233,42.923407],[-98.343332,42.922309],[-98.33137,42.921902],[-98.325836,42.920925],[-98.284088,42.899848],[-98.242991,42.872382],[-98.104807,42.828233],[-98.09439,42.820014],[-98.090159,42.808173],[-98.078521,42.802436],[-98.006988,42.784003],[-97.97997,42.782253],[-97.952992,42.784003],[-97.942006,42.788275],[-97.921295,42.801622],[-97.914866,42.80447],[-97.911041,42.809353],[-97.898346,42.835801],[-97.89509,42.849148],[-97.886708,42.857611],[-97.875396,42.862982],[-97.863637,42.867133],[-97.838857,42.871405],[-97.770497,42.859687],[-97.729563,42.867133],[-97.716786,42.865261],[-97.696604,42.856147],[-97.684804,42.852851],[-97.661285,42.854031],[-97.622141,42.869452],[-97.599843,42.873358],[-97.527577,42.860216],[-97.500478,42.859687],[-97.301259,42.88703],[-97.27595,42.884223],[-97.255483,42.876329],[-97.238271,42.864325],[-97.208241,42.835313],[-97.171742,42.809841],[-97.150461,42.798285],[-97.127349,42.789496],[-97.103668,42.785346],[-97.051422,42.784003],[-97.041615,42.781928],[-97.019602,42.772976],[-96.992502,42.768826],[-96.9829,42.763536],[-96.975819,42.756659],[-96.965443,42.749823],[-96.947174,42.745063],[-96.857045,42.740017],[-96.839426,42.732123],[-96.825795,42.721137],[-96.814687,42.708848],[-96.808095,42.699164],[-96.804758,42.692165],[-96.799428,42.686713],[-96.787343,42.681586],[-96.774648,42.679551],[-96.733022,42.681586],[-96.722646,42.680528],[-96.708892,42.677436],[-96.696889,42.672065],[-96.691762,42.664496],[-96.694732,42.6553],[-96.700836,42.64822],[-96.705881,42.639919],[-96.705434,42.62698],[-96.693674,42.615058],[-96.652333,42.591498],[-96.643381,42.575466],[-96.639516,42.556098],[-96.628651,42.542507],[-96.61144,42.534206],[-96.438547,42.512763],[-96.414662,42.506537],[-96.397572,42.496609],[-96.383616,42.455268],[-96.397328,42.4112],[-96.402252,42.368923],[-96.36856,42.338324],[-96.367299,42.322211],[-96.353179,42.3133],[-96.342437,42.300116],[-96.336578,42.283271],[-96.334828,42.260077],[-96.339467,42.24079],[-96.347768,42.224066],[-96.35143,42.205634],[-96.342275,42.18126],[-96.327992,42.165717],[-96.294504,42.148708],[-96.276763,42.136583],[-96.265736,42.119452],[-96.263905,42.100613],[-96.264394,42.080024],[-96.260365,42.057807],[-96.232533,42.028876],[-96.190745,42.010077],[-96.154408,41.987738],[-96.143056,41.947943],[-96.146392,41.9383],[-96.156361,41.918769],[-96.157338,41.906928],[-96.153554,41.898017],[-96.137807,41.871527],[-96.133127,41.865994],[-96.074127,41.818793],[-96.06432,41.795844],[-96.068105,41.776435],[-96.076772,41.758368],[-96.081654,41.739366],[-96.080312,41.725857],[-96.079091,41.72016],[-96.081695,41.715644],[-96.092152,41.705268],[-96.098622,41.69713],[-96.101308,41.689521],[-96.10204,41.646999],[-96.09911,41.624579],[-96.091664,41.606553],[-96.07787,41.599066],[-96.077748,41.590359],[-96.083485,41.570624],[-96.082265,41.54975],[-96.061147,41.537665],[-96.048573,41.538682],[-96.028635,41.548285],[-96.020131,41.550727],[-96.008209,41.547553],[-95.995758,41.540717],[-95.987782,41.533881],[-95.989125,41.530829],[-95.994252,41.525946],[-95.999908,41.514594],[-96.004628,41.501776],[-96.0065,41.492296],[-96.0006,41.480292],[-95.986684,41.473944],[-95.94579,41.466986],[-95.937408,41.467353],[-95.93102,41.464871],[-95.92455,41.454454],[-95.934193,41.41352],[-95.93456,41.402208],[-95.958119,41.338406],[-95.941803,41.33157],[-95.896637,41.319892],[-95.879262,41.317939],[-95.869862,41.308702],[-95.884592,41.289252],[-95.906117,41.271186],[-95.917104,41.266425],[-95.924916,41.223985],[-95.92394,41.207587],[-95.910268,41.195014],[-95.865468,41.183865],[-95.852895,41.175808],[-95.876129,41.1671],[-95.870961,41.151923],[-95.868804,41.119981],[-95.862538,41.105658],[-95.876291,41.07746],[-95.882395,41.070868],[-95.882395,41.064643],[-95.877756,41.062445],[-95.875803,41.059434],[-95.874013,41.055528],[-95.869985,41.050401],[-95.864573,41.042792],[-95.868031,41.037462],[-95.874094,41.03205],[-95.876129,41.023708],[-95.871083,41.01203],[-95.862701,41.004421],[-95.845123,40.992703],[-95.838287,40.982245],[-95.837961,40.972724],[-95.84203,40.951728],[-95.840199,40.938422],[-95.827748,40.913845],[-95.824859,40.888943],[-95.830393,40.86994],[-95.838124,40.851386],[-95.84203,40.827908],[-95.839833,40.815985],[-95.829945,40.802436],[-95.827748,40.794013],[-95.848256,40.769843],[-95.862538,40.758612],[-95.866933,40.752997],[-95.869985,40.742499],[-95.869456,40.728827],[-95.864329,40.720811],[-95.85851,40.714179],[-95.855702,40.704657],[-95.844838,40.688096],[-95.792144,40.670966],[-95.773101,40.66059],[-95.763173,40.638861],[-95.764272,40.616889],[-95.773101,40.574286],[-95.7683,40.548651],[-95.755238,40.539415],[-95.735666,40.536444],[-95.711659,40.529608],[-95.696278,40.518175],[-95.69518,40.507351],[-95.698964,40.495673],[-95.698069,40.481879],[-95.689076,40.467068],[-95.671295,40.450222],[-95.663889,40.434109],[-95.663401,40.427924],[-95.664947,40.413357],[-95.663889,40.406114],[-95.659576,40.39822],[-95.643422,40.379462],[-95.631663,40.349189],[-95.62914,40.345282],[-95.634348,40.338202],[-95.643625,40.331407],[-95.656402,40.324246],[-95.650014,40.310899],[-95.633697,40.309149],[-95.613393,40.311469],[-95.59496,40.310492],[-95.577301,40.301093],[-95.567128,40.288764],[-95.558746,40.275214],[-95.546539,40.262152],[-95.531728,40.256212],[-95.495432,40.254096],[-95.478342,40.249091],[-95.467519,40.237982],[-95.468739,40.225613],[-95.485097,40.20071],[-95.457346,40.174262],[-95.443349,40.157294],[-95.437327,40.142646],[-95.40689,40.11872],[-95.403879,40.114081],[-95.407623,40.103461],[-95.41747,40.084581],[-95.422109,40.062445],[-95.419667,40.044949],[-95.408355,40.033474],[-95.361724,40.026638],[-95.344309,40.019151],[-95.260569,39.959662],[-95.247548,39.944159],[-95.236236,39.941514],[-95.223704,39.940009],[-95.214833,39.936876],[-95.208119,39.928331],[-95.204335,39.919989],[-95.199778,39.912543],[-95.190907,39.90644],[-95.18224,39.904364],[-95.161366,39.902615],[-95.149973,39.898993],[-95.139027,39.892686],[-95.112416,39.868598],[-95.091298,39.860622],[-95.067942,39.865505],[-95.046986,39.876044],[-95.016916,39.896348],[-95.001943,39.902777],[-94.98469,39.905707],[-94.961293,39.90644],[-94.948232,39.901313],[-94.941518,39.88935],[-94.942006,39.875596],[-94.950754,39.865546],[-94.935902,39.851589],[-94.891754,39.831122],[-94.882436,39.820828],[-94.883453,39.810614],[-94.888254,39.79088],[-94.889272,39.779568],[-94.885569,39.767401],[-94.878163,39.760199],[-94.872711,39.753363],[-94.874989,39.742011],[-94.890981,39.729519],[-94.913035,39.730902],[-94.961293,39.742011],[-94.969472,39.738634],[-94.974843,39.730496],[-94.977773,39.720282],[-94.980702,39.695868],[-94.986562,39.689521],[-94.995229,39.686347],[-95.005971,39.680487],[-95.037831,39.655829],[-95.053782,39.638739],[-95.060618,39.621527],[-95.059478,39.600043],[-95.060292,39.588894],[-95.063954,39.580634],[-95.075266,39.574815],[-95.101796,39.573594],[-95.108998,39.570665],[-95.110666,39.550238],[-95.098866,39.530137],[-95.080922,39.514716],[-95.063954,39.508612],[-95.057769,39.501044],[-95.035553,39.465399],[-95.025787,39.453966],[-95.017893,39.450019],[-94.99942,39.443468],[-94.95759,39.419867],[-94.953765,39.413926],[-94.948598,39.398057],[-94.943918,39.392524],[-94.89981,39.385077],[-94.908681,39.36697],[-94.901112,39.327094],[-94.87914,39.287177],[-94.844879,39.268988],[-94.835113,39.259385],[-94.833974,39.238308],[-94.829701,39.217231],[-94.810699,39.207587],[-94.790598,39.202704],[-94.746327,39.179796],[-94.724192,39.172797],[-94.693227,39.173692],[-94.678293,39.172431],[-94.668202,39.173163],[-94.663319,39.172797],[-94.658274,39.169745],[-94.656077,39.160956],[-94.65274,39.159125],[-94.629018,39.157579],[-94.61262,39.152696],[-94.610585,39.144232],[-94.624745,39.132392],[-94.623362,39.130805],[-94.623362,39.127875],[-94.622385,39.124376],[-94.600575,39.117865],[-94.578196,39.121039],[-94.558095,39.130398],[-94.543202,39.142401],[-94.525868,39.147325],[-94.503489,39.139716],[-94.481313,39.128933],[-94.464711,39.124376],[-94.447418,39.131374],[-94.416086,39.154242],[-94.369252,39.165066],[-94.353871,39.179389],[-94.328196,39.213813],[-94.290639,39.231147],[-94.253082,39.22309],[-94.183502,39.179633],[-94.122182,39.154893],[-94.104726,39.142401],[-94.085072,39.135606],[-94.012278,39.152371],[-93.966786,39.152411],[-93.945302,39.156195],[-93.922841,39.165961],[-93.909169,39.177558],[-93.896108,39.19127],[-93.880198,39.202745],[-93.857655,39.207587],[-93.765777,39.200751],[-93.744374,39.201524],[-93.71939,39.206163],[-93.69872,39.215684],[-93.690094,39.231147],[-93.677724,39.226915],[-93.604115,39.241726],[-93.5985,39.238552],[-93.579905,39.224433],[-93.570302,39.221259],[-93.530588,39.218573],[-93.518788,39.221259],[-93.502187,39.233669],[-93.502553,39.248562],[-93.505116,39.265977],[-93.494862,39.286078],[-93.482737,39.283881],[-93.431549,39.265448],[-93.416371,39.255968],[-93.429351,39.242499],[-93.4169,39.230292],[-93.392893,39.224718],[-93.371409,39.231147],[-93.362904,39.235948],[-93.344797,39.239854],[-93.336903,39.245144],[-93.331654,39.256659],[-93.335846,39.265896],[-93.343129,39.274034],[-93.347483,39.28266],[-93.350209,39.293728],[-93.346506,39.297227],[-93.333852,39.303168],[-93.320465,39.306912],[-93.299875,39.308132],[-93.289133,39.313422],[-93.278472,39.321845],[-93.274037,39.324571],[-93.254994,39.323676],[-93.243276,39.325548],[-93.235219,39.330593],[-93.2294,39.337185],[-93.224599,39.344102],[-93.217519,39.362372],[-93.214263,39.382758],[-93.208323,39.399359],[-93.193227,39.406195],[-93.188059,39.402899],[-93.177846,39.388373],[-93.173085,39.385077],[-93.128326,39.385077],[-93.107981,39.380194],[-93.09968,39.376532],[-93.093617,39.371446],[-93.090688,39.363552],[-93.088368,39.342963],[-93.083974,39.334174],[-93.062652,39.320258],[-93.04011,39.318142],[-93.016265,39.319525],[-92.9912,39.31623],[-92.977447,39.308783],[-92.972524,39.29975],[-92.970082,39.288642],[-92.963857,39.275214],[-92.95287,39.267646],[-92.937978,39.260443],[-92.929351,39.252265],[-92.937245,39.241726],[-92.937245,39.234239],[-92.917144,39.231391],[-92.889394,39.233669],[-92.864695,39.23196],[-92.853993,39.217475],[-92.862131,39.203477],[-92.915517,39.165961],[-92.942698,39.121283],[-92.944407,39.115546],[-92.94343,39.101142],[-92.9381,39.097235],[-92.914622,39.091254],[-92.909291,39.087185],[-92.911936,39.078315],[-92.924794,39.063788],[-92.929758,39.056708],[-92.924794,39.029731],[-92.897206,39.001899],[-92.858306,38.979193],[-92.819895,38.967353],[-92.621246,38.974189],[-92.572865,38.967353],[-92.540883,38.948432],[-92.50768,38.92296],[-92.492014,38.904364],[-92.463002,38.850653],[-92.454172,38.839423],[-92.449452,38.834906],[-92.443105,38.830186],[-92.407786,38.818183],[-92.398427,38.813096],[-92.391835,38.796088],[-92.405629,38.758368],[-92.40217,38.74079],[-92.393544,38.736274],[-92.37206,38.719753],[-92.356028,38.701972],[-92.364003,38.693671],[-92.366282,38.690375],[-92.362416,38.683132],[-92.35436,38.675849],[-92.343821,38.672553],[-92.328033,38.671251],[-92.316151,38.668036],[-92.292877,38.658881],[-92.24706,38.648057],[-92.225657,38.638129],[-92.216624,38.621365],[-92.208567,38.61168],[-92.155141,38.576972],[-92.108551,38.562812],[-92.06725,38.561835],[-92.028676,38.571641],[-91.929921,38.615994],[-91.913442,38.639472],[-91.873769,38.665839],[-91.86026,38.672553],[-91.712229,38.705878],[-91.689036,38.707302],[-91.642242,38.700059],[-91.619008,38.692572],[-91.603342,38.682807],[-91.584096,38.675645],[-91.559682,38.681423],[-91.5183,38.699897],[-91.496205,38.704657],[-91.413564,38.706122],[-91.392812,38.700995],[-91.380483,38.699897],[-91.350942,38.707343],[-91.339508,38.707302],[-91.299143,38.690212],[-91.245595,38.636786],[-91.209218,38.617947],[-91.140207,38.599636],[-91.116689,38.597439],[-91.072336,38.602159],[-91.055084,38.598944],[-91.037913,38.583808],[-91.017568,38.5574],[-91.002309,38.546983],[-90.980133,38.542792],[-90.93163,38.544501],[-90.909779,38.548529],[-90.887685,38.556464],[-90.83019,38.586005],[-90.808217,38.590033],[-90.793528,38.595526],[-90.756703,38.638454],[-90.725331,38.664171],[-90.692209,38.68183],[-90.653798,38.689765],[-90.607086,38.686225],[-90.584706,38.681464],[-90.567209,38.680243],[-90.555898,38.688056],[-90.551869,38.710395],[-90.545644,38.731024],[-90.53067,38.746446],[-90.512685,38.760199],[-90.497222,38.77558],[-90.477528,38.807318],[-90.46288,38.818427],[-90.438588,38.822781],[-90.416005,38.823757],[-90.395497,38.827257],[-90.378489,38.83393],[-90.366322,38.844509],[-90.358266,38.86164],[-90.355336,38.875922],[-90.349436,38.886176],[-90.332143,38.891669],[-90.312001,38.890204],[-90.293365,38.883328],[-90.263905,38.864325],[-90.236318,38.839789],[-90.220286,38.82864],[-90.201812,38.822781],[-90.180491,38.824246],[-90.161122,38.828477],[-90.143544,38.828315],[-90.133127,38.819037]]]}},{"type":"Feature","properties":{"name":"San Miguel","name_en":"San Miguel","scalerank":8,"min_zoom":7},"geometry":{"type":"MultiLineString","coordinates":[[[-106.825266,26.527899],[-106.832753,26.548651],[-106.840688,26.564154],[-106.905588,26.598253],[-106.964223,26.65351],[-107.007069,26.673692],[-107.048411,26.677273],[-107.170969,26.655097],[-107.236318,26.653103],[-107.245595,26.649929],[-107.254994,26.642646],[-107.264027,26.640977],[-107.275299,26.646552],[-107.292592,26.659735],[-107.328969,26.681423],[-107.350819,26.690619],[-107.371978,26.694525],[-107.389801,26.701931],[-107.418365,26.736518],[-107.436594,26.746894],[-107.44815,26.747178],[-107.477528,26.740058],[-107.493316,26.738593],[-107.503814,26.738837],[-107.651112,26.778347],[-107.669911,26.791205],[-107.821441,26.843573],[-107.835113,26.859809],[-107.844838,26.876044],[-107.851471,26.883409],[-107.862172,26.88703],[-107.865956,26.895331],[-107.868479,26.904731],[-107.875356,26.911322],[-107.885487,26.912543],[-107.894765,26.909939],[-107.903676,26.906317],[-107.912953,26.904568],[-107.929189,26.911973],[-107.946523,26.944892]]]}},{"type":"Feature","properties":{"name":"Illinois","name_en":"Illinois","scalerank":8,"min_zoom":7},"geometry":{"type":"MultiLineString","coordinates":[[[-87.844716,41.095242],[-87.861318,41.111355],[-87.896799,41.125067],[-87.940663,41.1671],[-88.015207,41.208197],[-88.098297,41.242784],[-88.133616,41.251085],[-88.149485,41.25788],[-88.16039,41.270128],[-88.16161,41.277899],[-88.159291,41.295762],[-88.16039,41.303656],[-88.1669,41.314765],[-88.172353,41.317939],[-88.178456,41.3192],[-88.187082,41.324774],[-88.208119,41.343777],[-88.21996,41.351752],[-88.261952,41.371405],[-88.270009,41.381537],[-88.262807,41.393622],[-88.300893,41.402452],[-88.34732,41.39171],[-88.434071,41.358913],[-88.481923,41.3487],[-88.506947,41.34044],[-88.526601,41.327908],[-88.535797,41.324042],[-88.558583,41.325263],[-88.56786,41.321357],[-88.575063,41.316107],[-88.596181,41.306342],[-88.605377,41.303656],[-88.6256,41.302558],[-88.681996,41.308214],[-88.716054,41.322455],[-88.797231,41.331],[-88.83727,41.344428],[-88.851877,41.344591],[-88.863881,41.340155],[-88.884592,41.327419],[-88.896555,41.324774],[-89.088287,41.324774],[-89.188222,41.311103],[-89.312367,41.326199],[-89.325673,41.325385],[-89.335317,41.321357],[-89.345082,41.311306],[-89.348134,41.304714],[-89.349029,41.296983],[-89.364491,41.244412],[-89.365712,41.224189],[-89.35554,41.215522],[-89.338206,41.204617],[-89.334096,41.179551],[-89.338124,41.151882],[-89.345286,41.132921],[-89.35969,41.116156],[-89.410471,41.074286],[-89.437245,41.036444],[-89.495717,40.923122],[-89.575022,40.82213],[-89.582875,40.803494],[-89.58552,40.779812],[-89.583811,40.772162],[-89.579498,40.765082],[-89.557281,40.738837],[-89.555247,40.731269],[-89.571441,40.70364],[-89.576568,40.698106],[-89.622426,40.669379],[-89.626454,40.663682],[-89.631581,40.643012],[-89.643625,40.626736],[-89.657338,40.612616],[-89.667388,40.598578],[-89.679351,40.574774],[-89.69164,40.562445],[-89.709869,40.557685],[-89.831899,40.550727],[-89.873443,40.532538],[-89.895619,40.502753],[-89.913157,40.4678],[-89.941151,40.434109],[-89.986236,40.407253],[-90.010081,40.389431],[-90.031565,40.382025],[-90.041086,40.375759],[-90.048411,40.366523],[-90.051666,40.358344],[-90.054067,40.349433],[-90.058461,40.337836],[-90.071401,40.315538],[-90.104807,40.276557],[-90.123647,40.258734],[-90.143625,40.233669],[-90.181956,40.214382],[-90.187896,40.209906],[-90.192779,40.205268],[-90.196645,40.200507],[-90.199818,40.195624],[-90.21227,40.170966],[-90.222157,40.162787],[-90.239695,40.159735],[-90.266713,40.158067],[-90.286936,40.153673],[-90.325307,40.139228],[-90.361073,40.131537],[-90.377594,40.125556],[-90.393625,40.111884],[-90.40567,40.094306],[-90.413319,40.080146],[-90.423207,40.068183],[-90.442006,40.057318],[-90.434926,40.041368],[-90.448598,40.027452],[-90.48644,40.005805],[-90.516916,39.979315],[-90.527943,39.966254],[-90.548166,39.927436],[-90.558217,39.912665],[-90.589182,39.881944],[-90.597076,39.87169],[-90.594879,39.865749],[-90.588857,39.859442],[-90.585439,39.848456],[-90.585439,39.835313],[-90.586659,39.829617],[-90.637074,39.739814],[-90.650787,39.69831],[-90.648101,39.666287],[-90.639801,39.656358],[-90.621246,39.642401],[-90.613352,39.632148],[-90.610097,39.621283],[-90.61026,39.612006],[-90.609486,39.603542],[-90.592763,39.579942],[-90.586008,39.560574],[-90.583485,39.538398],[-90.585439,39.515448],[-90.593373,39.494656],[-90.618153,39.459581],[-90.626373,39.440294],[-90.628896,39.419745],[-90.6256,39.346951],[-90.620188,39.31623],[-90.611969,39.113064],[-90.603098,39.072699],[-90.582346,39.039374],[-90.578765,39.031358],[-90.578033,39.020046],[-90.579213,38.998358],[-90.575917,38.989203],[-90.561391,38.974148],[-90.558095,38.963935],[-90.547434,38.961941],[-90.497874,38.964138],[-90.479115,38.958808]]]}},{"type":"Feature","properties":{"name":"Richelieu","name_en":"Richelieu","scalerank":8,"min_zoom":7},"geometry":{"type":"MultiLineString","coordinates":[[[-73.324859,45.077989],[-73.313222,45.095567],[-73.26537,45.131415],[-73.256093,45.149115],[-73.253733,45.172634],[-73.255116,45.210273],[-73.243153,45.266466],[-73.241444,45.288764],[-73.245717,45.307318],[-73.264516,45.336208],[-73.268707,45.354275],[-73.255279,45.412543],[-73.258453,45.422553],[-73.257558,45.431708],[-73.268219,45.475613],[-73.268707,45.49079],[-73.22053,45.547431],[-73.209706,45.588568],[-73.194936,45.623806],[-73.194244,45.642279],[-73.196767,45.647773],[-73.204416,45.655544],[-73.207346,45.662706],[-73.207387,45.671088],[-73.205068,45.678168],[-73.202097,45.684434],[-73.200429,45.690701],[-73.201731,45.736762],[-73.197377,45.748114],[-73.18342,45.76911],[-73.159413,45.828437],[-73.152699,45.854519],[-73.14977,45.882839],[-73.152699,45.960639],[-73.149729,45.989122],[-73.141265,46.01557],[-73.128326,46.039415],[-73.111684,46.060004]]]}},{"type":"Feature","properties":{"name":"Kanawha","name_en":"Kanawha","scalerank":8,"min_zoom":7},"geometry":{"type":"MultiLineString","coordinates":[[[-81.159901,38.148383],[-81.18399,38.163682],[-81.199452,38.157172],[-81.213002,38.141954],[-81.231557,38.131293],[-81.250885,38.134345],[-81.273508,38.146023],[-81.294911,38.161444],[-81.318267,38.183783],[-81.325592,38.188992],[-81.334706,38.19184],[-81.347971,38.192735],[-81.355214,38.195258],[-81.371897,38.208035],[-81.382395,38.213202],[-81.426625,38.221503],[-81.452138,38.222235],[-81.468658,38.216905],[-81.489369,38.20661],[-81.509104,38.212226],[-81.526479,38.226142],[-81.540028,38.241156],[-81.550404,38.256659],[-81.554351,38.271064],[-81.554311,38.306016],[-81.563222,38.323676],[-81.58434,38.335273],[-81.628855,38.35102],[-81.649648,38.361762],[-81.667795,38.367987],[-81.73766,38.372667],[-81.756459,38.37641],[-81.793284,38.392035],[-81.812978,38.401557],[-81.825592,38.410183],[-81.832265,38.42418],[-81.834218,38.450019],[-81.832387,38.455634],[-81.827992,38.46129],[-81.817779,38.470811],[-81.813791,38.476386],[-81.815419,38.479438],[-81.819163,38.481553],[-81.821197,38.484442],[-81.823638,38.491767],[-81.829416,38.497992],[-81.841664,38.508083],[-81.868642,38.539008],[-81.887034,38.548041],[-81.906565,38.53913],[-81.925608,38.534369],[-81.950307,38.543809],[-81.97289,38.558539],[-81.985707,38.569525],[-81.997467,38.59516],[-81.989858,38.615912],[-81.973297,38.63581],[-81.958363,38.658881],[-81.951812,38.68419],[-81.952301,38.709296],[-81.959299,38.733222],[-81.972035,38.755072],[-81.98762,38.769599],[-82.074208,38.819363],[-82.126129,38.840277],[-82.150217,38.844509]]]}},{"type":"Feature","properties":{"name":"Osage","name_en":"Osage","scalerank":8,"min_zoom":7},"geometry":{"type":"MultiLineString","coordinates":[[[-94.244496,38.033067],[-94.240956,38.03144],[-94.235219,38.033515],[-94.221303,38.035102],[-94.206125,38.042182],[-94.184275,38.055935],[-94.160268,38.065294],[-94.138499,38.059272],[-94.129954,38.055691],[-94.119985,38.054755],[-94.111724,38.052761],[-94.108388,38.045966],[-94.103017,38.038275],[-94.09081,38.036322],[-94.077056,38.038357],[-94.067372,38.042548],[-94.056956,38.020128],[-94.026479,38.007636],[-93.988189,38.002143],[-93.898305,38.003201],[-93.881825,38.007758],[-93.85436,38.019965],[-93.839711,38.019599],[-93.833363,38.00434],[-93.827138,37.995632],[-93.812489,38.002753],[-93.795522,38.01496],[-93.78246,38.02143],[-93.753855,38.019802],[-93.748443,38.023383],[-93.724843,38.052354],[-93.718332,38.059272],[-93.710439,38.064887],[-93.700307,38.068549],[-93.649403,38.072048],[-93.635365,38.080146],[-93.62857,38.097764],[-93.612904,38.093126],[-93.601959,38.095893],[-93.596547,38.101142],[-93.597239,38.103949],[-93.611562,38.10574],[-93.623525,38.110948],[-93.630279,38.119493],[-93.62857,38.131293],[-93.634755,38.131293],[-93.631012,38.144965],[-93.631988,38.15998],[-93.634429,38.172675],[-93.634755,38.179714],[-93.624257,38.187283],[-93.609609,38.189154],[-93.595774,38.187852],[-93.587636,38.185899],[-93.577789,38.168972],[-93.569447,38.163275],[-93.559682,38.172227],[-93.557973,38.184272],[-93.5631,38.195909],[-93.570139,38.207831],[-93.573964,38.220649],[-93.55663,38.211737],[-93.540679,38.205675],[-93.527577,38.196885],[-93.518707,38.179714],[-93.512563,38.198676],[-93.507558,38.208808],[-93.501943,38.213202],[-93.494862,38.211208],[-93.481353,38.202216],[-93.47468,38.200222],[-93.467519,38.20128],[-93.460846,38.205919],[-93.453847,38.207058],[-93.428049,38.187323],[-93.412099,38.1789],[-93.402008,38.185899],[-93.406728,38.195746],[-93.419342,38.205146],[-93.428578,38.216864],[-93.423166,38.23371],[-93.434193,38.238389],[-93.44286,38.245551],[-93.448476,38.254584],[-93.450429,38.264716],[-93.442779,38.276679],[-93.426381,38.271552],[-93.410756,38.260321],[-93.405426,38.254218],[-93.399078,38.252224],[-93.378896,38.243232],[-93.364817,38.241156],[-93.357289,38.245388],[-93.341868,38.263699],[-93.329986,38.267849],[-93.21703,38.261664],[-93.194814,38.251532],[-93.169097,38.235907],[-93.143463,38.226101],[-93.121002,38.224799],[-93.113026,38.24787],[-93.102284,38.263861],[-93.085601,38.271552],[-93.059885,38.269558],[-93.040842,38.258572],[-93.016021,38.223904],[-92.997304,38.213202],[-92.976308,38.215196],[-92.961578,38.223009],[-92.952992,38.223456],[-92.950185,38.20364],[-92.953359,38.198269],[-92.960357,38.193549],[-92.967397,38.187079],[-92.970611,38.175971],[-92.966908,38.166042],[-92.957834,38.165391],[-92.937123,38.172227],[-92.915842,38.176337],[-92.907379,38.175849],[-92.894887,38.172227],[-92.886138,38.166815],[-92.879628,38.16002],[-92.871409,38.154242],[-92.85733,38.151801],[-92.841461,38.157538],[-92.824859,38.167792],[-92.809967,38.171902],[-92.799387,38.159247],[-92.802195,38.156195],[-92.807851,38.147244],[-92.812652,38.135565],[-92.812978,38.124457],[-92.783844,38.102078],[-92.775461,38.097764],[-92.719594,38.105536],[-92.718739,38.109727],[-92.724599,38.116278],[-92.730458,38.124457],[-92.750885,38.138739],[-92.726389,38.151882],[-92.657582,38.15412],[-92.641672,38.166042],[-92.654164,38.178738],[-92.750885,38.179714],[-92.777984,38.195868],[-92.763905,38.209744],[-92.729563,38.218777],[-92.695668,38.220649],[-92.6669,38.212429],[-92.63915,38.200222],[-92.613922,38.194851],[-92.593251,38.207058],[-92.602203,38.223578],[-92.592193,38.2331],[-92.574208,38.236355],[-92.559153,38.23371],[-92.548411,38.225165],[-92.530507,38.202948],[-92.518178,38.192735],[-92.426259,38.271064],[-92.39151,38.282172],[-92.375966,38.277208],[-92.35497,38.257025],[-92.339996,38.254218],[-92.326324,38.26199],[-92.31664,38.277167],[-92.305898,38.309434],[-92.306304,38.318183],[-92.31017,38.324408],[-92.311879,38.330024],[-92.305898,38.336737],[-92.300893,38.338487],[-92.294586,38.338324],[-92.265289,38.330919],[-92.261138,38.330512],[-92.239166,38.336615],[-92.242991,38.350409],[-92.264882,38.374579],[-92.262278,38.388495],[-92.254994,38.404324],[-92.244008,38.41824],[-92.230133,38.426093],[-92.211252,38.423407],[-92.197499,38.409939],[-92.184682,38.394232],[-92.168691,38.385118],[-92.175526,38.385118],[-92.148183,38.38463],[-92.134674,38.394151],[-92.133127,38.409451],[-92.141428,38.426093],[-92.169016,38.455919],[-92.166168,38.464667],[-92.13801,38.467719],[-92.109283,38.461127],[-92.094635,38.459296],[-92.042104,38.481391],[-92.025502,38.493232],[-92.025624,38.519721],[-92.036204,38.568671]]]}},{"type":"Feature","properties":{"name":"Bighorn","name_en":"Bighorn","scalerank":8,"min_zoom":7},"geometry":{"type":"MultiLineString","coordinates":[[[-107.897328,44.162665],[-107.896962,44.206326],[-107.910512,44.24494],[-107.95873,44.295111],[-107.968821,44.318712],[-107.994985,44.352729],[-107.99706,44.361518],[-107.997874,44.371121],[-107.999867,44.381537],[-108.023183,44.440009],[-108.032094,44.505927],[-108.047678,44.546658],[-108.052968,44.556505],[-108.057281,44.562934],[-108.067535,44.57392],[-108.103383,44.601752],[-108.10912,44.604682],[-108.108022,44.616319],[-108.103383,44.636054],[-108.102284,44.645941],[-108.106028,44.651719],[-108.123891,44.6671],[-108.130238,44.676947],[-108.132436,44.687527],[-108.133534,44.70661],[-108.136464,44.717963],[-108.142079,44.724555],[-108.151357,44.731391],[-108.159901,44.739285],[-108.163726,44.748969],[-108.155385,44.81269],[-108.157541,44.834662],[-108.161977,44.845486],[-108.173736,44.865017],[-108.177398,44.875596],[-108.176015,44.884955],[-108.171986,44.896674],[-108.169911,44.9088],[-108.174306,44.919989],[-108.190175,44.935248],[-108.199574,44.941433],[-108.20873,44.943874],[-108.216624,44.948025],[-108.220611,44.95779],[-108.222971,44.969102],[-108.225819,44.977973],[-108.233062,44.985907],[-108.239654,44.989569],[-108.244496,44.99433],[-108.246246,45.005316],[-108.242787,45.014512],[-108.226674,45.041775],[-108.222076,45.047553],[-108.220082,45.059272],[-108.160268,45.168484],[-108.134877,45.202989],[-108.106923,45.233018],[-108.074941,45.259141],[-108.004058,45.299384],[-107.993031,45.310655],[-107.980784,45.310981],[-107.841624,45.355658],[-107.815338,45.370876],[-107.802968,45.375922],[-107.792144,45.382636],[-107.787587,45.39293],[-107.786,45.403673],[-107.782135,45.414171],[-107.773305,45.430487],[-107.701894,45.522895],[-107.687611,45.56684],[-107.677724,45.588162],[-107.673573,45.592597],[-107.661977,45.602118],[-107.657216,45.608669],[-107.655263,45.615098],[-107.652455,45.631049],[-107.650461,45.636542],[-107.643666,45.644558],[-107.634104,45.653347],[-107.623199,45.660346],[-107.586171,45.672675],[-107.566965,45.695868],[-107.55427,45.725206],[-107.547353,45.753241],[-107.545969,45.76793],[-107.548166,45.774522],[-107.553375,45.780788],[-107.561025,45.794216],[-107.565419,45.807725],[-107.567454,45.821641],[-107.56786,45.851915],[-107.561838,45.880316],[-107.550445,45.909735],[-107.544545,45.935004],[-107.55427,45.951239],[-107.533315,45.975857],[-107.50829,45.991156],[-107.487294,46.010525],[-107.478505,46.047431],[-107.478424,46.063585],[-107.477284,46.07335],[-107.464833,46.102078],[-107.463694,46.109809],[-107.464996,46.126247],[-107.461415,46.133124],[-107.455678,46.139716],[-107.451161,46.14765],[-107.44164,46.17418]]]}},{"type":"Feature","properties":{"name":"Fox","name_en":"Fox","scalerank":8,"min_zoom":7},"geometry":{"type":"MultiLineString","coordinates":[[[-88.002105,44.545478],[-88.025299,44.521999],[-88.1044,44.413642],[-88.143015,44.377631],[-88.175201,44.331814],[-88.187082,44.319607],[-88.254384,44.289659],[-88.40453,44.261501],[-88.462026,44.223334]]]}},{"type":"Feature","properties":{"name":"Bayou Lafourche","name_en":"Bayou Lafourche","scalerank":8,"min_zoom":7},"geometry":{"type":"MultiLineString","coordinates":[[[-91.017405,30.126899],[-91.019602,30.102851],[-91.029205,30.085273],[-91.039784,30.070583],[-91.044749,30.055528],[-91.044749,30.014512],[-91.039662,30.005886],[-91.016754,29.994696],[-91.01061,29.989691],[-91.011057,29.978542],[-91.016754,29.969794],[-91.022939,29.962714],[-91.02481,29.956163],[-91.017568,29.947089],[-90.994944,29.935736],[-90.990102,29.925482],[-90.985829,29.903428],[-90.975331,29.883002],[-90.961985,29.865587],[-90.949086,29.853217],[-90.91926,29.832384],[-90.898915,29.82335],[-90.80899,29.811225],[-90.791493,29.805365],[-90.735951,29.762519],[-90.626373,29.743964],[-90.587758,29.727362],[-90.560292,29.702826],[-90.484202,29.611192],[-90.469228,29.602891],[-90.424631,29.597235],[-90.378733,29.581366],[-90.360097,29.572048],[-90.335072,29.548041],[-90.291168,29.442247],[-90.220774,29.315497],[-90.209299,29.271023],[-90.211781,29.245469],[-90.228668,29.201443],[-90.229115,29.17475],[-90.222727,29.150906],[-90.211741,29.132188],[-90.194203,29.121039],[-90.161692,29.118923]]]}},{"type":"Feature","properties":{"name":"French","name_en":"French","scalerank":8,"min_zoom":7},"geometry":{"type":"MultiLineString","coordinates":[[[-80.018422,46.149359],[-80.054311,46.143907],[-80.204457,46.100043],[-80.470693,46.08043],[-80.519887,46.099311],[-80.547719,46.106269],[-80.560048,46.098171],[-80.560048,46.056586],[-80.5572,46.045478],[-80.553049,46.041856],[-80.554311,46.041287],[-80.615793,46.032782],[-80.86262,46.027167],[-80.911204,46.018093],[-80.95108,45.997911],[-80.961537,45.988837],[-80.969716,45.979275],[-80.975575,45.967312],[-80.978993,45.950751]]]}},{"type":"Feature","properties":{"name":"Muskingum","name_en":"Muskingum","scalerank":8,"min_zoom":7},"geometry":{"type":"MultiLineString","coordinates":[[[-81.846181,40.292792],[-81.856516,40.288031],[-81.86913,40.269599],[-81.870473,40.256374],[-81.867421,40.245388],[-81.867096,40.234402],[-81.876576,40.221137],[-81.860707,40.188747],[-81.900706,40.163275],[-81.992665,40.132392],[-82.007883,40.110297],[-82.000844,40.092637],[-81.968495,40.067206],[-81.965403,40.054551],[-81.969675,40.035468],[-81.985829,39.995225],[-81.991282,39.98668],[-81.99706,39.98078],[-82.002431,39.973497],[-82.006337,39.961046],[-82.006663,39.948798],[-81.995351,39.900336],[-81.982818,39.890001],[-81.92276,39.872382],[-81.90803,39.863389],[-81.899729,39.849311],[-81.897084,39.827663],[-81.897084,39.786689],[-81.899078,39.775702],[-81.907948,39.751492],[-81.910146,39.748155],[-81.906972,39.738471],[-81.895579,39.724433],[-81.889638,39.714667],[-81.88329,39.685004],[-81.879709,39.676825],[-81.843495,39.636827],[-81.795969,39.595323],[-81.789418,39.581366],[-81.787221,39.560411],[-81.787465,39.548611],[-81.786488,39.540961],[-81.781646,39.537055],[-81.770416,39.535956],[-81.755238,39.536933],[-81.748687,39.540351],[-81.72643,39.574652],[-81.710927,39.591864],[-81.691518,39.59752],[-81.66747,39.580634],[-81.651479,39.563992],[-81.636464,39.554145],[-81.620473,39.549913],[-81.601633,39.550157],[-81.589182,39.553046],[-81.581776,39.55683],[-81.574086,39.558905],[-81.560658,39.556993],[-81.549957,39.551947],[-81.533111,39.538601],[-81.514027,39.534206],[-81.490061,39.524278],[-81.482167,39.518866],[-81.472279,39.509833],[-81.470041,39.507148],[-81.47289,39.50434],[-81.478749,39.49494],[-81.483022,39.491482],[-81.48941,39.489936],[-81.495595,39.487494],[-81.499257,39.481309],[-81.497914,39.47248],[-81.491811,39.468695],[-81.484283,39.466132],[-81.478749,39.460801],[-81.475453,39.44831],[-81.474436,39.423448],[-81.473256,39.40119]]]}},{"type":"Feature","properties":{"name":"Gatineau","name_en":"Gatineau","scalerank":8,"min_zoom":7},"geometry":{"type":"MultiLineString","coordinates":[[[-75.974192,46.738593],[-75.959299,46.720893],[-75.943471,46.697455],[-75.93224,46.670722],[-75.921742,46.601264],[-75.916412,46.588813],[-75.904897,46.574042],[-75.900624,46.566474],[-75.897776,46.555772],[-75.898061,46.548855],[-75.899648,46.541327],[-75.900624,46.529161],[-75.905955,46.52029],[-75.929433,46.508857],[-75.934722,46.502509],[-75.93692,46.49905],[-75.941884,46.497138],[-75.946848,46.494249],[-75.949045,46.488227],[-75.947499,46.482449],[-75.944407,46.477362],[-75.94164,46.471747],[-75.941558,46.464057],[-75.945017,46.450873],[-75.949452,46.438788],[-75.962717,46.415595],[-75.943674,46.381415],[-75.935902,46.344021],[-75.936187,46.303249],[-75.948476,46.195868],[-75.948883,46.148057],[-75.952219,46.136094],[-75.964101,46.129828],[-76.007802,46.114325],[-76.03185,46.101671],[-76.04955,46.086208],[-76.048004,46.070176],[-76.035471,46.056912],[-76.027943,46.054023],[-75.998036,46.051052],[-75.997914,46.045111],[-76.004954,46.036241],[-76.010487,46.025214],[-76.003245,45.982693],[-75.9735,45.959337],[-75.938222,45.940131],[-75.914296,45.909735],[-75.910471,45.879259],[-75.916737,45.856147],[-75.926869,45.835801],[-75.934722,45.813544],[-75.934926,45.802598],[-75.931956,45.790839],[-75.920033,45.76671],[-75.893788,45.731635],[-75.915395,45.687812],[-75.918365,45.667304],[-75.90807,45.642279],[-75.831736,45.577094],[-75.824127,45.563341],[-75.737498,45.494493],[-75.722157,45.479438],[-75.715688,45.457302]]]}},{"type":"Feature","properties":{"name":"St.-Maurice","name_en":"St.-Maurice","scalerank":8,"min_zoom":7},"geometry":{"type":"MultiLineString","coordinates":[[[-74.0572,48.348456],[-74.009958,48.330146],[-73.974233,48.327094],[-73.962961,48.32335],[-73.95344,48.314887],[-73.9405,48.300076],[-73.863515,48.228705],[-73.851755,48.208441],[-73.846344,48.186143],[-73.833079,48.165839],[-73.799916,48.133083],[-73.788808,48.110541],[-73.797027,48.087755],[-73.831207,48.04682],[-73.81843,48.025824],[-73.816965,48.020087],[-73.82136,48.01435],[-73.841176,47.996121],[-73.848337,47.992214],[-73.861562,47.982733],[-73.861399,47.961208],[-73.853749,47.938178],[-73.844879,47.923896],[-73.801625,47.904731],[-73.547841,47.876736],[-73.51651,47.861396],[-73.50593,47.863105],[-73.495188,47.867051],[-73.485219,47.869249],[-73.469146,47.867377],[-73.458567,47.862413],[-73.411529,47.825548],[-73.382517,47.797309],[-73.373158,47.792751],[-73.33849,47.782009],[-73.32726,47.779893],[-73.320627,47.776313],[-73.289947,47.75255],[-73.259185,47.743476],[-73.229848,47.747992],[-73.201405,47.761664],[-73.101145,47.834418],[-73.0808,47.841986],[-73.018788,47.848212],[-73.007232,47.841824],[-72.994211,47.813585],[-72.98058,47.804145],[-72.981272,47.790473],[-72.977773,47.78738],[-72.970448,47.7862],[-72.953236,47.781073],[-72.943674,47.779893],[-72.931549,47.775702],[-72.921051,47.765245],[-72.905832,47.738959],[-72.921498,47.726264],[-72.927398,47.719997],[-72.933705,47.711005],[-72.938059,47.700792],[-72.944,47.677761],[-72.95051,47.667263],[-72.952301,47.649604],[-72.934071,47.63349],[-72.89273,47.609198],[-72.886952,47.600613],[-72.879506,47.582465],[-72.872304,47.57449],[-72.861724,47.569444],[-72.838002,47.563503],[-72.827545,47.55744],[-72.798451,47.534125],[-72.78661,47.518988],[-72.782867,47.499376],[-72.786244,47.489285],[-72.799306,47.468085],[-72.803415,47.45779],[-72.804433,47.447048],[-72.804026,47.346991],[-72.80956,47.32807],[-72.821929,47.30976],[-72.835439,47.293972],[-72.846181,47.275336],[-72.850575,47.248603],[-72.853505,47.238227],[-72.860666,47.228868],[-72.875437,47.214423],[-72.884633,47.199897],[-72.885935,47.189887],[-72.884592,47.180976],[-72.885935,47.169745],[-72.895985,47.150824],[-72.921254,47.114569],[-72.935414,47.029731],[-72.933705,47.012763],[-72.911204,46.978705],[-72.902903,46.958441],[-72.909535,46.940456],[-72.924672,46.918524],[-72.921986,46.900499],[-72.907094,46.886257],[-72.885935,46.875556],[-72.862294,46.868109],[-72.813588,46.86225],[-72.786285,46.861884],[-72.769399,46.852118],[-72.772328,46.829535],[-72.789703,46.7862],[-72.778961,46.745958],[-72.750559,46.710761],[-72.693512,46.655829],[-72.678782,46.623236],[-72.684682,46.600409],[-72.731068,46.55683],[-72.744578,46.547675],[-72.772532,46.536078],[-72.782867,46.525458],[-72.790395,46.507392],[-72.788442,46.496161],[-72.718129,46.432563],[-72.687571,46.411444],[-72.659413,46.402615],[-72.624135,46.399115],[-72.58849,46.389757],[-72.555776,46.376532],[-72.525461,46.357937]]]}},{"type":"Feature","properties":{"name":"Ohio","name_en":"Ohio","scalerank":3,"min_zoom":3},"geometry":{"type":"MultiLineString","coordinates":[[[-79.990875,40.447699],[-80.000844,40.442816],[-80.012318,40.44127],[-80.021718,40.443793],[-80.025624,40.450792],[-80.033559,40.459174],[-80.080881,40.496161],[-80.120717,40.515204],[-80.162831,40.528591],[-80.201731,40.54621],[-80.231679,40.57807],[-80.239898,40.597968],[-80.250152,40.648139],[-80.251576,40.670233],[-80.262359,40.686306],[-80.285634,40.699286],[-80.307525,40.705593],[-80.31428,40.701606],[-80.34142,40.691718],[-80.385569,40.65998],[-80.428863,40.65001],[-80.45401,40.636054],[-80.464467,40.632636],[-80.479237,40.635443],[-80.502065,40.647284],[-80.519114,40.646918],[-80.535878,40.643378],[-80.580556,40.619005],[-80.597401,40.626532],[-80.62267,40.625922],[-80.648346,40.619249],[-80.666493,40.608751],[-80.676991,40.58869],[-80.669586,40.571479],[-80.636383,40.537055],[-80.614166,40.503607],[-80.605295,40.485867],[-80.601633,40.4713],[-80.60676,40.448798],[-80.627187,40.409613],[-80.628977,40.386298],[-80.62621,40.38642],[-80.61974,40.385362],[-80.612782,40.383002],[-80.608469,40.379462],[-80.607655,40.37462],[-80.608998,40.363837],[-80.608469,40.358954],[-80.601959,40.336534],[-80.600657,40.32331],[-80.605051,40.31741],[-80.614695,40.286322],[-80.620269,40.2803],[-80.64745,40.26321],[-80.65685,40.255316],[-80.677968,40.216132],[-80.687164,40.193061],[-80.694447,40.157416],[-80.703033,40.13935],[-80.724517,40.104519],[-80.735463,40.079901],[-80.739166,40.060736],[-80.738189,40.019477],[-80.741444,39.99669],[-80.749013,39.982774],[-80.758046,39.970771],[-80.765492,39.95364],[-80.763987,39.947048],[-80.759999,39.938666],[-80.758778,39.929307],[-80.765492,39.919501],[-80.778147,39.918158],[-80.791493,39.923896],[-80.802113,39.924872],[-80.806467,39.909613],[-80.8037,39.899237],[-80.798207,39.887722],[-80.794423,39.876817],[-80.796864,39.868598],[-80.815541,39.850775],[-80.821889,39.842312],[-80.828196,39.830756],[-80.831654,39.820421],[-80.835805,39.800645],[-80.841176,39.790351],[-80.862945,39.779486],[-80.871165,39.771104],[-80.865387,39.759101],[-80.849517,39.745185],[-80.839101,39.733588],[-80.835764,39.720282],[-80.841176,39.701036],[-80.857249,39.690945],[-80.861684,39.686713],[-80.862701,39.682318],[-80.861318,39.671088],[-80.861684,39.666287],[-80.873443,39.638943],[-80.875356,39.62873],[-80.944244,39.597968],[-81.055409,39.529975],[-81.087636,39.501776],[-81.110748,39.468858],[-81.125885,39.45364],[-81.165679,39.442206],[-81.183461,39.430487],[-81.211781,39.406195],[-81.22704,39.398383],[-81.247182,39.391669],[-81.269114,39.386908],[-81.289947,39.385077],[-81.310292,39.37877],[-81.345082,39.35338],[-81.368804,39.350938],[-81.388539,39.362128],[-81.401682,39.380805],[-81.411244,39.398383],[-81.420644,39.406195],[-81.463246,39.40644],[-81.478993,39.400458],[-81.554351,39.344102],[-81.562367,39.326361],[-81.569488,39.287624],[-81.581125,39.275214],[-81.589019,39.280585],[-81.595041,39.282294],[-81.600982,39.280585],[-81.608998,39.275214],[-81.615834,39.28266],[-81.637603,39.276068],[-81.662343,39.275499],[-81.682525,39.27086],[-81.69815,39.237006],[-81.746205,39.193305],[-81.753855,39.177598],[-81.755238,39.165147],[-81.752349,39.128119],[-81.754709,39.105251],[-81.762563,39.096015],[-81.812652,39.080024],[-81.818593,39.079657],[-81.819,39.076117],[-81.814443,39.062934],[-81.810618,39.05683],[-81.803944,39.050116],[-81.796498,39.044745],[-81.790273,39.042507],[-81.777211,39.034857],[-81.77538,39.017117],[-81.780344,38.981024],[-81.773874,38.964423],[-81.764638,38.948757],[-81.764068,38.93712],[-81.783762,38.932644],[-81.794667,38.936062],[-81.812245,38.950873],[-81.824371,38.954372],[-81.834869,38.949286],[-81.840932,38.937445],[-81.848622,38.913398],[-81.860666,38.899237],[-81.880116,38.883083],[-81.901763,38.874132],[-81.920562,38.8817],[-81.927724,38.892646],[-81.925852,38.897528],[-81.920522,38.903144],[-81.91747,38.916531],[-81.915273,38.919298],[-81.910308,38.921007],[-81.905426,38.923692],[-81.903188,38.929511],[-81.904286,38.936225],[-81.906606,38.941596],[-81.910024,38.946845],[-81.914906,38.962714],[-81.924143,38.978461],[-81.937571,38.990505],[-81.969065,39.000759],[-81.984446,39.01199],[-82.003082,39.021593],[-82.026723,39.021999],[-82.058461,39.003119],[-82.092275,38.968533],[-82.120839,38.929877],[-82.136586,38.899115],[-82.143422,38.858181],[-82.148346,38.848904],[-82.161285,38.831326],[-82.172922,38.808173],[-82.191884,38.797919],[-82.208852,38.785915],[-82.211741,38.762519],[-82.204457,38.745307],[-82.195383,38.731635],[-82.187611,38.715196],[-82.184397,38.689968],[-82.190785,38.675645],[-82.192535,38.665391],[-82.183258,38.648017],[-82.179189,38.635321],[-82.176869,38.621772],[-82.177561,38.61168],[-82.19286,38.595242],[-82.21524,38.591905],[-82.263254,38.597439],[-82.277211,38.588202],[-82.288319,38.566596],[-82.309641,38.478624],[-82.317047,38.460883],[-82.331858,38.443468],[-82.34968,38.437852],[-82.424631,38.432929],[-82.509145,38.409044],[-82.552805,38.405463],[-82.589101,38.418728],[-82.599599,38.43122],[-82.616038,38.463446],[-82.626332,38.477647],[-82.698313,38.535346],[-82.736724,38.554389],[-82.783274,38.567165],[-82.826731,38.586371],[-82.855946,38.624783],[-82.880198,38.690985],[-82.88329,38.710395],[-82.883168,38.730292],[-82.886464,38.744737],[-82.898346,38.751532],[-82.924224,38.748318],[-82.985097,38.723985],[-83.010569,38.720974],[-83.031117,38.715766],[-83.046986,38.703803],[-83.060862,38.689968],[-83.075063,38.679389],[-83.10204,38.671332],[-83.109853,38.666327],[-83.115346,38.658759],[-83.125803,38.637763],[-83.133697,38.627875],[-83.151682,38.618842],[-83.172719,38.618028],[-83.218455,38.624783],[-83.241933,38.623236],[-83.256947,38.615912],[-83.269154,38.607978],[-83.305165,38.601386],[-83.312856,38.603949],[-83.325185,38.614814],[-83.34911,38.645697],[-83.356272,38.652655],[-83.368804,38.659695],[-83.397369,38.669786],[-83.411488,38.672553],[-83.446889,38.671942],[-83.456166,38.675971],[-83.472646,38.688747],[-83.491567,38.699001],[-83.512359,38.705512],[-83.534332,38.707302],[-83.60497,38.689317],[-83.616322,38.682807],[-83.620961,38.66413],[-83.63329,38.647773],[-83.650787,38.635932],[-83.670969,38.630968],[-83.714426,38.638454],[-83.754018,38.659695],[-83.821767,38.713487],[-83.837066,38.729763],[-83.850453,38.747626],[-83.865956,38.762152],[-83.908559,38.771674],[-83.949086,38.786566],[-83.972564,38.789252],[-84.062001,38.77558],[-84.084096,38.777655],[-84.195668,38.810411],[-84.217681,38.82335],[-84.227122,38.840766],[-84.228139,38.864691],[-84.231679,38.885199],[-84.237945,38.903144],[-84.247548,38.919623],[-84.257965,38.929226],[-84.271596,38.938788],[-84.283437,38.949897],[-84.288482,38.963935],[-84.290517,38.981391],[-84.296539,38.999864],[-84.306996,39.016791],[-84.322011,39.029486],[-84.364166,39.04682],[-84.388743,39.0539],[-84.408315,39.056708],[-84.419586,39.064887],[-84.430165,39.083075],[-84.444244,39.101671],[-84.466054,39.111396],[-84.508697,39.104682],[-84.594879,39.074001],[-84.637359,39.077216],[-84.688344,39.117865],[-84.703114,39.124376],[-84.708485,39.127794],[-84.721262,39.142686],[-84.730133,39.146104],[-84.742299,39.143744],[-84.751576,39.137885],[-84.76769,39.124376],[-84.842926,39.087958],[-84.873158,39.06155],[-84.870717,39.029486],[-84.842844,39.006456],[-84.828236,38.991319],[-84.822906,38.974189],[-84.833079,38.956895],[-84.868642,38.929389],[-84.877553,38.919623],[-84.865346,38.907172],[-84.849273,38.90115],[-84.805898,38.899115],[-84.784047,38.892849],[-84.78539,38.878119],[-84.798736,38.860948],[-84.812652,38.847602],[-84.819936,38.82807],[-84.806264,38.794867],[-84.819488,38.789252],[-84.901479,38.796088],[-84.935943,38.792304],[-84.999582,38.771674],[-85.145497,38.700629],[-85.186065,38.693671]],[[-85.186065,38.693671],[-85.205678,38.703192],[-85.239898,38.734198],[-85.257436,38.74079],[-85.320953,38.743232],[-85.436147,38.734646],[-85.454742,38.726345],[-85.45523,38.707384],[-85.447133,38.686591],[-85.439849,38.672553],[-85.431304,38.611029],[-85.410308,38.571967],[-85.414906,38.553331],[-85.428944,38.53852],[-85.482249,38.507595],[-85.495961,38.495063],[-85.511301,38.477647],[-85.526682,38.468573],[-85.569569,38.465277],[-85.590159,38.460883],[-85.619862,38.43183],[-85.643422,38.343451],[-85.665191,38.309434],[-85.700592,38.287543],[-85.72057,38.278835],[-85.758412,38.269639],[-85.770009,38.269965],[-85.775054,38.278673],[-85.780181,38.282538],[-85.792144,38.286322],[-85.805816,38.288926],[-85.816029,38.288926],[-85.829498,38.277126],[-85.851226,38.235907],[-85.860992,38.226874],[-85.878041,38.219672],[-85.891428,38.201972],[-85.900746,38.179877],[-85.905426,38.159247],[-85.914703,38.063544],[-85.924794,38.037665],[-85.93106,38.028876],[-85.938873,38.020819],[-85.948476,38.01378],[-85.960072,38.007758],[-86.008778,38.000922],[-86.032094,37.993923],[-86.041982,37.977078],[-86.051422,37.96955],[-86.072987,37.983181],[-86.110829,38.015245],[-86.133372,38.019965],[-86.183827,38.022813],[-86.203684,38.032009],[-86.219716,38.0421],[-86.259511,38.058905],[-86.27538,38.069892],[-86.284535,38.084296],[-86.286204,38.099799],[-86.282786,38.141872],[-86.29186,38.15351],[-86.343617,38.185899],[-86.361806,38.192816],[-86.382965,38.194525],[-86.394032,38.187771],[-86.381825,38.169135],[-86.361724,38.159532],[-86.341054,38.154364],[-86.332875,38.14704],[-86.350453,38.131293],[-86.392649,38.117011],[-86.416249,38.11518],[-86.428375,38.118232],[-86.433665,38.127875],[-86.438832,38.131659],[-86.450347,38.136583],[-86.461903,38.137234],[-86.467152,38.127875],[-86.463368,38.117214],[-86.445465,38.101386],[-86.439809,38.090359],[-86.443837,38.068915],[-86.460927,38.056464],[-86.483876,38.050727],[-86.505279,38.049384],[-86.518666,38.040351],[-86.523549,38.01911],[-86.520375,37.953396],[-86.523346,37.938178],[-86.535959,37.928575],[-86.589752,37.919257],[-86.595774,37.904364],[-86.59557,37.88463],[-86.603668,37.864366],[-86.624501,37.853624],[-86.648549,37.854031],[-86.663075,37.863715],[-86.655507,37.881171],[-86.644032,37.901313],[-86.663075,37.905463],[-86.707387,37.898546],[-86.742299,37.903754],[-86.772939,37.923651],[-86.794667,37.950629],[-86.802968,37.977078],[-86.818959,37.995144],[-86.85497,37.983913],[-86.8933,37.96072],[-86.916168,37.942939],[-86.929677,37.937608],[-86.987904,37.932685],[-87.005686,37.926581],[-87.019602,37.919013],[-87.031484,37.908026],[-87.043121,37.89171],[-87.070546,37.828721],[-87.086822,37.805365],[-87.118276,37.788682],[-87.129221,37.794257],[-87.137766,37.80036],[-87.152984,37.815985],[-87.158193,37.826606],[-87.160471,37.837958],[-87.164947,37.847032],[-87.176869,37.850775],[-87.195302,37.851833],[-87.209381,37.854844],[-87.219879,37.858954],[-87.255442,37.878038],[-87.32311,37.899359],[-87.341054,37.909125],[-87.359202,37.921576],[-87.381703,37.933132],[-87.405344,37.941962],[-87.426747,37.946357],[-87.468739,37.937771],[-87.510121,37.919745],[-87.54898,37.913275],[-87.583811,37.939521],[-87.586903,37.949408],[-87.585805,37.966132],[-87.591217,37.97366],[-87.598704,37.976386],[-87.607737,37.975124],[-87.615305,37.968777],[-87.61852,37.956326],[-87.614491,37.933905],[-87.596181,37.904853],[-87.591217,37.884223],[-87.601471,37.856879],[-87.627187,37.834499],[-87.657135,37.825141],[-87.680002,37.837104],[-87.682281,37.85224],[-87.671946,37.884833],[-87.673736,37.898546],[-87.686838,37.906806],[-87.703603,37.905544],[-87.719106,37.899034],[-87.728383,37.89171],[-87.737782,37.890977],[-87.777455,37.880235],[-87.797271,37.878038],[-87.819651,37.881619],[-87.838124,37.889472],[-87.853993,37.900987],[-87.868642,37.915595],[-87.887807,37.928534],[-87.909169,37.931505],[-87.926666,37.923204],[-87.933827,37.902289],[-87.929799,37.888861],[-87.899729,37.829657],[-87.945912,37.78852],[-87.950917,37.781846],[-87.96939,37.785712],[-88.005198,37.803778],[-88.022572,37.809149],[-88.0454,37.806667],[-88.049794,37.793402],[-88.050038,37.773546],[-88.060455,37.751166],[-88.075917,37.737616],[-88.132436,37.699286],[-88.143951,37.685736],[-88.156809,37.663845],[-88.163442,37.63996],[-88.156646,37.620795],[-88.139882,37.593451],[-88.134755,37.587917],[-88.105133,37.562771],[-88.083119,37.519599],[-88.091135,37.491238],[-88.123199,37.474555],[-88.30724,37.448065],[-88.365793,37.421413],[-88.382639,37.417589],[-88.427602,37.418158],[-88.448435,37.415717],[-88.465077,37.408759],[-88.478261,37.39822],[-88.488759,37.384589],[-88.507965,37.342597],[-88.512563,37.303249],[-88.503529,37.266913],[-88.481923,37.233832],[-88.451772,37.198676],[-88.434071,37.168484],[-88.433502,37.13642],[-88.454579,37.095974],[-88.484446,37.072333],[-88.521555,37.06745],[-88.561187,37.07685],[-88.633127,37.114814],[-88.907094,37.22016],[-88.955637,37.227729],[-89.002024,37.223212],[-89.043813,37.208523],[-89.078359,37.18537],[-89.088612,37.174628],[-89.122792,37.124091],[-89.15689,37.092882],[-89.178822,37.062201],[-89.176381,37.035834],[-89.158193,37.011501],[-89.12385,36.97956]],[[-85.186065,38.693671],[-85.186147,38.693671]],[[-85.186025,38.693671],[-85.186065,38.693671]]]}},{"type":"Feature","properties":{"name":null,"name_en":null,"scalerank":8,"min_zoom":7},"geometry":{"type":"MultiLineString","coordinates":[[[-119.981272,47.834988],[-119.961741,47.813503]]]}},{"type":"Feature","properties":{"name":"Kansas","name_en":"Kansas","scalerank":8,"min_zoom":7},"geometry":{"type":"MultiLineString","coordinates":[[[-96.855133,39.089626],[-96.812001,39.081895],[-96.767079,39.088446],[-96.723622,39.10281],[-96.702789,39.112576],[-96.64745,39.146999],[-96.631093,39.15412],[-96.615102,39.157904],[-96.579579,39.161648],[-96.567454,39.16588],[-96.558827,39.173651],[-96.550893,39.18244],[-96.541005,39.189765],[-96.516225,39.197211],[-96.418935,39.207221],[-96.395741,39.201931],[-96.368967,39.191677],[-96.343251,39.185248],[-96.32315,39.19184],[-96.302154,39.20539],[-96.262603,39.208564],[-96.218373,39.227891],[-96.193593,39.227891],[-96.168609,39.221869],[-96.106109,39.196601],[-96.035146,39.156765],[-95.943227,39.120307],[-95.832875,39.091742],[-95.698476,39.079413],[-95.674062,39.081366],[-95.663442,39.085069],[-95.643463,39.095893],[-95.632721,39.098822],[-95.616689,39.098212],[-95.60733,39.093695],[-95.598988,39.08747],[-95.585927,39.081732],[-95.567698,39.079291],[-95.421864,39.08454],[-95.392201,39.081163],[-95.308013,39.05622],[-95.283193,39.044623],[-95.238108,38.996405],[-95.215972,38.984565],[-95.108022,38.964057],[-95.094635,38.964911],[-95.08495,38.969184],[-95.076039,38.975124],[-95.065012,38.980577],[-95.041615,38.988552],[-95.019846,38.993476],[-94.997955,38.993679],[-94.974517,38.987494],[-94.950307,38.984809],[-94.928578,38.993476],[-94.891265,39.023139],[-94.865793,39.037177],[-94.781484,39.057644],[-94.719838,39.090644],[-94.696767,39.09516],[-94.668568,39.09162],[-94.646718,39.086371],[-94.628407,39.090196],[-94.600575,39.117865]]]}},{"type":"Feature","properties":{"name":"Republican","name_en":"Republican","scalerank":8,"min_zoom":7},"geometry":{"type":"MultiLineString","coordinates":[[[-100.795155,40.238593],[-100.760976,40.23432],[-100.678375,40.209744],[-100.609242,40.206407],[-100.323598,40.263536],[-100.124908,40.311876],[-99.962758,40.323106],[-99.847564,40.31627],[-99.797027,40.309272],[-99.708404,40.279975],[-99.621897,40.249823],[-99.5808,40.235541],[-99.544016,40.207058],[-99.489898,40.14411],[-99.449615,40.124457],[-99.262318,40.091132],[-99.167144,40.085476],[-98.786204,40.10574],[-98.65925,40.09866],[-98.615793,40.08629],[-98.593088,40.08336],[-98.318267,40.079779],[-98.270253,40.072577],[-98.179107,40.043158],[-98.131215,40.032294],[-97.965972,40.017401],[-97.912668,40.003526],[-97.881825,39.978542],[-97.858022,39.937283],[-97.803822,39.810899],[-97.791371,39.722724],[-97.776112,39.679389],[-97.748118,39.644599],[-97.73526,39.628363],[-97.720367,39.61404],[-97.703359,39.602118],[-97.67101,39.590888],[-97.639882,39.59044],[-97.608876,39.592882],[-97.544586,39.587836],[-97.490061,39.600938],[-97.459055,39.601752],[-97.432444,39.596015],[-97.354156,39.568427],[-97.269114,39.549994],[-97.235992,39.53087],[-97.216786,39.489081],[-97.212026,39.442206],[-97.20523,39.421739],[-97.188466,39.401679],[-97.172515,39.39114],[-97.119618,39.368354],[-97.103261,39.355496],[-97.060292,39.30329],[-96.992177,39.267686],[-96.961659,39.232489],[-96.918528,39.154853],[-96.893219,39.117865],[-96.855133,39.089626]]]}},{"type":"Feature","properties":{"name":"Santee","name_en":"Santee","scalerank":8,"min_zoom":7},"geometry":{"type":"MultiLineString","coordinates":[[[-79.338735,33.154975],[-79.365712,33.164984],[-79.389068,33.181098],[-79.411244,33.198188],[-79.43635,33.215277],[-79.447133,33.223456],[-79.456654,33.231879],[-79.46703,33.238308],[-79.480295,33.240302],[-79.493804,33.240098],[-79.507395,33.2414],[-79.520619,33.244412],[-79.533193,33.249335],[-79.544545,33.256863],[-79.554311,33.265163],[-79.564768,33.272325],[-79.57787,33.276475],[-79.595041,33.279893],[-79.611969,33.285102],[-79.645253,33.297065],[-79.70226,33.315131],[-79.729888,33.327094],[-79.753163,33.343858],[-79.760365,33.351996],[-79.767201,33.36046],[-79.774403,33.368598],[-79.782786,33.375596],[-79.794993,33.38227],[-79.820872,33.393093],[-79.833119,33.40001],[-79.849721,33.413601],[-79.879628,33.441921],[-79.89745,33.455146],[-79.942535,33.481635],[-79.982737,33.499091],[-80.02481,33.507514],[-80.075836,33.507025],[-80.091217,33.505235],[-80.106191,33.502224],[-80.120595,33.49726],[-80.134267,33.489936],[-80.142445,33.476426],[-80.14037,33.463324],[-80.143951,33.45539],[-80.165028,33.45661]]]}},{"type":"Feature","properties":{"name":"Salinas","name_en":"Salinas","scalerank":9,"min_zoom":7.1},"geometry":{"type":"MultiLineString","coordinates":[[[-120.888905,36.000027],[-120.91039,36.030097],[-120.929026,36.062323],[-120.963531,36.087917],[-120.999989,36.111111],[-121.029612,36.136786],[-121.052968,36.167833],[-121.08373,36.191107],[-121.122182,36.205512],[-121.155181,36.268581],[-121.176503,36.337673],[-121.242014,36.390204],[-121.320383,36.415229],[-121.349721,36.429267],[-121.376291,36.445624],[-121.396799,36.451036],[-121.416615,36.458319],[-121.436594,36.484971],[-121.473541,36.505479],[-121.507639,36.530463],[-121.544423,36.594428],[-121.580434,36.607733],[-121.618276,36.60696],[-121.654124,36.623562],[-121.686106,36.647162],[-121.739654,36.71544],[-121.760162,36.728339]]]}},{"type":"Feature","properties":{"name":null,"name_en":null,"scalerank":9,"min_zoom":7.1},"geometry":{"type":"MultiLineString","coordinates":[[[-120.127797,39.155544],[-120.165679,39.171739],[-120.188873,39.200019],[-120.184153,39.222846],[-120.181711,39.247016],[-120.18932,39.275946],[-120.186025,39.304307],[-120.148671,39.330024],[-120.102773,39.338894],[-120.099233,39.353339],[-120.088938,39.37226],[-120.070953,39.376085],[-120.055531,39.366645],[-120.018788,39.386176],[-120.016713,39.435167],[-119.98469,39.47016],[-119.969553,39.509833],[-119.963368,39.540961],[-119.916331,39.527615],[-119.864003,39.521674],[-119.811106,39.533311],[-119.758046,39.535753],[-119.705556,39.533311],[-119.661285,39.519232],[-119.618153,39.524482],[-119.573394,39.555487],[-119.527821,39.577745],[-119.483306,39.572211],[-119.465077,39.577216],[-119.450063,39.588935],[-119.350006,39.599962],[-119.303538,39.625067],[-119.270823,39.658881],[-119.267649,39.689724],[-119.297109,39.731757],[-119.321278,39.805243],[-119.3485,39.846747],[-119.374094,39.862657],[-119.400014,39.861111],[-119.419016,39.851915],[-119.433461,39.87287]]]}},{"type":"Feature","properties":{"name":"Soto la Marina","name_en":"Soto la Marina","scalerank":9,"min_zoom":7.1},"geometry":{"type":"MultiLineString","coordinates":[[[-98.769521,24.029486],[-98.754018,24.028998],[-98.734609,24.019355],[-98.724843,23.992987],[-98.715972,23.972195],[-98.691721,23.963446],[-98.673451,23.958767]]]}},{"type":"Feature","properties":{"name":"Soto la Marina","name_en":"Soto la Marina","scalerank":9,"min_zoom":7.1},"geometry":{"type":"MultiLineString","coordinates":[[[-98.672515,23.958523],[-98.651723,23.960232],[-98.639027,23.965359],[-98.615305,23.982693],[-98.601715,23.988308],[-98.600331,23.978949],[-98.603179,23.964138],[-98.602773,23.953192],[-98.582346,23.943183],[-98.56017,23.950792],[-98.538442,23.96247],[-98.519358,23.964708],[-98.513417,23.958319],[-98.507965,23.937527],[-98.500478,23.928738],[-98.48526,23.922187],[-98.480092,23.926296],[-98.478871,23.935858],[-98.475942,23.945665],[-98.473704,23.964464],[-98.467763,23.971625],[-98.439605,23.965928],[-98.436187,23.973822],[-98.435862,23.986274],[-98.432973,23.997748],[-98.421742,24.011827],[-98.403961,24.029161],[-98.384104,24.043402],[-98.366282,24.048163],[-98.356028,24.04328],[-98.343495,24.023993],[-98.334462,24.015692],[-98.325795,24.013739],[-98.307688,24.016628],[-98.298818,24.015489],[-98.294586,24.012274],[-98.290842,24.003363],[-98.260365,23.971991],[-98.245188,23.937038],[-98.228098,23.857611],[-98.223866,23.852729],[-98.209218,23.843614],[-98.206614,23.838568],[-98.211741,23.831977],[-98.230824,23.827175],[-98.236399,23.822699],[-98.235992,23.809109],[-98.211781,23.765082],[-98.199574,23.728298],[-98.18932,23.721218],[-98.171539,23.735663],[-98.170155,23.742784],[-98.17455,23.761298],[-98.172475,23.769843],[-98.16511,23.774278],[-98.158193,23.770453],[-98.151275,23.764024],[-98.144032,23.760932],[-98.115712,23.76081],[-98.095815,23.756049],[-98.055409,23.732245],[-98.03775,23.731391],[-98.024159,23.747097],[-98.011708,23.767686],[-97.997629,23.781806],[-97.981516,23.786566],[-97.95344,23.787543],[-97.907948,23.795762],[-97.822174,23.785956]]]}}]}